,CDK2,p38a,EGFR,ErbB2,MET,LCK,KDR,BRAF,p110a
CDK2,0.0,19.480656386198007,18.146634315220403,21.106349112675172,18.304287545534248,17.972924805354655,19.880466907012618,17.156338686753887,36.78007102947219
p38a,19.480656386198007,0.0,22.127616883562684,24.68170843658602,21.982654782895654,22.45669271712331,20.26254051064599,21.73142143717456,38.52974786964488
EGFR,18.146634315220403,22.12761688356271,0.0,16.391994226150114,17.498394567945827,16.467224894268252,17.28165001676286,19.515299484883034,36.04620732877459
ErbB2,21.106349112675172,24.68170843658602,16.391994226150114,0.0,22.563235671308735,23.88097026329463,23.850591780152264,21.382787595771614,41.277474125565234
MET,18.304287545534248,21.982654782895654,17.498394567945827,22.563235671308735,0.0,19.221161302580736,20.430532117581084,20.297483020671486,39.41427751663535
LCK,17.972924805354655,22.45669271712331,16.467224894268252,23.88097026329463,19.221161302580736,0.0,19.25489849284598,21.582681844181142,39.02201780223324
KDR,19.880466907012618,20.26254051064599,17.28165001676286,23.850591780152264,20.430532117581084,19.25489849284598,0.0,21.089164552869708,41.104454960305326
BRAF,17.156338686753887,21.73142143717456,19.515299484883034,21.382787595771614,20.297483020671486,21.582681844181142,21.089164552869708,0.0,37.61086252438263
p110a,36.78007102947219,38.52974786964488,36.04620732877459,41.277474125565234,39.41427751663535,39.02201780223324,41.104454960305326,37.61086252438264,0.0
