,BRAF,CDK2,EGFR,ErbB2,KDR,LCK,MET,p110a,p38a
BRAF,0.0,17.156338686753024,19.515299484882263,21.382787595771614,21.08916455286896,21.582681844181142,20.297483020671486,37.610862524382206,21.731421437175307
CDK2,17.156338686753024,0.0,18.146634315219995,21.106349112675524,19.880466907012227,17.972924805353813,18.304287545535967,36.78007102947283,19.48065638619762
EGFR,19.515299484882263,18.146634315219995,0.0,16.391994226150633,17.28165001676249,16.46722489426736,17.498394567945827,36.04620732877465,22.12761688356318
ErbB2,21.382787595771614,21.106349112675524,16.391994226150633,0.0,23.85059178015291,23.880970263294934,22.563235671308735,41.2774741255656,24.681708436586323
KDR,21.08916455286896,19.880466907012227,17.28165001676249,23.85059178015291,0.0,19.25489849284638,20.43053211758033,41.10445496030591,20.262540510645607
LCK,21.582681844181142,17.972924805353813,16.46722489426736,23.880970263294934,19.25489849284638,0.0,19.221161302580736,39.02201780223324,22.456692717123662
MET,20.297483020671486,18.304287545535967,17.498394567945827,22.563235671308735,20.43053211758033,19.221161302580736,0.0,39.41427751663595,21.982654782896358
p110a,37.61086252438221,36.78007102947283,36.04620732877465,41.2774741255656,41.10445496030591,39.02201780223324,39.41427751663595,0.0,38.52974786964488
p38a,21.731421437175307,19.48065638619762,22.12761688356316,24.681708436586323,20.262540510645607,22.456692717123662,21.982654782896358,38.52974786964488,0.0
