chembl_compound_id,chembl_activity_id,pIC50,smiles
CHEMBL2018762,10855819,5.3,CCOC(=O)Nc1cc(Nc2ncnc3cc(OC)c(OC)cc23)ccc1C
CHEMBL3360611,14974591,9.27,C#Cc1cccc(Nc2ncnc3cc(OCCOCCn4ccnc4[N+](=O)[O-])c(OC)cc23)c1
CHEMBL3758990,16457556,8.05,COC(=O)c1cccc(-c2cc3c(N[C@H](C)c4ccccc4)ncnc3s2)c1OC
CHEMBL6049268,27653339,7.26,C=CC(=O)Nc1cccc(Nc2nc(Nc3ccc(OC[C@@H]4C[C@@H](O)CN4)c(F)c3)ncc2F)c1
CHEMBL3133909,13975594,5.5,C=CC(=O)Nc1ccc2ncnc(Nc3ccc(CC)cc3)c2c1
CHEMBL1829274,6358494,4.67,O=C(Cc1cccc(Br)c1)NS(=O)(=O)c1ccc(Cl)cc1
CHEMBL1958033,8049006,5.09,O=C1CSC(N2N=C(c3ccc(Cl)cc3)CC2c2ccc(Cl)cc2)=N1
CHEMBL5966699,27619445,6.19,C=CC(=O)Nc1cccc(Nc2nc(Nc3cc4c(cc3OC)CN(C(C)=O)CC4)ncc2C(F)(F)F)c1
CHEMBL5270334,25105719,8.39,C=CC(=O)Nc1cc(Nc2ncc(Br)c(Nc3ccc4ccn(C)c4c3)n2)c(OC)cc1N1CCN(C)CC1
CHEMBL3234756,14571468,7.0,CCc1ccc(C(=O)Nc2ccc(CN3CCN(C)CC3)c(C(F)(F)F)c2)cc1NC(=O)c1cnc2[nH]ccc2c1
CHEMBL6011269,26961385,7.94,C=CC(=O)N1CC(Cn2nc(C(=O)Nc3nc4cc(Cl)ccc4o3)c3c(N)ncnc32)C1
CHEMBL5839283,28403717,8.0,N#Cc1cnc2c(Cl)cc(N[C@@H](C3=CCOCC3)C3=CN(C4COC4)NN3)cc2c1Nc1ccc(Cl)c(Cl)c1F
CHEMBL3671521,26587493,6.89,C=CC(=O)Nc1cc2c(Nc3ccc(Br)cc3F)ncnc2cc1OCCNC(=O)C(C)C
CHEMBL5280471,25059909,8.15,COc1cc2c(Nc3ccc(Oc4ccccc4)c(Br)c3)ncnc2cc1OCC1CCN(C)CC1
CHEMBL4216679,18450684,8.7,C=CC(=O)N[C@@H]1CN(c2nc(Nc3cn(C)nc3OC)c3ncn(C(C)C)c3n2)C[C@H]1F
CHEMBL5996490,28620740,6.8,COc1cc(N2CCC(N3CCNCC3)CC2)ccc1Nc1ncc(Cl)c(Nc2ccccc2NS(C)(=O)=O)n1
CHEMBL2018755,10855812,5.4,COC(=O)Nc1ccc(Nc2ncnc3cc(OC)c(OC)cc23)cc1C
CHEMBL5892389,28405223,8.22,Cn1ccc2c([C@H](Nc3cc(Cl)c4ncc(C#N)c(NCC(C)(C)C)c4c3)C3=CN(C4CCN(C(C)(C)C)CC4)NN3)cccc2c1=O
CHEMBL5575693,25947805,5.52,CCN(CC)c1nc2oc(C)c(C(=O)NNC(=O)c3cc4ccccc4oc3=O)c2c(=O)n1-c1ccccc1
CHEMBL3806066,16588601,6.96,COCCOc1cc2ncnc(Nc3cccc(OC)c3)c2c2c1OCCO2
CHEMBL3774712,16499792,6.23,Cc1ccc(Nc2ncnc3cc4c(cc23)N(CCCN2CCOCC2)C(=O)CO4)cc1
CHEMBL5895507,27653312,6.26,C=CC(=O)Nc1cccc(Nc2nc(Nc3ccc(Oc4cccnc4)cc3)ncc2F)c1
CHEMBL3622672,15743439,8.57,C#Cc1cccc(Nc2ncnc3cc(OC)c(NC(=O)/C=C/CN4CCCCC4)cc23)c1
CHEMBL3360617,14974597,9.31,COc1cc2c(Nc3cccc(Br)c3)ncnc2cc1OCCCn1ccnc1[N+](=O)[O-]
CHEMBL5992704,28404041,8.0,Cc1nc(Cl)ccc1[C@H](Nc1cc(Cl)c2ncc(C#N)c(Nc3ccc(F)c(Cl)c3)c2c1)C1=CN(C2COC2)NN1
CHEMBL6052762,26961298,7.36,CCN(C)C/C=C/C(=O)N1CC[C@@H](n2nc(C(=O)Nc3nc4cc(Cl)ccc4o3)c3c(N)ncnc32)C1
CHEMBL3416614,15229704,5.41,Brc1cc2c(NCc3ccncc3)ncnc2s1
CHEMBL6037257,28405007,7.26,Cc1scnc1[C@H](Nc1cc(C#N)c2ncc(C#N)c(NCC(C)(C)C)c2c1)C1=CN(C2(C(F)F)CC2)NN1
CHEMBL3759929,16457563,8.3,COc1ccc(CO)cc1-c1cc2c(N[C@H](C)c3ccccc3)ncnc2s1
CHEMBL5931729,28403903,8.3,Cc1ncccc1[C@H](Nc1cc(Cl)c2ncc(C#N)c(Nc3ccc(F)c(Cl)c3)c2c1)C1=CNNN1
CHEMBL6044637,28404461,8.52,Cn1cnc2cccc([C@H](Nc3cc(Cl)c4ncc(C#N)c(NCC(C)(C)C)c4c3)C3=CN(C4CC4)NN3)c21
CHEMBL3752139,16444043,7.02,C=CC(=O)Nc1cccc(-n2c(=O)cc(N(C)C)c3cnc(Nc4ccc(N5CCN(C)CC5)cc4OC)nc32)c1
CHEMBL3092297,13852022,6.16,O=C(Nc1cc2c(Nc3ccc(F)c(Cl)c3)ncnc2cc1O[C@H]1CCOC1)N1CCC(F)CC1
CHEMBL5747445,28403354,6.875,N#CCC[C@H](Nc1c(C#N)cnc2c(Cl)cc(NC(C3=CN(C4CC4)NN3)c3ccc(F)nc3)cc12)c1ccccc1
CHEMBL515082,2390137,8.1,CS(=O)(=O)CCNCc1nc(-c2ccc3ncnc(Nc4ccc(OCc5ccccc5)c(Cl)c4)c3c2)cs1
CHEMBL3883534,18450690,9.0,C=CC(=O)Nc1cc2c(Nc3ccc(F)c(Cl)c3)ncnc2cc1OC
CHEMBL1348499,8025237,4.68,COc1ccc(Nc2nc(Cl)nc(NCc3ccco3)n2)cc1
CHEMBL5087994,24413795,6.2,C=CC(=O)Nc1cc(Nc2nccc(Nc3ccn(C)n3)n2)c(OC)cc1N(C)CCN(C)CC(=C)C
CHEMBL599863,3126306,9.43,O=C(CNC(=O)Oc1ccccc1)Nc1ccc2ncnc(Nc3cccc(Br)c3)c2c1
CHEMBL3633928,15774394,7.0,NC(=O)Nc1ccc2ncnc(Nc3ccc(OCc4cccc(F)c4)c(Cl)c3)c2c1
CHEMBL398388,1951301,6.85,NC(=O)C1CCN(Cc2ccn3ncnc(Nc4ccc5c(cnn5Cc5cccc(F)c5)c4)c23)CC1
CHEMBL3403512,15175217,6.53,Cc1nc(N(C)c2ccc3c(c2)OCO3)c2cc(C)oc2n1
CHEMBL3893698,16809233,7.33,CCN1C(=O)CS/C1=N/Nc1nncc2ccccc12
CHEMBL5438475,25691175,7.47,C=CC(=O)Nc1cccc(-c2c(-c3ccccc3)oc3ncnc(N(C)C)c23)c1
CHEMBL6063800,27750476,7.7,C=CC(=O)Nc1cc(Nc2ncc(F)c(-c3cnc4c(cnn4C)c3)n2)c(OC)cc1N(C)CCN(C)C
CHEMBL3092322,13852041,7.57,O=C(NCCO)Nc1cc2c(Nc3ccc(F)c(Cl)c3)ncnc2cc1O[C@H]1CCOC1
CHEMBL2178350,16343890,8.15,CN1CCN(c2ccc(Nc3ncc4nc(Nc5ccccc5)n(C5CC5)c4n3)cc2)CC1
CHEMBL4463634,19293627,7.7,C=C(Cl)C(=O)Nc1cc(Nc2ncc(C#N)c(-c3cn(C)c4ccccc34)n2)c(OC)cc1N(C)CCN(C)C
CHEMBL4096207,18114695,5.16,C=CC(=O)Nc1cc(Nc2cc(-c3cccc(NC(=O)c4cc5c(s4)CCCC5)c3C)cn(C)c2=O)ccc1C(=O)N1CCOCC1
CHEMBL99024,132037,5.98,COc1cc2ncc(C#N)c(Nc3ccc(F)c(Cl)c3)c2cc1OCCCN1CCOCC1
CHEMBL97771,25059927,6.43,COc1cc2ncnc(Nc3ccc(Oc4ccccc4)cc3)c2cc1OC
CHEMBL5423938,25691178,7.64,C=CC(=O)Nc1cccc(-c2c(-c3ccccc3)oc3ncnc(NC4CCC4)c23)c1
CHEMBL2347971,12722991,7.36,OC[C@@H](Nc1ncnc2oc(-c3ccccc3)c(-c3ccoc3)c12)c1ccccc1
CHEMBL203936,1696699,6.65,COc1ccc2ncnc(Nc3ccc(F)c(Cl)c3)c2c1OC1CCN(C)CC1
CHEMBL4565984,19158988,8.52,C=CC(=O)Nc1cc(Nc2ncc(F)c(Nc3ccccc3S(=O)(=O)N(C)C)n2)c(OC)cc1N(C)CCN(C)C
CHEMBL4866162,23250032,6.96,COc1cc(N2CCN(C(C)=O)CC2)ccc1Nc1ncc(Cl)c(Nc2ccc(NCc3ccc(S(=O)(=O)F)cc3)cc2)n1
CHEMBL5559071,25866188,6.89,C=CC(=O)N1CC(n2cc(-c3ccncc3)c(-c3cccc(/C=C/c4ncc(C5CC5)o4)c3)n2)C1
CHEMBL1928946,7963944,6.97,CC(=O)Nc1cccc(Oc2cc(Nc3ccc(OCc4cccc(F)c4)c(Cl)c3)ncn2)c1
CHEMBL5436545,25533359,7.54,CCS(=O)(=O)n1cc(-c2ccnc(Nc3cc(NC(=O)C=C(C)C)c4c(cnn4CCN(C)C)c3)n2)c2ccccc21
CHEMBL4634127,20708024,6.25,CC1CCN(C/C=C/C(=O)N2CCOc3cc4ncnc(Nc5ccc(OCc6cccc(F)c6)c(Cl)c5)c4cc32)CC1
CHEMBL1198370,22896504,7.87,Brc1cccc(Nc2ncnc3cc4c(cc23)OCCO4)c1
CHEMBL5778061,28405448,7.89,Cn1c(=O)ccc2c([C@H](Nc3cc(Cl)c4ncc(C#N)c(NCC(C)(C)C)c4c3)C3=CN(C4(C(F)(F)F)CC4)NN3)cccc21
CHEMBL5820282,28403591,8.22,CC(C)(C)CNc1c(C#N)cnc2c(Cl)cc(N[C@H](C3=CN(C4COC4)NN3)c3cccnc3)cc12
CHEMBL3759199,16457547,9.05,COc1cccc(OC)c1-c1cc2c(N[C@H](CO)c3ccccc3)ncnc2s1
CHEMBL3676366,26587781,6.67,C=CC(=O)Nc1cc2c(Nc3ccc(Br)c(Cl)c3F)ncnc2cc1OCCNC(=O)COC
CHEMBL4785569,22835802,9.52,CCOc1ccccc1-c1cc2c(N[C@H](C)c3ccccc3)ncnc2[nH]1
CHEMBL5948070,28405310,8.3,CC(C)(C)CNc1c(C#N)cnc2c(Cl)cc(N[C@H](C3=CN(C4(C(F)F)CC4)NN3)c3cccc4c(=O)n(CC(F)F)ccc34)cc12
CHEMBL2032380,10883995,8.56,C=CC(=O)Nc1cccc(N2C(=O)N(C)Cc3cnc(Nc4ccc(N5CCCN(C)CC5)cc4OC)nc32)c1
CHEMBL5809706,28404524,8.7,Cc1nc(F)ccc1[C@H](Nc1cc(Cl)c2ncc(C#N)c(NCC(C)(C)C)c2c1)C1=CN(C2(C)CC2)NN1
CHEMBL4097770,18172253,6.42,CCC(=O)N1CC[C@H](N2C(=O)N(c3ccc(C)cc3)Cc3cnc(Nc4ccc(N5CCN(C)CC5)c(C)c4)nc32)C1
CHEMBL5406771,25535989,7.35,COCCOCCOCCOc1ccc(-c2cc3c(N(C)Cc4ccccc4)ncnc3[nH]2)cc1
CHEMBL384711,1766884,7.37,CS(=O)(=O)CCNCc1ccc(-c2ccc3ncnc(Nc4ccc(OCc5cccc(Br)c5)cc4)c3c2)o1
CHEMBL3235200,14568936,5.8,Cc1ccc2nc(Oc3ccccc3)c(/C=N/NC(=O)Cn3c([N+](=O)[O-])cnc3C)cc2c1
CHEMBL3752404,16435151,6.72,O=C(Nc1ccncc1)Nc1cc(-c2cccnc2)cc(C(F)(F)F)c1
CHEMBL2441567,20708027,6.9,CN(C)C/C=C/C(=O)N1CCOc2cc3ncnc(Nc4ccc(OCc5cccc(F)c5)c(Cl)c4)c3cc21
CHEMBL2316156,12615147,4.73,COc1ccc(/C=C2\CCC/C(=C\c3cc(OC)cc(OC)c3)C2=O)cc1
CHEMBL3237946,14574935,5.21,CCOC(=O)C1=C(N)N(c2cccnc2)C2=C(C(=O)CCC2)C1c1c(C)nn(-c2ccc(Cl)cc2)c1Cl
CHEMBL5799378,28883612,6.19,C=CC(=O)N1CC[C@H](Nc2cncc(-c3cnc(Nc4cccc(Cl)c4)nc3)n2)C1
CHEMBL3676368,26587787,7.55,C=CC(=O)Nc1cc2c(Nc3ccc(Br)c(Cl)c3F)ncnc2cc1OCCNC(=O)CCCN(C)C
CHEMBL3612593,15698273,7.28,CCOC(=O)CCCn1c(=O)oc2cc3ncnc(Nc4ccc(OCc5ccc(Cl)cc5)c(Cl)c4)c3cc21
CHEMBL3219132,14533870,7.51,C=CC(=O)Nc1cccc(N2C(=O)CN(c3ccccc3)C(=O)c3cnc(Nc4ccc(N5CCN(C)CC5)cc4OC)nc32)c1
CHEMBL4062509,18189812,7.52,C=CC(=O)N1CCC[C@@H](n2nc(-c3ccc(F)cc3)c3c(N)ncnc32)C1
CHEMBL598377,16894422,8.51,COc1cc2ncnc(Nc3ccc(F)c(Cl)c3)c2cc1OCCCCCCC(=O)NO
CHEMBL1880739,28697843,8.59,O=C1Nc2ccc(I)cc2C1=Cc1cc(Br)c(O)c(Br)c1
CHEMBL4285217,19408319,9.22,C=CC(=O)Nc1cccc(-n2c(=O)c(=O)n(CCC)c3cnc(Nc4ccc(N5CCN(C)CC5)cc4OC)nc32)c1
CHEMBL6026968,27652820,7.26,C=CC(=O)Nc1cccc(Nc2nc(Nc3ccc4c(c3)N(C(C)=O)CCO4)ncc2F)c1
CHEMBL5281446,25073529,5.62,CC(C)c1nn(C(C)C)c2cc(Nc3ccnc(-c4cnn(S(=O)(=O)C5CC5)c4)n3)ncc12
CHEMBL5902190,28404923,7.89,Cc1nc(F)ccc1[C@H](Nc1cc(C#N)c2ncc(C#N)c(N[C@@H](c3ccccc3)C3CC3)c2c1)C1=CN(C2(C(F)(F)F)CC2)NN1
CHEMBL2070192,10988323,5.99,Brc1cccc(Nc2ncnc3ccc(NCc4ccc5c(c4)OCCO5)cc23)c1
CHEMBL5630498,26142957,7.65,C=CC(=O)Nc1cc(Nc2nccc(-c3ncn4c(C)cccc34)n2)c(OC)cc1N(C)CCN(C)C
CHEMBL4473365,19158938,8.4,C=CC(=O)Nc1cc(Nc2ncc(Cl)c(Nc3ccccc3S(=O)(=O)C(C)C)n2)c(OC)cc1N(C)CCN(C)C
CHEMBL5933788,28404938,8.52,Cn1ccc2c([C@H](Nc3cc(Cl)c4ncc(C#N)c(NCC(C)(C)C)c4c3)C3=CN(C4(C(F)(F)F)CC4)NN3)cccc2c1=O
CHEMBL5406303,25533382,8.12,CCS(=O)(=O)n1cc(-c2ccnc(Nc3ccc4c(cnn4CCN(C)C)c3)n2)c2ccccc21
CHEMBL2426279,15073047,7.2,C=CC(=O)Nc1cc(Nc2nccc(-c3c[nH]c4ccccc34)n2)c(OC)cc1N1CCN(C)CC1
CHEMBL3425663,15257649,7.09,COc1cc(N2CCN(C)CC2)ccc1Nc1ncc(Cl)c(Oc2cccc(NC(=O)/C(C#N)=C/c3cnc[nH]3)c2)n1
CHEMBL3416593,15229683,6.2,COc1ccccc1-c1cc2c(N[C@@H](CO)c3ccccc3)ncnc2s1
CHEMBL2325108,12657576,6.68,NC(=S)N1N=C(c2ccc(Cl)c(Cl)c2)CC1c1cccc2ccccc12
CHEMBL4084214,18189811,5.47,CCC(=O)N1CCC[C@@H](n2nc(-c3cccc(F)c3)c3c(N)ncnc32)C1
CHEMBL5178971,24741580,9.55,CCN(C)C1CN(C2CCN(c3cc(OC)c(Nc4ncc(Br)c(Nc5ccc6c(c5P(C)(C)=O)OCCO6)n4)cc3C)CC2)C1
CHEMBL4519860,19287513,6.92,CC(C)=CC[C@@H](OC(=O)/C=C\C(=O)c1ccc(Br)cc1)C1=CC(=O)c2c(O)ccc(O)c2C1=O
CHEMBL182397,1453214,5.55,COc1cc2ncnc(Nc3cccc(NC(=O)c4ccccc4)c3F)c2cc1OC
CHEMBL208849,1721404,5.77,Cc1cccc(Nc2ncnc3ccc(NC(=O)N(C)CCCl)cc23)c1
CHEMBL5807627,28517198,5.8,C=CC(=O)N1CCCC(N(C)c2nc(Nc3ccc(N4CCOCC4)cc3)c3c(c2F)CNC3=O)C1
CHEMBL4563683,19122078,7.82,C=CC(=O)Nc1cc2c(Nc3ccc(F)c(Cl)c3)ncnc2cc1OCc1cn(Cc2ccc(C)cc2)nn1
CHEMBL5435033,25533395,7.85,CCS(=O)(=O)n1cc(-c2nc(Nc3ccc4c(ccn4CCN(C)C)c3)ncc2C(F)(F)F)c2ccccc21
CHEMBL3297894,14752130,7.52,Cc1nc(Nc2ccc(F)c(Cl)c2)c2cc(C)oc2n1
CHEMBL5939638,27069893,5.26,CCC(=O)N1CCC(c2ccc(Nc3nc(N4CCC[C@@H](NC(=O)N(C)C)C4)cnc3C(N)=O)cc2)CC1
CHEMBL325981,6261351,5.29,N#Cc1cnc2cc3c(cc2c1Nc1cccc(Br)c1)OCCCO3
CHEMBL4081698,18189808,5.33,CCC(=O)N1CCC[C@@H](n2nc(-c3ccccc3)c3c(N)ncnc32)C1
CHEMBL4877452,23203430,6.75,O=C1N=C(NN2Cc3ccccc3N=C2c2ccccc2)S/C1=C/c1ccc(O)cc1O
CHEMBL6042351,28517168,5.13,C=CC(=O)N1CCCC(Nc2nc(-c3cnc(C)s3)c3c(c2F)CNC3=O)C1
CHEMBL5425734,25691170,7.1,C=CC(=O)Nc1cccc(-c2c(-c3ccccc3)oc3ncnc(NCCOC)c23)c1
CHEMBL5907345,28722398,5.77,C=CC(=O)N1CCC(Oc2cc3c(Nc4ccc(C(F)(F)F)cc4)ncnc3cc2OC)C1
CHEMBL4087646,17956899,8.22,NP(=O)(OCCCCOc1ccc2ncnc(Nc3ccc(F)c(Cl)c3)c2c1)N(CCCl)CCCl
CHEMBL5768939,28403795,8.05,Cc1ncsc1[C@H](Nc1cc(Cl)c2ncc(C#N)c(Nc3ccc(Cl)c(Cl)c3F)c2c1)C1=CN(C2CCN(C(C)(C)C)CC2)NN1
CHEMBL3699607,16293868,8.26,C=CC(=O)Nc1cccc(Nc2nc(Nc3ccc(N4CCN(C(C)=O)CC4)cc3OC(F)(F)F)ncc2C(F)(F)F)c1
CHEMBL4079393,18060723,8.6,C=CC(=O)Nc1cccc(Nc2cc(-c3[nH]c(SCCNC(=O)CC)nc3-c3ccccc3)ccn2)c1
CHEMBL6017173,27652691,5.26,C/C=C/C(=O)OCc1ccc(Nc2nc(Nc3ccccc3)ncc2C)cc1
CHEMBL4743173,22844299,7.17,COc1cc2ncnc(Nc3ccc(F)c(Cl)c3)c2cc1NC(=O)c1cc([N+](=O)[O-])ccc1F
CHEMBL55994,1159508,5.51,N#C/C(=C\c1ccc(O)c(O)c1)C(=O)c1cccs1
CHEMBL1958213,8049017,5.7,Cc1ccc(C2=NN(C3=NC(=O)CS3)C(c3ccc(F)cc3)C2)cc1
CHEMBL604914,3126315,7.12,O=C(COc1ccccc1)Nc1ccc2ncnc(Nc3cccc(Br)c3)c2c1
CHEMBL5831739,26961340,7.59,Nc1ncnc2c1c(C(=O)Nc1nc3cc(Cl)ccc3o1)cn2[C@@H]1CCN(C(=O)/C=C/CN2CCCC2)C1
CHEMBL5403085,25599163,7.14,CC(C)Nc1cc(Nc2ccnc(-c3cnn(S(=O)(=O)C4CC4)c3)n2)ncc1C(=O)N1CC(C(C)(C)O)C1
CHEMBL5920414,27652856,7.26,C=CC(=O)Nc1cccc(Nc2nc(Nc3ccc(OCCOC)cc3)ncc2C(C)=O)c1
CHEMBL3263961,14652514,5.86,COc1cc2c(Oc3ccc(NS(=O)(=O)c4cccc(-c5cnn(C)c5)c4)cc3F)ccnc2cc1OCCCN1CCOCC1
CHEMBL2385990,13322642,6.35,Cc1ccc(NC(=O)/C=C/CN(C)C)cc1C(=O)Nc1ccc(OCc2cccc(F)c2)c(Cl)c1
CHEMBL3403518,15176435,6.99,Cc1nc(N(C)c2ccc(OC(C)C)cc2)c2cc(C)oc2n1
CHEMBL4226676,18581463,6.48,CN(C)C1CCN(c2ccc(Nc3ncc4nc(Sc5ccccc5)n(C5CCOCC5)c4n3)cc2)CC1
CHEMBL391321,1951307,7.35,OCCNCc1ccn2ncnc(Nc3ccc4c(cnn4Cc4cccc(F)c4)c3)c12
CHEMBL6000674,28403705,8.52,N#Cc1cnc2c(Cl)cc(N[C@H](C3=CN(C4CC4)NN3)c3cccnc3)cc2c1Nc1cnc(F)c(F)c1
CHEMBL6026116,28405685,8.7,COC1=C([C@@H](Nc2cc(C#N)c3ncc(C#N)c(NCC(C)(C)C)c3c2)c2ccc(F)nc2C)NNN1C12CC(C1)C2
CHEMBL321494,18060591,8.6,CSc1nc(-c2ccc(F)cc2)c(-c2ccnc(Nc3ccccc3)c2)[nH]1
CHEMBL5822224,27653168,7.26,C=CC(=O)Nc1cccc(Oc2nc(Nc3ccccc3)ncc2F)c1
CHEMBL5178754,24848253,8.4,CN1CCC(c2ccc(-c3ccc4cnn(C(C(=O)Nc5nccs5)c5ccccc5)c(=O)c4c3)cc2)CC1
CHEMBL508481,2390189,8.8,C=C(C)C(=O)Cc1cc2c(Nc3cccc(Br)c3)ncnc2cn1
CHEMBL3958624,16895231,9.15,C=CC(=O)N1CC[C@@H](Oc2cc3c(Nc4ccc(F)c(Cl)c4F)ncnc3cc2OC)C[C@@H]1C(N)=O
CHEMBL3740614,16404682,4.94,C=CC(=O)Nc1cccc(Nc2nc(N/N=C/c3ccc(F)cc3F)ncc2Cl)c1
CHEMBL5395951,25665209,7.75,CCS(=O)(=O)N1CCC(c2nc(-c3ccc(F)cc3)c(-c3ccnc(Nc4ccc(N5CCN(C)CC5)cc4)n3)s2)CC1
CHEMBL4074248,18117559,6.54,NCCn1c(-c2ccccc2)nc2cc(Cl)ccc2c1=O
CHEMBL5993587,28697780,8.11,CCN1CCN(CCNc2nccc(-c3c(-c4ccc(F)c(O)c4)nc4sccn34)n2)S1(=O)=O
CHEMBL55979,1145373,6.235,CC(NC(=O)/C(C#N)=C/c1ccc(O)c(O)c1)c1ccccc1
CHEMBL2031310,10888049,7.29,C=CC(=O)Nc1cc2c(Nc3ccc(OCc4ccccn4)c(Cl)c3)c(C#N)cnc2cc1OCC
CHEMBL3353404,15073144,6.22,C=CC(=O)Nc1cc(Nc2ncc(Cl)c(-c3cnn4ccccc34)n2)c(OC)cc1N(C)CCN(C)C
CHEMBL4437721,27540812,5.66,NC(=O)c1c(-c2ccc(Oc3ccc(Cl)cc3)cc2)nn([C@@H]2CCCN(C(=O)/C=C/CO)C2)c1N
CHEMBL6055537,28405964,7.82,COC1=C([C@@H](Nc2cc(Cl)c3ncc(C#N)c(NCC(C)(C)C)c3c2)c2ccc(OC)nc2C)NNN1C1(C(F)F)CC1
CHEMBL3911796,16811416,8.38,O=C(CCCCCCn1cc(-c2ccc3ncnc(Nc4ccc(OCc5cccc(F)c5)c(Cl)c4)c3c2)nn1)NO
CHEMBL3234736,14571448,6.26,Cc1ccc(C(=O)Nc2ccc(CN3CCN(C)CC3)c(C(F)(F)F)c2)cc1NC(=O)c1cccnc1
CHEMBL3234746,14571458,7.37,Cc1ccc(C(=O)Nc2ccc(CN3CCN(C)CC3)c(C(F)(F)F)c2)cc1NC(=O)c1cnc(NC(C)C)nc1
CHEMBL4791108,22968048,6.48,CCN1CCN(c2ccc(Nc3nc(Oc4ccc5ccc(=O)[nH]c5c4)c4sccc4n3)c(OC)c2)CC1
CHEMBL4865792,23250027,6.02,COc1cc(N2CCN(C(C)=O)CC2)ccc1Nc1ncc(Cl)c(Nc2cccc(NC(=O)CCl)c2)n1
CHEMBL4861493,23276949,5.95,COc1ccc(C(Nc2ccc(Cl)cc2)n2c(=O)ccc3cc(O)ccc32)cc1
CHEMBL6040910,28403819,8.4,CC(C)N1C=C([C@@H](Nc2cc(Cl)c3ncc(C#N)c(Nc4ccc(F)c(Cl)c4)c3c2)C2=CCOCC2)NN1
CHEMBL5740396,28405661,8.52,Cc1nc(F)ccc1[C@H](Nc1cc(C#N)c2ncc(C#N)c(NCC(C)(C)C)c2c1)C1=CN(C2(C(C)(C)C)CC2)NN1
CHEMBL194160,1601145,5.96,CCc1c(CC(N)=O)cn2ncnc(Nc3ccc4c(cnn4Cc4ccccc4)c3)c12
CHEMBL4083916,18172271,6.44,CCC(=O)N1CC[C@H](N2C(=O)N(c3cc(OC)ccc3F)Cc3cnc(Nc4ccc(N5CCN(C)CC5)c(C(C)C)c4)nc32)C1
CHEMBL5769479,27619499,4.6,C=CC(=O)Nc1cccc(Nc2nc(Nc3ccc(C4CCN(CCF)CC4)cc3OC)ncc2C(F)(F)F)c1
CHEMBL3909201,16895182,9.15,C=CC(=O)N1CC(Oc2cc3c(Nc4ccc(F)c(Cl)c4F)ncnc3cc2OC)C1
CHEMBL3944572,16668224,6.05,CCC(=O)Nc1cc2c(Nc3ccc(Oc4cccc(F)c4)cc3)ncnc2cc1OC
CHEMBL5872048,26749946,6.37,O=C1CCc2c(Oc3ccc4c(c3)[C@H]3[C@H](NC(=O)c5ccccc5F)[C@H]3O4)ccnc2N1
CHEMBL4778717,22965625,5.72,O=S(=O)(Nc1ccccn1)c1ccc(NC(=S)Nc2ccc3c(c2)OCO3)cc1
CHEMBL5746447,27071960,6.26,CN(C)C(=O)N[C@@H]1CCCCN(c2cnc(C(N)=O)c(Nc3ccc(C4CCN(C5CCCC5)CC4)cc3)n2)C1
CHEMBL3676344,26587715,7.75,C=CC(=O)Nc1cc2c(Nc3ccc(Br)c(F)c3F)ncnc2cc1OCCNC(=O)CN(C)C
CHEMBL1958032,8049005,4.85,O=C1CSC(N2N=C(c3ccc(Cl)cc3)CC2c2ccc(F)cc2)=N1
CHEMBL497459,2567868,8.1,CN(C)/N=C/c1c(N)ncnc1Nc1ccc2c(cnn2Cc2cccc(F)c2)c1
CHEMBL5822544,28517243,5.21,C=CC(=O)N1CCC[C@@H](N(C)c2nc(-c3cnn(C)c3)c3c(c2F)CNC3=O)C1
CHEMBL382041,1696692,6.17,COCCOc1cc(OC2CCOCC2)c2c(Nc3ccc(F)c(Cl)c3)ncnc2c1
CHEMBL5916687,28405385,8.22,Cn1ccc2c([C@H](Nc3cc(Cl)c4ncc(C#N)c(NCC(C)(C)CO)c4c3)C3=CN(C45CC(C4)C5)NN3)cccc2c1=O
CHEMBL3622654,15743457,8.05,COCCOc1cc2ncnc(Nc3ccc(F)c(Cl)c3)c2cc1NC(=O)/C=C/CN(C)C1CC1
CHEMBL377772,1715581,6.77,COc1cc2ncnc(Nc3cccc(Cl)c3F)c2cc1CN1CCC[C@H]1CC(N)=O
CHEMBL5567355,25979178,9.12,CC(C)NC/C=C/C(=O)Nc1ccc2ncnc3c2c1C=CN3c1ccc(OCc2ccccn2)c(Cl)c1
CHEMBL5849925,28405973,8.1,COC1=C([C@@H](Nc2cc(Cl)c3ncc(C#N)c(NCC(C)(C)C)c3c2)c2ccc(F)nc2C)NNN1C
CHEMBL2426377,13446037,6.54,COc1ccc(NC(=O)/C=C/CN(C)C)cc1Nc1ncc(C)c(-c2cnn3ccccc23)n1
CHEMBL4870560,23256352,7.19,O=C(NO)c1ccccc1Nc1nc(Nc2ccc(OCCCN3CCOCC3)cc2)ncc1Cl
CHEMBL5204446,24871215,5.95,COc1cc2ncnc3c2cc1OCCOCCOCCOc1ccccc1N3
CHEMBL5913601,28405406,8.52,Cn1ccc2c([C@H](Nc3cc(Cl)c4ncc(C#N)c(NCC(C)(C)C)c4c3)C3=CN(C4(CF)CC4)NN3)cccc2c1=O
CHEMBL3814182,16612258,6.18,S=C(NCCN1CCOCC1)Nc1ccc2ncnc(Nc3ccc(Cl)c(Cl)c3)c2c1
CHEMBL6008308,27071672,6.26,CS(=O)(=O)N[C@@H]1CCCN(c2cnc(C(N)=O)c(Nc3ccc(C4CCN(C5CCCC5)CC4)cc3)n2)C1
CHEMBL233325,1951292,7.58,O[C@H]1CNCCN(Cc2ccn3ncnc(Nc4ccc5c(cnn5Cc5cccc(F)c5)c4)c23)C1
CHEMBL603266,3126307,9.44,O=C(Cn1sccc1=O)Nc1ccc2ncnc(Nc3cccc(Br)c3)c2c1
CHEMBL6025324,27652721,6.26,C=CC(=O)Nc1cccc(Nc2nc(Nc3ccc(OC4CCC4)nc3)ncc2F)c1
CHEMBL207869,1710019,7.11,Fc1cccc(COc2ccc(Nc3ncncc3C#Cc3ncccn3)cc2Cl)c1
CHEMBL1271562,3521905,5.24,CC[C@@H](Nc1ncnc2sc3c(c12)CCN(C(=O)/C=C/CN(C)C)C3)c1ccccc1
CHEMBL5406587,25665180,8.68,CN(C)CCn1ccc2cc(Nc3nccc(-c4sc(N)nc4-c4ccc(F)cc4)n3)ccc21
CHEMBL6013771,28405691,8.7,CC(C)(C)CNc1c(C#N)cnc2c(C#N)cc(N[C@H](C3=CN(C4(C(F)F)CC4)NN3)c3cccc4c(=O)n(CC(F)F)ccc34)cc12
CHEMBL5921575,27738029,5.26,COc1ccccc1C(=O)NCc1ccc(-c2nn([C@H]3C=C[C@H](NC(C)=O)C3)c3ncnc(N)c23)cc1
CHEMBL2425089,13452940,7.28,COc1cc2ncnc(Nc3ccc(F)c(Cl)c3)c2cc1OCCN1CC2(CSC2)C1
CHEMBL5763336,28404725,8.7,Cc1nc(F)ccc1[C@H](Nc1cc(Cl)c2ncc(C#N)c(NCC(C)(C)C)c2c1)C1=CN(C2(C3CC3)CC2)NN1
CHEMBL3355885,14983529,7.29,COc1cc2ncnc(Nc3ccc(OCc4cccc(F)c4)c(Cl)c3)c2cc1OCCCCCn1ccnc1[N+](=O)[O-]
CHEMBL6058935,28405532,8.0,CC(C)(C)CNc1c(C#N)cnc2c(C#N)cc(N[C@H](C3=CN(C4(C(F)(F)F)CC4)NN3)c3cccc4c(C#N)nccc34)cc12
CHEMBL472746,2390227,8.44,C=CC(=O)NC1=CC=C2N=CN=C(Nc3ccc(OCc4ccccc4)cc3)C21
CHEMBL6049695,28403828,8.7,Cc1ncccc1[C@H](Nc1cc(Cl)c2ncc(C#N)c(Nc3cccc(Cl)c3F)c2c1)c1cn(C2CCN(C(C)(C)C)CC2)nn1
CHEMBL5817477,26750489,8.15,CCN1CCN(Cc2ccc(C(=O)N[C@@H]3[C@H]4Oc5ccc(Oc6ccnc(C(=O)NC)c6)cc5[C@@H]34)cc2C(F)(F)F)CC1
CHEMBL3263969,14652539,5.72,COc1cc2c(Oc3ccc(NS(=O)(=O)c4cccc(-c5ccco5)c4)cc3F)ccnc2cc1OCCCN1CCN(C)CC1
CHEMBL5812935,28405781,8.52,Cc1ccc2c([C@H](Nc3cc(C#N)c4ncc(C#N)c(NCC(C)(C)C)c4c3)C3=CN(C45CC(C4)C5)NN3)cccc2n1
CHEMBL391521,1951306,6.96,CN(CCO)Cc1ccn2ncnc(Nc3ccc4c(cnn4Cc4cccc(F)c4)c3)c12
CHEMBL2047248,10944961,4.62,Nc1nc2c(c(Nc3cccc(Br)c3)n1)-c1ccccc1C2
CHEMBL3949347,16668437,8.52,CN(C)C/C=C/C(=O)Nc1cc2c(Nc3ccc4c(cnn4Cc4ccccc4)c3)ncnc2cn1
CHEMBL3799138,16581397,8.02,C=CC(=O)Nc1cccc(Oc2nc(Nc3ccc(N4CCN(C(=O)C(C)(C)C)CC4)cc3OC)ncc2SC)c1
CHEMBL5267161,25105742,6.9,CN1CCN(c2ccc(Nc3nc(Nc4ccc5[nH]ccc5c4)c4cn[nH]c4n3)cc2)CC1
CHEMBL5566473,25979180,8.9,O=C(/C=C/CNC1CCC1)Nc1ccc2ncnc3c2c1C=CN3c1ccc(OCc2ccccn2)c(Cl)c1
CHEMBL5272088,25084782,6.13,C=CC(=O)N1CC[C@H](n2nc(-c3cnc4ccccc4c3)c3c(N)ncnc32)C1
CHEMBL3671518,26587484,7.5,C=CC(=O)Nc1cc2c(Nc3ccc(Br)cc3F)ncnc2cc1OCCNC(=O)CO
CHEMBL78049,2202774,5.05,C/C(=C\c1ccc(O)c(O)c1)[N+](=O)[O-]
CHEMBL5995996,27653117,5.26,C#CCOc1cccc(Nc2ncc(F)c(Nc3cccc(C(=O)C=C(C)C)c3)n2)c1
CHEMBL436511,1603492,6.16,CN1CCC(Oc2cccc3ncnc(Nc4ccc(OCc5cnccn5)c(Cl)c4)c23)CC1
CHEMBL5968968,28722362,6.52,C=CC(=O)N1CC(Oc2cc3c(Nc4ccc(OC(F)(F)F)c(Cl)c4)ncnc3cc2OC)C1
CHEMBL6045970,27737804,7.26,COc1ccccc1C(=O)NCc1ccc(-c2nn([C@H]3C=C[C@H](OC(C)=O)C3)c3ncnc(N)c23)cc1
CHEMBL489307,2390245,8.06,O=C(CCCN1Cc2cc3c(Nc4cccc(Br)c4)ncnc3cc21)N1CCOCC1
CHEMBL5966530,28403162,7.92,CC(C)(C)CNc1c(C#N)cnc2c(Br)cc(N[C@H](C3=CN(C4CC4)NN3)c3cccc4c3CCN4)cc12
CHEMBL6013487,27652625,7.26,C=CC(=O)Nc1cccc(Nc2ncc(C)c(Nc3cccc(C)c3)n2)c1
CHEMBL31373,894164,8.51,C=CC(=O)Nc1ccc2ncnc(Nc3ccc(F)c(Cl)c3)c2c1
CHEMBL3676341,26587706,8.3,C=CC(=O)Nc1cc2c(Nc3cc(Cl)c(Cl)cc3F)ncnc2cc1OCCNC(C)=O
CHEMBL3676363,26587772,7.72,C=CC(=O)Nc1cc2c(Nc3ccc(Br)c(Cl)c3F)ncnc2cc1OCCNC(=O)CN(C)C
CHEMBL3234740,14571452,5.41,Cc1ccc(C(=O)Nc2ccc(CN3CCN(C)CC3)c(C(F)(F)F)c2)cc1NC(=O)c1cnccn1
CHEMBL3960911,16668219,6.29,CCC(=O)Nc1cc2c(Nc3ccc4c(c3)CCN4Cc3ccccn3)ncnc2cc1OC
CHEMBL5897021,28403822,8.7,Cc1ncccc1[C@H](Nc1cc(Cl)c2ncc(C#N)c(Nc3cccc(Cl)c3F)c2c1)C1=CN(C(C)C)NN1
CHEMBL3234742,14571454,7.37,Cc1ccc(C(=O)Nc2ccc(CN3CCN(C)CC3)c(C(F)(F)F)c2)cc1NC(=O)c1cnc(N)nc1
CHEMBL4228473,18577494,7.77,C=CC(=O)Nc1cccc(NC(=O)Nc2ccnc(Nc3ccc(N4CCN(C)CC4)cc3OC)n2)c1
CHEMBL473944,2390169,8.52,C=CC(=O)Nc1cc2c(Cc3cccc(Br)c3)ncnc2cc1OCCCn1ccnc1
CHEMBL5799073,27070661,5.26,CN(C)C(=O)N[C@@H]1CCCN(c2cnc(C(N)=O)c(Nc3cnn(C4CCN(C(=O)C5CC5)CC4)c3)n2)C1
CHEMBL5180325,24902228,7.6,Nc1ccc2ncnc(Nc3cccc4cc[nH]c34)c2c1
CHEMBL5431658,25691196,7.21,C=CC(=O)Nc1cc(-c2c(-c3ccccc3)oc3ncnc(NC4CCCC4)c23)ccc1N1CCN(C)CC1
CHEMBL461797,2390206,9.36,CN(C)CCCNC(=O)/C=C/C(=O)Cc1ccc2ncnc(Nc3cccc(Br)c3)c2c1
CHEMBL4206312,18450558,7.54,C=CC(=O)N1CC[C@@H](Nc2nc(Nc3ccc(N4CCN(C)CC4)cc3)c3ncn(C(C)C)c3n2)C1
CHEMBL4102822,18172240,7.6,Cc1cc(Nc2ncc3c(n2)N([C@H]2CCN(C(=O)C4CCCCC4)C2)C(=O)N(c2ccccc2Cl)C3)ccc1N1CCN(C)CC1
CHEMBL5625037,26142955,8.73,C=CC(=O)Nc1cc(Nc2nccc(-c3nc(C)c4ccccn34)n2)c(OC)cc1N(C)CCN(C)C
CHEMBL3965075,16752236,6.33,CCOCc1ccc2c(c1)nc(NC(=O)c1cccc(C(F)(F)F)c1)n2[C@H]1CC[C@H](O)CC1
CHEMBL4450934,19132091,6.85,CCC(=O)N1CCC[C@@H](n2c(=O)c(-c3ccc(F)cc3Cl)c(C)c3cnc(Nc4ccc(N5CCN(C)CC5)c(C)c4)nc32)C1
CHEMBL217092,19218784,7.18,CN1CCN(CCOc2cc(OC3CCOCC3)c3c(Nc4c(Cl)ccc5c4OCO5)ncnc3c2)CC1
CHEMBL5807574,26961358,7.49,Nc1ncnc2c1c(C(=O)Nc1nc3cc(-c4ccccc4)ccc3o1)cn2[C@@H]1CCN(C(=O)/C=C/CN2CCCC2)C1
CHEMBL3655349,26576603,9.0,O=C(/C=C/CNC12CC3CC(CC(C3)C1)C2)N1CCc2c(sc3ncnc(Nc4ccc(Cl)c(Cl)c4)c23)C1
CHEMBL1828878,6358484,4.8,O=C(Cc1ccc(Br)cc1)NS(=O)(=O)c1ccc(Cl)cc1
CHEMBL1828868,6358473,5.23,O=C(Cc1ccc(F)cc1)NS(=O)(=O)c1ccc(Cl)cc1
CHEMBL5933810,28405793,8.3,Cc1ncsc1[C@H](Nc1cc(C#N)c2ncc(C#N)c(NCC(C)(C)C)c2c1)C1=CN(C2(C(F)(F)F)CC2)NN1
CHEMBL5879544,27737528,6.26,COc1ccc(F)cc1C(=O)NCc1ccc(-c2nn(C3CCCC3)c3ncnc(N)c23)cc1
CHEMBL438440,1710021,7.13,Fc1cccc(COc2ccc(Nc3ncncc3C#Cc3cccnc3)cc2Cl)c1
CHEMBL5828924,28404572,8.22,Cn1ncc2c([C@H](Nc3cc(Cl)c4ncc(C#N)c(NCC(C)(C)C)c4c3)C3=CN(C4(C(F)F)CC4)NN3)cccc21
CHEMBL4530987,19168490,7.85,CCOc1cc2ncnc(Nc3ccc(F)c(Cl)c3)c2cc1OC(=O)CCc1cccnc1
CHEMBL157084,284919,7.46,CS(=O)(=O)CCNc1nc(-c2ccc3ncnc(Nc4ccc(F)c(Cl)c4)c3c2)cs1
CHEMBL6022989,28404023,7.82,N#Cc1cnc2c(Cl)cc(N[C@H](C3=CN(C4CCN(C5COC5)CC4)NN3)c3cccnc3)cc2c1Nc1ccc(F)c(Cl)c1
CHEMBL489501,2390249,8.32,O=C(Cc1c[nH]c2cc3ncnc(Nc4cccc(Br)c4)c3cc12)N1CCOCC1
CHEMBL311959,19218791,4.57,COc1cc2nccc(Nc3cc(OC)c(OC)c(OC)c3)c2cc1OC
CHEMBL3357639,15112247,9.59,O=C(Nc1cc2c(Nc3ccc(F)c(Cl)c3)ncnc2cc1O[C@H]1CCOC1)/C(F)=C/CN1CCOCC1
CHEMBL4215496,18456064,6.41,COc1cc(N2CCN(C)CC2)ccc1Nc1ncc(Cl)c(Oc2ccccc2NC(=O)COCc2ccccc2)n1
CHEMBL3805461,16588599,8.09,C#Cc1cccc(Nc2ncnc3cc(OCCOC)c4c(c23)OCCO4)c1
CHEMBL3957025,16847206,7.77,COc1cc2c(Nc3ccc(NC(=O)Nc4ccc(Cl)cc4)c(Cl)c3)ncnc2cc1OCCCN1CCOCC1
CHEMBL5790497,27738074,5.26,COc1ccc(C)cc1C(=O)NCc1ccc(-c2nn(C3CCCC3)c3ncnc(N)c23)cc1F
CHEMBL472942,2390305,4.87,COc1cc2nccc(Nc3ccc(F)c(Cl)c3)c2cc1NC(=O)/C=C/CN1CCOCC1
CHEMBL5269747,25105722,8.49,C=CC(=O)Nc1cc(Nc2ncc(Br)c(Nc3ccc4c(c3)CCC4)n2)c(OC)cc1N1CCN(C)CC1
CHEMBL208286,1715565,7.7,COc1cc2ncnc(Nc3cccc(Cl)c3F)c2cc1CN(C)[C@@H](CO)C(N)=O
CHEMBL3087202,13826571,6.28,C=CC(=O)N1CC[C@H](N2C(=O)N(C)Cc3cnc(Nc4ccc(N5CCN(C)CC5)cc4OC)nc32)C1
CHEMBL5291403,25084779,9.4,C=CC(=O)N1CC[C@@H](n2cc(-c3cnc4ccccc4c3)c3c(N)ncnc32)C1
CHEMBL1094784,3299697,4.48,FC(F)(F)c1cccc(Nc2ncnc3[nH]c(Cc4ccc(Cl)cc4Cl)cc23)c1
CHEMBL4079506,18172267,5.89,CCC(=O)N1CC[C@H](N2C(=O)N(c3cc(OC)ccc3F)Cc3cnc(Nc4ccc(N5CCN(C)CC5)c(F)c4)nc32)C1
CHEMBL4101774,18048477,7.66,O=S(=O)(Nc1nccs1)c1ccc(NC(=S)Nc2ccc3ncnc(Nc4cccc(Br)c4)c3c2)cc1
CHEMBL3968417,16668433,9.0,CN(C)C/C=C/C(=O)Nc1cc2c(Nc3ccc(F)c(Cl)c3)ncnc2cn1
CHEMBL3133910,13975593,4.12,C=CC(=O)Nc1ccc2ncnc(Nc3ccc(S(N)(=O)=O)cc3)c2c1
CHEMBL5555620,25864536,7.0,COc1cc2ncnc(Nc3ccc(F)c(Cl)c3)c2cc1OCCCCCNCc1ccc(-c2cccc(-c3ccccc3)c2C)nc1OC
CHEMBL5829626,28722326,5.96,C=CC(=O)N1CCC(Oc2cc3c(Nc4ccc(Cl)cc4Cl)ncnc3cc2OC)C1
CHEMBL4068695,18172269,5.47,CCC(=O)N1CC[C@H](N2C(=O)N(c3cc(OC)ccc3F)Cc3cnc(Nc4ccc(N5CCN(C)CC5)c(C(F)(F)F)c4)nc32)C1
CHEMBL3798501,16581392,9.15,C=CC(=O)Nc1cccc(Oc2nc(Nc3ccc(N4CCN(C(C)=O)CC4)cc3OC)ncc2SC)c1
CHEMBL3927914,16809231,7.28,COc1ccc(NC(=S)NNc2nncc3ccccc23)cc1
CHEMBL6012814,28405757,8.7,C[C@@H](CF)N1C=C([C@@H](Nc2cc(C#N)c3ncc(C#N)c(NCC(C)(C)C)c3c2)c2cccc3ncccc23)NN1
CHEMBL4082783,18189822,7.22,C=CC(=O)N1CCC[C@@H](n2nc(C#CC3CCCC3)c3c(N)ncnc32)C1
CHEMBL325760,6261317,5.13,COc1cc2ncc(C#N)c(Nc3cccc(C(C)=O)c3)c2cc1OC
CHEMBL5631574,26154075,7.87,COCCOc1cc2ncnc(Nc3cc(Br)cc(OS(C)(=O)=O)c3)c2cc1OCCOC
CHEMBL3425655,15257621,6.27,COc1cc(N2CCN(C)CC2)ccc1Nc1ncc(Cl)c(Oc2cccc(NC(=O)/C(C#N)=C/c3ccc(F)cc3)c2)n1
CHEMBL4065984,18172266,6.22,CCC(=O)N1CC[C@H](N2C(=O)N(c3cc(OC)ccc3F)Cc3cnc(Nc4ccc(N5CCN(C)CC5)c(OC)c4)nc32)C1
CHEMBL5199678,24741551,10.0,CCc1cc(Nc2ncc(Br)c(Nc3ccc4ncnn4c3P(C)(C)=O)n2)c(OC)cc1N1CCC(N2CC(COC)C2)CC1
CHEMBL3604915,15685141,5.72,CCC(=O)Nc1cccc(-c2nc(Nc3cc[nH]n3)c3ccccc3n2)c1
CHEMBL5093402,24413792,7.88,C=CCCN(C)CCN(C)c1cc(OC)c(Nc2nccc(Nc3cn(C)c4ccccc34)n2)cc1NC(=O)C=C
CHEMBL4286733,18787527,6.95,O=C(Nc1ccc(-c2cc3c(Nc4ccc(Oc5cccc(C(F)(F)F)c5)c(Cl)c4)ncnc3s2)cc1)NC1CC1
CHEMBL3747277,16416936,5.13,CC(=O)N1N=C(c2ccc(Cl)cc2)CC1c1ccc(C(=O)OCCn2c([N+](=O)[O-])cnc2C)cc1
CHEMBL3759280,16457574,8.3,COc1cc(C=O)ccc1-c1cc2c(Nc3ccc(F)c(Cl)c3)ncnc2s1
CHEMBL4752843,22892157,6.6,Cn1c(-c2csc(N/N=C\c3ccc(F)cc3)n2)nc2ccccc21
CHEMBL5885846,26749523,8.54,CCN1CCN(Cc2cc(F)cc(C(=O)N[C@@H]3[C@H]4Oc5ccc(Oc6ccnc7c6CCC(=O)N7)cc5[C@@H]34)c2)CC1
CHEMBL3133907,13974934,5.7,C=CC(=O)Nc1ccc2ncnc(Nc3ccccc3CC)c2c1
CHEMBL3237941,14574930,4.49,Cc1nn(-c2ccccc2)c(Cl)c1C1C(C#N)=C(N)N(c2cccnc2)C2=C1C(=O)CC(C)(C)C2
CHEMBL3092313,13852031,7.62,CN(C)CCCNC(=O)Nc1cc2c(Nc3ccc(F)c(Cl)c3)ncnc2cc1O[C@H]1CCOC1
CHEMBL122260,1047042,5.01,CNC(=O)c1cc(NCc2cc(O)ccc2O)ccc1O
CHEMBL4087489,17967062,4.06,C1=CC2=C(Cc3nnc(Cc4nc5ccccc5[nH]4)o3)CNC2C=C1
CHEMBL3233764,14586660,6.27,O=C(CN1CCC(CCO)CC1)Nc1cc2c(Nc3ccc(F)c(Cl)c3)ncnc2s1
CHEMBL3740257,16404684,5.64,C=CC(=O)Nc1cccc(Nc2nc(N/N=C(\C)c3ccc(F)cc3F)ncc2Cl)c1
CHEMBL4783948,22892151,6.82,Cc1ccc(/C=N\Nc2nc(-c3nc4ccccc4n3C)cs2)cc1
CHEMBL6026921,28405880,7.62,CC(C)(C)CNc1c(C#N)cnc2c(Cl)cc(N[C@H](C3=CN(C4(C(F)(F)F)CC4)NN3)c3ccc4nccn4c3)cc12
CHEMBL5927471,28517174,5.99,C=CC(=O)N1CCCC(Nc2nc3c(c(Nc4cnn(C)c4)n2)C(=O)NC3)C1
CHEMBL6014541,27750536,7.68,C=CC(=O)Nc1cc(Nc2ncc(Cl)c(-c3cnn(C)c3C)n2)c(OC)cc1N(C)CCN(C)C
CHEMBL5571083,25955000,5.07,CCC(=O)Nc1cc2c(Oc3ccc(NC(=O)CCCc4ccc(C)cc4)cc3F)ncnc2cc1OC
CHEMBL6007403,27738101,5.26,COc1cccc2ccnc(C(=O)NCc3ccc(-c4nn(C5CCCC5)c5ncnc(N)c45)cc3)c12
CHEMBL5865390,27737912,6.26,COc1ccccc1C(=O)NCc1ccc(-c2nn([C@H]3C=C[C@@H](O)C3)c3ncnc(N)c23)cc1
CHEMBL6046464,27652865,6.26,C=CC(=O)Nc1cccc(N(C)c2nc(Nc3ccc4c(c3)N(C)CCO4)ncc2F)c1
CHEMBL3699616,16348924,6.19,C=CC(=O)Nc1cccc(Oc2nc(Nc3ccc(N4CCN(C(=O)CC(C)(C)C)CC4)cc3OC)ncc2C(F)(F)F)c1
CHEMBL3604205,22814207,7.31,COc1ccc2c(c1)CCCN2c1ncnc2ccccc12
CHEMBL3734934,16390283,5.6,CC(C)n1c(CO)nc2cnc(Nc3ccnc(N4CC[C@H](O)[C@H](F)C4)n3)cc21
CHEMBL3297816,14752178,6.95,Cc1nc(Nc2ccccc2)c2cc(C)oc2n1
CHEMBL1090361,3240752,7.24,CN1CCc2cc(Nc3nccc(-c4c(-c5cccc(NC(=O)Cc6ccccc6)c5)nc5sccn45)n3)ccc2C1
CHEMBL4446953,19310296,7.1,CCOC(=O)/C=C/C(=O)Nc1cccc(-c2c(-c3ccccc3)oc3ncnc(N[C@H](CO)c4ccccc4)c23)c1
CHEMBL210893,1721396,6.53,CN(C(=O)N(CCCl)N=O)c1ccc2ncnc(Nc3cccc(Br)c3)c2c1
CHEMBL5274187,25066905,7.21,C=CC(=O)N1CCC(C2CCNc3c(C(N)=O)c(-c4ccc(Oc5ccccc5)c(O)c4)nn32)CC1
CHEMBL2047245,10944966,4.37,CC(C)c1ccc(Nc2nc(N)nc3c2-c2ccccc2C3)cc1
CHEMBL5967931,28405859,8.22,COc1nccc2c([C@H](Nc3cc(Cl)c4ncc(C#N)c(NCC(C)(C)C(F)(F)F)c4c3)C3=CN(C45CC(C4)C5)NN3)cccc12
CHEMBL4878626,23299086,7.9,C=CC(=O)N1CCCC[C@H]1c1nc(-c2ccc(C(=O)Nc3cc(-c4ccc(Cl)cc4)ccn3)cc2)c(C(N)=O)n1N
CHEMBL3425657,15257643,5.92,COc1cc(N2CCN(C)CC2)ccc1Nc1ncc(Cl)c(Oc2cccc(NC(=O)/C(C#N)=C/c3ccc([N+](=O)[O-])cc3)c2)n1
CHEMBL5997770,28883456,6.14,C=CC(=O)N1CC(Nc2cncc(-c3cnc(Oc4cccc(C(F)(F)F)c4)nc3)c2)C1
CHEMBL5979689,28517096,5.82,C=CC(=O)N1CCCC(Nc2nc(Nc3ccc(N4CCOCC4=O)cc3)c3c(c2F)CNC3=O)C1
CHEMBL5072451,24413811,8.4,C#CCN(C)CCN(C)c1cc(OC)c(Nc2nccc(Nc3cn(C)c4ccccc34)n2)cc1NC(=O)C=C
CHEMBL3977022,16756449,6.99,C=CC(=O)Nc1cccc(Nc2nc(Nc3ccc(OCCn4cncn4)cc3)ncc2Cl)c1
CHEMBL3040548,26589134,7.28,C[S+]([O-])CCNCc1ccc(-c2ccc3ncnc(Nc4ccc(OCc5cccc(F)c5)c(Cl)c4)c3c2)o1
CHEMBL5872217,28403888,7.52,Cn1cnc([C@H](Nc2cc(Cl)c3ncc(C#N)c(Nc4ccc(F)c(Cl)c4)c3c2)C2=CN(C3CCN(C(C)(C)C)CC3)NN2)c1
CHEMBL5404033,25536092,6.9,Cc1cccc(CN(C)c2ncnc3[nH]c(-c4cccc(C(=O)O)c4)cc23)c1
CHEMBL5741973,28403132,8.15,CC(C)(C)N1CCC(N2C=C([C@@H](Nc3cc(Cl)c4ncc(C#N)c(Nc5ccc(F)c(Cl)c5)c4c3)c3cccc4c3CN(C3COC3)C4)NN2)CC1
CHEMBL454383,2390163,9.15,C=CC(=O)Nc1ccc2ncnc(Cc3cccc(Br)c3)c2c1
CHEMBL2316149,12615154,5.12,COc1cc(/C=C2\CCC/C(=C\C3CCCCC3)C2=O)cc(OC)c1
CHEMBL2425736,13453582,8.77,Brc1cccc(Nc2ncnc3ccc(NCCCN4CCCCC4)cc23)c1
CHEMBL128027,901498,5.05,CCOc1cc2nc(C)nc(Nc3cccc(-c4csc(C)n4)c3)c2cc1OCC
CHEMBL5819312,28722002,6.52,C=CC(=O)N1CCC(Oc2cc3c(Nc4ccc(Cl)c(-c5cnco5)c4)ncnc3cc2OC)CC1
CHEMBL3425662,15257648,6.48,COc1cc(N2CCN(C)CC2)ccc1Nc1ncc(Cl)c(Oc2cccc(NC(=O)/C(C#N)=C/c3ccco3)c2)n1
CHEMBL3805299,16588571,7.13,COCCOc1cc2ncnc(Nc3ccc(C)c([N+](=O)[O-])c3)c2c2c1OCCO2
CHEMBL205966,1710029,7.52,Nc1ccc(C#Cc2cncnc2Nc2ccc(OCc3cccc(F)c3)c(Cl)c2)cc1
CHEMBL4090601,18189824,9.0,C=CC(=O)N1CCC[C@@H](n2nc(-c3ccc4ccccc4c3)c3c(N)ncnc32)C1
CHEMBL4753389,24833321,8.07,C=CC(=O)Nc1cccc(-c2c(-c3ccc(N4CCN(C)CC4)cc3)[nH]c3ncnc(OCC(C)C)c23)c1
CHEMBL3699610,16312189,7.7,C=CC(=O)Nc1cccc(Oc2nc(Nc3ccc(N4CCOCC4)cc3OC(F)F)ncc2Cl)c1
CHEMBL3699581,16260061,8.26,C=CC(=O)Nc1cccc(Oc2nc(Nc3ccc(N4CCOCC4)cc3OC)ncc2C(F)(F)F)c1
CHEMBL1828875,6358481,4.75,O=C(Cc1ccc(Br)cc1)NS(=O)(=O)c1ccccc1
CHEMBL3934461,16739501,7.66,COc1ccc(-c2cc3c(NC(CC(N)=O)c4ccccc4)ncnc3o2)cc1
CHEMBL5990498,27738020,5.26,COc1ccccc1C(=O)NCc1ccc(-c2nn([C@H]3C=C[C@H](N)C3)c3ncnc(N)c23)cc1
CHEMBL5827453,28404137,8.15,N#CCN1C=C([C@@H](Nc2cc(Cl)c3ncc(C#N)c(Nc4ccc(F)c(Cl)c4)c3c2)c2cscn2)NN1
CHEMBL5189183,24823379,6.44,COc1cc(N(C)CCN(C)C)c(NC(=O)c2ccncn2)cc1Nc1nc(-c2cn(C)c3ccccc23)c2cccnc2n1
CHEMBL425738,1601110,6.92,CCOC(=O)c1cc2c(Nc3ccc4c(cnn4Cc4ccccc4)c3)ncnn2c1
CHEMBL109575,6261336,5.38,COc1cc2ncc(C#N)c(Nc3ccccc3Br)c2cc1OC
CHEMBL6022949,28405148,7.52,Cc1ccc([C@H](Nc2cc(Cl)c3ncc(C#N)c(NCC(C)(C)C)c3c2)C2=CN(C3(C(F)(F)F)CC3)NN2)c(F)n1
CHEMBL5833201,28404365,8.7,Cc1nc2cccc([C@H](Nc3cc(C#N)c4ncc(C#N)c(NCC(C)(C)C)c4c3)C3=CN(C4CC4)NN3)c2s1
CHEMBL5815828,28404590,8.22,Cc1nc(F)ccc1[C@H](Nc1cc(Cl)c2ncc(C#N)c(NCC3(C)CCC3)c2c1)C1=CN(C2(C(F)F)CC2)NN1
CHEMBL5754623,28404662,8.3,Cn1ncc2cccc([C@H](Nc3cc(C#N)c4ncc(C#N)c(NCC(C)(C)C)c4c3)C3=CN(C4(C(F)(F)F)CC4)NN3)c21
CHEMBL4740646,22892153,6.68,COc1ccc(/C=N\Nc2nc(-c3nc4ccccc4n3C)cs2)cc1OC
CHEMBL3800597,16581396,8.24,C=CC(=O)Nc1cccc(Oc2nc(Nc3ccc(N4CCN(C(=O)CC)CC4)cc3OC)ncc2SC)c1
CHEMBL3933539,16739519,8.28,COc1ccc(-c2cc3c(N[C@H](C)c4ccccc4)ncnc3o2)cc1
CHEMBL5942595,28403966,8.05,Cc1nc(Cl)ccc1[C@H](Nc1cc(Cl)c2ncc(C#N)c(Nc3ccc(F)c(Cl)c3)c2c1)C1=CN(C(C)C)NN1
CHEMBL3980622,16668227,6.69,CCC(=O)Nc1cc2c(Nc3ccc(Cc4ccccn4)cc3)ncnc2cc1OC
CHEMBL3088224,13833377,5.21,Cc1ccc(C(=O)N/N=C(/Cn2c([N+](=O)[O-])cnc2C)c2ccc(Br)cc2)cc1
CHEMBL6030968,28722560,5.96,C=CC(=O)N1CCC(Oc2cc3c(Nc4ccc(Cl)c(CO)c4)ncnc3cc2OC)C1
CHEMBL4091010,18052745,6.84,CC(C)C[C@@H](NC(=O)OC(C)(C)C)C(=O)Nc1ccc2ncnc(Nc3cccc(Br)c3)c2c1
CHEMBL3357647,15112239,7.89,CCOc1cc2ncnc(Nc3ccc(Oc4ccc(C)nc4)c(Cl)c3)c2cc1NC(=O)/C(F)=C/CN1CCCCC1
CHEMBL5950707,28404404,8.15,CC[C@@H](Nc1c(C#N)cnc2c(Cl)cc(N[C@H](C3=CN(C4(C(F)(F)F)CC4)NN3)c3ccc(F)nc3C)cc12)c1ccccc1
CHEMBL1944920,8025244,5.05,Cn1cc(NC(=O)/C=N/O)c(=O)n1-c1ccccc1
CHEMBL4439974,19168497,7.47,CCOc1cc2ncnc(Nc3ccc(F)c(Cl)c3)c2cc1NC(=O)COC(C)=O
CHEMBL5747811,28405523,8.7,CC(C)(C)CNc1c(C#N)cnc2c(C#N)cc(N[C@H](C3=CN(C45CC(C4)C5)NN3)c3ccc(F)c4ncccc34)cc12
CHEMBL5903857,28404521,8.3,Cc1nc(F)ccc1[C@H](Nc1cc(Cl)c2ncc(C#N)c(NCC(C)(C)C)c2c1)C1=CN(C2(C#N)CCC2)NN1
CHEMBL1828872,6358477,5.02,O=C(Cc1ccc(Cl)cc1)NS(=O)(=O)c1ccc(F)cc1
CHEMBL6032445,27737849,6.26,COc1ccccc1C(=O)NCc1ccc(-c2nn(C3CC=CC3)c3ncnc(N)c23)cc1
CHEMBL2064394,10967430,5.77,O=c1oc2cc3ncnc(Nc4ccc(OCc5ccccn5)cc4)c3cc2n1CCCN1CCOCC1
CHEMBL3676359,26587760,7.4,C=CC(=O)Nc1cc2c(Nc3cc(Cl)c(Cl)cc3F)ncnc2cc1OCCNC(=O)CS(C)(=O)=O
CHEMBL6019832,28405628,7.8,Cc1nc(F)ccc1[C@H](Nc1cc(C#N)c2ncc(C#N)c(NCC34CC(C3)C4)c2c1)C1=CN(C2(C(F)F)CC2)NN1
CHEMBL5291353,25018388,7.82,C=CC(=O)Nc1cc(Nc2ncc(-c3cnn(C)c3)c(-c3cn4c5c(cccc35)CCC4)n2)c(OC)cc1N(C)CCN(C)C
CHEMBL3655344,26576588,8.85,CC(C)N(C)C/C=C/C(=O)N1Cc2sc3ncnc(Nc4ccc(Cl)c(Cl)c4)c3c2C1
CHEMBL53796,1075322,7.5,CN(C)c1ccc2ncnc(Nc3cccc(Br)c3)c2n1
CHEMBL5619530,26122265,7.29,C=CC(=O)Nc1cc(Nc2ncc(F)c(-c3ccc4cc(C(=O)NC)n(C(C)C)c4c3)n2)ccc1N1CCN(C(C)C)CC1
CHEMBL5823169,27750434,7.72,C=CC(=O)Nc1cc(Nc2nccc(-c3cnc4c(ccn4C)c3)n2)c(OC)cc1N1CC(N(C)C)C1
CHEMBL5172587,24824818,7.89,CC(C)c1ncc(N2C[C@H](O)[C@H]2C)c2cnc(Nc3ccnc(N4CC[C@@H](O)[C@@](C)(F)C4)n3)cc12
CHEMBL4786701,22782719,6.81,C=CC(=O)Nc1cc(Nc2cc(-n3c(SC)nnc3-c3ccc(F)cc3)ccn2)c(OC)cc1N1CCCN(C)CC1
CHEMBL5199169,24823392,7.52,COc1cc(N(C)CCN(C)C)c(NC(=O)c2ncccn2)cc1Nc1nccc(-c2cn(C)c3ccccc23)n1
CHEMBL3676391,26575873,6.61,C=CC(=O)Nc1cc2c(Nc3ccc(Br)cc3F)ncnc2cc1OCCOCCOC(=O)CC(=O)OCC
CHEMBL207445,1715563,8.0,COCC[C@@H](C(N)=O)N(C)Cc1cc2c(Nc3cccc(Cl)c3F)ncnc2cc1OC
CHEMBL4090323,17967293,4.0,Fc1ccc(-c2nnc(Cc3nc4ccccc4[nH]3)o2)cc1
CHEMBL5837411,28883498,5.86,C=CC(=O)N1CC[C@H](Nc2cncc(-c3cnc(Nc4cccc(Cl)c4)nc3)c2)C1
CHEMBL3759127,16461819,6.89,COc1cc2c(Nc3ccc(NC(=O)c4ccccc4)cc3)ncnc2cc1OCCCN1CCN(C)CC1
CHEMBL3425671,18456070,5.49,COc1cc(N2CCN(C)CC2)ccc1Nc1ncc(Cl)c(Oc2cccc(NC(C)=O)c2)n1
CHEMBL3622676,15743435,8.25,C#Cc1cccc(Nc2ncnc3cc(O[C@H]4CCOC4)c(NC(=O)/C=C/CNC4CC4)cc23)c1
CHEMBL5933314,28404794,6.74,Cn1cc2cccc([C@H](Nc3cc(Cl)c4ncc(C#N)c(NCC(C)(C)C)c4c3)C3=CN(C4(C(F)(F)F)CC4)NN3)c2n1
CHEMBL5208907,24902237,9.13,Nc1ccc2ncnc(Nc3ccc4[nH]cc(Br)c4c3)c2c1
CHEMBL3754301,16435165,6.78,Cn1cnc(-c2cc(NC(=O)Nc3ccncc3)cc(C(F)(F)F)c2)c1
CHEMBL6062602,28404179,8.22,CCN1CCC(N2C=C([C@@H](Nc3cc(Cl)c4ncc(C#N)c(Nc5ccc(F)c(Cl)c5)c4c3)c3ccc(Cl)nc3)NN2)CC1
CHEMBL4165894,18427556,8.52,COc1cc2ncnc(N3CCc4ccccc43)c2cc1NC(=O)/C=C/CN1CCCC1
CHEMBL5888007,28620701,6.22,COc1cc(C2CCN(C3CCN(C)CC3)CC2)ccc1Nc1ncc(Cl)c(Nc2ccccc2NS(C)(=O)=O)n1
CHEMBL474147,2390224,9.38,C=CC(=O)NC1=CC=C2N=CN=C(Nc3cccc(C)c3)C21
CHEMBL3763627,16478377,8.7,COc1cc2ncnc(Nc3ccc(C(=O)NC45CC6CC(CC(C6)C4)C5)cc3)c2cc1OCCCN1CCOCC1
CHEMBL5944555,28404149,8.52,CC(C)(C)N1CCC(N2C=C([C@@H](Nc3cc(Cl)c4ncc(C#N)c(Nc5ccc(F)c(Cl)c5)c4c3)c3cccnc3)NN2)CC1
CHEMBL5774421,28403990,8.0,N#Cc1cnc2c(Cl)cc(N[C@H](C3=CN(C4COC4)NN3)c3csc(N4CCOCC4)n3)cc2c1Nc1ccc(F)c(Cl)c1
CHEMBL207235,1715585,8.0,COc1cc2ncnc(Nc3cccc(Cl)c3F)c2cc1CN1C[C@H](OC)C[C@@H]1C(N)=O
CHEMBL5270000,25018385,7.82,C=CC(=O)Nc1cc(Nc2ncc(-c3nnco3)c(-c3cn4c5c(cccc35)CCC4)n2)c(OC)cc1N(C)CCN(C)C
CHEMBL5436057,25691181,6.52,CN(C)C/C=C/C(=O)Nc1cccc(-c2c(-c3ccccc3)oc3ncnc(NCCO)c23)c1
CHEMBL3758800,16457548,8.7,C[C@@H](Nc1ncnc2sc(-c3ccc(C(=O)NCCN(C)C)cc3)cc12)c1ccccc1
CHEMBL5908548,26768710,7.85,O=C(/C=C/CN1C[C@@H]2OCCO[C@@H]2C1)Nc1ccc2ncnc(Nc3ccc4c(cnn4Cc4cccc(F)c4)c3)c2c1
CHEMBL5435225,25533423,7.62,CCS(=O)(=O)n1cc(-c2nc(Nc3ccc4c(ccn4CCN(C)C)c3)ncc2Cl)c2ccccc21
CHEMBL5915854,26749790,8.77,NC1(c2cc(C(=O)N[C@@H]3[C@H]4Oc5ccc(Oc6ccnc7c6CCC(=O)N7)cc5[C@@H]34)cc(C(F)(F)F)c2)CC1
CHEMBL5792678,28722722,6.37,C=CC(=O)N1CC(Oc2ccc3ncnc(Nc4ccc(Br)c(Cl)c4)c3n2)C1
CHEMBL3425667,15257653,5.92,COc1cc(N2CCN(C)CC2)ccc1Nc1ncc(Cl)c(Oc2cccc(NC(=O)/C(C#N)=C/C3CCCC3)c2)n1
CHEMBL4072688,18172284,6.52,CCC(=O)N1CC[C@H](N2C(=O)N(c3cc(OC)ccc3F)Cc3cnc(Nc4ccc(N5CCN(C6COC6)CC5)c(C)c4)nc32)C1
CHEMBL5631782,26154067,6.91,COCCOc1cc2ncnc(Nc3ccc(C)c(C=O)c3)c2cc1OCCOC
CHEMBL3671568,26587637,7.390000000000001,C=CC(=O)Nc1cc2c(Nc3ccc(Br)cc3F)ncnc2cc1OCCNC(=O)C1CCCN1C
CHEMBL215171,1766872,7.58,CS(=O)(=O)CCOCc1ccc(-c2ccc3ncnc(Nc4ccc(OCc5cccc(F)c5)c(Cl)c4)c3c2)o1
CHEMBL3798128,16581399,8.55,C=CC(=O)Nc1cccc(Oc2nc(Nc3ccc(N4CCN(C(C)=O)CC4)cc3OC(F)F)ncc2SC)c1
CHEMBL3919447,16895179,7.92,C=CC(=O)N1CC[C@H](Oc2cc3c(N[C@H](C)c4ccccc4)ncnc3cc2OC)C1
CHEMBL3946232,16668209,8.15,O=C(Nc1cc2c(Nc3ccc(F)c(Cl)c3)ncnc2cc1OCCCN1CCOCC1)C1=CCCC1
CHEMBL5780557,28403282,7.6899999999999995,CC(C)(C)N1CCC(N2C=C([C@@H](Nc3cc(Cl)c4ncc(C#N)c(Nc5ccc(F)c(Cl)c5)c4c3)c3ccc4sccc4c3)NN2)CC1
CHEMBL6060196,28404263,7.75,N#Cc1cnc2c(Cl)cc(N[C@H](C3=CN(C4CCNCC4)NN3)c3sccc3Cl)cc2c1Nc1ccc(F)c(Cl)c1
CHEMBL2325107,12657577,5.69,Cc1ccc(C2=NN(C(N)=S)C(c3cccc4ccccc34)C2)cc1
CHEMBL4447982,19146019,6.98,C=CC(=O)Nc1cc(Nc2nccc(-c3cn(C)c4ccccc34)n2)c(OC)cc1N(C)CC[S+](C)[O-]
CHEMBL123045,1053097,5.27,O=[N+]([O-])c1cc(NCc2cc(O)ccc2O)ccc1O
CHEMBL56132,2202712,6.0,N#C/C(=C\c1ccc(O)c(O)c1)C(=O)c1ccccc1
CHEMBL4077228,18243198,6.55,CCC(=O)Nc1cccc(-c2c[nH]c3nccc(-c4[nH]c(CCCO)nc4-c4ccc(F)cc4)c23)c1
CHEMBL2064396,10967432,4.1,CC(C)(C)c1ccc(Nc2ncnc3cc4oc(=O)n(CCCN5CCOCC5)c4cc23)cc1
CHEMBL5923332,27502265,7.3,COc1cc2ncnc(Nc3ccc(OCc4cccc(F)c4)c(Cl)c3)c2cc1NC(=O)C(CSC(N)=O)CSC(N)=O
CHEMBL5177023,24749184,8.7,Cc1c(C#Cc2ccc(CN3CCC(CO)CC3)cc2)cc(C(F)F)c2cn(C(C(=O)Nc3nccs3)c3ncn4c3CCC43CC3)nc12
CHEMBL4071494,18243178,5.89,Oc1ccc(-c2nc(-c3ccco3)c(-c3ccnc4[nH]c(-c5ccccc5)cc34)[nH]2)cc1
CHEMBL5081299,24349086,8.25,COc1cc(N2CCOCC2)c(-c2cn[nH]c2)cc1Nc1ncc(Cl)c(Nc2ccccc2P(C)(C)=O)n1
CHEMBL5773114,26749829,9.21,C[C@H]1CN(Cc2ccc(C(=O)N[C@@H]3[C@H]4Oc5ccc(Oc6ccnc7c6CCC(=O)N7)cc5[C@@H]34)cc2C(F)(F)F)CCN1
CHEMBL2325095,12657561,6.62,c1ccc(C2=NN(c3ccccc3)C(c3ccc4ccccc4c3)C2)cc1
CHEMBL5779271,28405979,7.96,COC1=C(C(Nc2cc(Cl)c3ncc(C#N)c(NCC(C)(C)C)c3c2)c2ccc(F)nc2C)NNN1C
CHEMBL5949488,28403909,7.92,Cc1ncccc1[C@H](Nc1cc(Cl)c2ncc(C#N)c(Nc3ccc(F)c(Cl)c3)c2c1)C1=CN(COC(=O)C(C)(C)C)NN1
CHEMBL6012141,27738110,5.26,Nc1ncnc2c1c(-c1ccc(CNC(=O)c3nccc4ccccc34)cc1)nn2C1CCCC1
CHEMBL6028878,28403201,7.8,N#Cc1cnc2c(Cl)cc(N[C@H](C3=CNNN3)c3cccc4c3CNC4)cc2c1Nc1ccc(Cl)c(Cl)c1F
CHEMBL5870511,28403396,8.309999999999999,Cc1ncsc1C(Nc1cc(Cl)c2ncc(C#N)c(NCC(C)(C)C)c2c1)C1=CN(C2CC2)NN1
CHEMBL5862356,27737768,6.26,COc1ccccc1C(=O)NCc1ccc(-c2nn([C@H]3CC[C@H](C(=O)N(C)C)CC3)c3ncnc(N)c23)cc1
CHEMBL5827666,28403276,8.35,CC(C)(C)N1CCC(N2C=C([C@@H](Nc3cc(Cl)c4ncc(C#N)c(Nc5ccc(F)c(Cl)c5)c4c3)c3ccc4scnc4c3)NN2)CC1
CHEMBL187431,1462481,4.53,Cc1ccc(Nc2ncnn3c(C)ccc23)cc1O
CHEMBL202425,1681977,7.82,CCN(CC)CC#CC(=O)Nc1cc2c(Nc3ccc(F)c(Cl)c3)ncnc2cn1
CHEMBL5753875,28405070,8.22,Cc1nc(F)ccc1[C@H](Nc1cc(Cl)c2ncc(C#N)c(NCC(C)(C)C)c2c1)C1=C(Cl)N(C2CC2)NN1
CHEMBL3671501,26587433,7.64,C=CC(=O)Nc1cc2c(Nc3ccc(Br)cc3F)ncnc2cc1OCCNC(=O)C(F)(F)F
CHEMBL5569311,25979161,8.28,Cc1cccc(-c2c(NC(=O)/C=C/CN(C)C)ccc3ncnc(Nc4ccc(OCc5cccc(F)c5)c(Cl)c4)c23)c1
CHEMBL5085816,24413791,7.19,C=CC(=O)Nc1cc(Nc2nccc(Nc3cn(C)c4ccccc34)n2)c(OC)cc1N(C)CCN(C)CC(=C)C
CHEMBL6044251,28404035,8.1,Cc1nc(Cl)ccc1[C@H](Nc1cc(Cl)c2ncc(C#N)c(Nc3ccc(F)c(Cl)c3)c2c1)C1=CN(C2CCN(C(C)(C)C)CC2)NN1
CHEMBL5836257,28883564,5.39,C=CC(=O)N1CC(Nc2cncc(-c3cnc(Oc4cccc(C(F)(F)F)c4)nc3)n2)C1
CHEMBL4209588,18535069,6.3,Cc1c(C(=O)NC(CO)Cc2ccccc2)[nH]c2ccc(Cl)cc12
CHEMBL4293126,18722891,9.1,C=C=CC(=O)Nc1cc(Nc2nccc(-c3cn(C)c4ccccc34)n2)c(OCC)cc1N(C)CCN(C)C
CHEMBL5187250,24749168,8.15,O=C(Nc1nccs1)C(c1ncn2c1CCC2)N1Cc2ccc(C#Cc3ccc(CN4CCC(O)CC4)cc3)cc2C1=O
CHEMBL3741324,16404693,5.62,C/C(=N\Nc1ncc(Cl)c(Nc2cccc(NC(=O)/C=C/CN(C)C)c2)n1)c1ccccn1
CHEMBL5978804,28403954,7.43,Cc1cc(Cl)ncc1[C@H](Nc1cc(Cl)c2ncc(C#N)c(Nc3ccc(F)c(Cl)c3)c2c1)C1=CN(C2CCN(C(C)(C)C)CC2)NN1
CHEMBL3623291,15745760,8.16,COc1cc2ncnc(Nc3cccc(Cl)c3F)c2cc1OC(=O)N1CCN(C)C[C@@H]1C
CHEMBL5759524,28405301,7.35,Cc1nc(F)ccc1[C@H](Nc1cc(Cl)c2ncc(C#N)c(NCC34CC(C3)C4)c2c1)C1=CN(C2(C(F)(F)F)CC2)NN1
CHEMBL2347962,12722981,6.31,CN(C)CCCCCC(=O)Nc1cccc(-c2c(-c3ccccc3)oc3ncnc(N[C@H](CO)c4ccccc4)c23)c1
CHEMBL2064392,10967428,5.11,Cc1c(OCC(F)(F)F)ccnc1COc1ccc(Nc2ncnc3cc4oc(=O)n(CCCN5CCOCC5)c4cc23)cc1
CHEMBL4216265,18456094,5.25,COc1cc(N2CCN(C)CC2)ccc1Nc1ncc(Cl)c(Oc2ccccc2NC(C)=O)n1
CHEMBL5186969,24902217,6.6,Nc1ccc2ncnc(Nc3ccc4c(c3)CCC4)c2c1
CHEMBL5289003,25084780,6.96,C=CC(=O)N1CC[C@H](n2cc(-c3cnc4ccccc4c3)c3c(N)ncnc32)C1
CHEMBL3355882,14983526,9.3,C#Cc1cccc(Nc2ncnc3cc(OC)c(OCCCCCCn4ccnc4[N+](=O)[O-])cc23)c1
CHEMBL5179357,24741577,9.37,CCOC1CN(C2CCN(c3cc(OC)c(Nc4ncc(Br)c(Nc5ccc6nccnc6c5P(C)(C)=O)n4)cc3C)CC2)C1
CHEMBL225720,1881009,7.43,CN(C)CCN/N=N/c1ccc2ncnc(Nc3cccc(Cl)c3)c2c1
CHEMBL5560711,25866183,6.54,C=CC(=O)N1CC(n2cc(-c3ccncc3)c(-c3cccc(NC(=O)c4cn(C5CC5)cn4)c3)n2)C1
CHEMBL5567954,25865969,7.04,C#CC(=O)NCCn1cc(-c2ncnc3cc(OC)c(OC)cc23)c(-c2cccc(OC)c2)n1
CHEMBL3416619,15229699,5.86,Brc1cc2c(NCc3cccs3)ncnc2s1
CHEMBL5612077,26111500,4.78,CC(C)(C)c1ccc(/C=N/NC(=O)Cc2csc3nc(-c4ccc(C#N)cc4)cn23)cc1
CHEMBL3622624,15743489,7.0,C=CC(=O)Nc1cc2c(Nc3ccc(OCc4ccccn4)cc3)ncnc2cc1O[C@H]1CCOC1
CHEMBL200976,1677863,5.55,COC(=O)c1c(OCCN2CCCCC2)c2ccccc2c2oc3c(c12)C(=O)c1ccccc1C3=O
CHEMBL6023885,26941012,7.89,C=CC(=O)Nc1cc(Nc2ncc3ccc(-c4cccnc4)n3n2)c(OC)cc1N(C)CCN(C)C
CHEMBL2437470,13483445,5.14,C=CC(=O)Nc1ccc(-n2c(=O)c(C)nc3cnc(Nc4ccc(OC)cc4)nc32)cc1
CHEMBL3085376,2047166,8.52,CCN(CC)[C@@](C)(C#Cc1ncnc2cc(OC)c(OC)cc12)Cc1ccccc1
CHEMBL2385979,13322652,5.82,CCOc1cc(N)c(C(=O)Nc2ccc(OCc3cccc(F)c3)c(Cl)c2)cc1NC(=O)/C=C/CN(C)C
CHEMBL3623279,15745747,8.82,COc1cc2ncnc(Nc3cccc(Cl)c3F)c2cc1N1CCOCC1
CHEMBL201865,1677867,4.51,COC(=O)c1c(OCCN(C)C)c2ccccc2c2oc3c(c12)C(=O)c1ccccc1C3=O
CHEMBL5396183,25482726,6.36,Cn1cc(-c2ccnc(Nc3cccc(OCCOCCn4ccnc4[N+](=O)[O-])c3)n2)c2ccccc21
CHEMBL3425656,15257622,6.08,COc1cc(N2CCN(C)CC2)ccc1Nc1ncc(Cl)c(Oc2cccc(NC(=O)/C(C#N)=C/c3ccc(SC)cc3)c2)n1
CHEMBL5878820,28404254,6.82,CC(C)(C)OC(=O)N1CCC(N2C=C([C@@H](Nc3cc(Cl)c4ncc(C#N)c(Nc5ccc(F)c(Cl)c5)c4c3)c3cncs3)NN2)CC1
CHEMBL4525935,18923695,7.14,Cn1cc(-c2cc(C(=O)/N=c3\[nH]c4ccccc4n3CC(C)(C)O)ccn2)cn1
CHEMBL3758946,16457558,7.32,OCc1ccc(-c2cc3c(NCc4ccccc4)ncnc3s2)cc1
CHEMBL3353398,15073079,4.24,C=CC(=O)Nc1cc(Nc2ncc(Cl)c(-c3cnn4ccccc34)n2)c(OC)cc1N1CCN(C(=O)[C@H]2CCCCN2)CC1
CHEMBL3775285,16499803,6.61,O=C1COc2cc3ncnc(Nc4cccc(F)c4)c3cc2N1CCCN1CCOCC1
CHEMBL208292,1715586,8.0,COc1cc2ncnc(Nc3cccc(Cl)c3F)c2cc1CN1CCC[C@@H]1C(N)=O
CHEMBL2048790,10949885,6.29,O=C1NCc2cc(Oc3ccc(Nc4ncnc5ccn(CCO)c45)cc3Cl)ccc21
CHEMBL4464589,19293670,8.12,CCC/C=C\C(=O)Nc1cc(Nc2nccc(-c3cn(C)c4ccc(F)cc34)n2)c(OC)cc1N(C)CCN(C)C
CHEMBL4470236,19114542,5.51,COc1cc2c(Oc3ccc(NS(=O)(=O)c4ccccc4OC(F)(F)F)cc3F)ccnc2cc1OCCCN1CCN(C)CC1
CHEMBL5921108,28404608,8.4,CC(C)(C)CNc1c(C#N)cnc2c(Cl)cc(N[C@H](C3=CN(C4(C(F)F)CC4)NN3)c3cccc4ncccc34)cc12
CHEMBL77401,2202726,5.7,COC(=O)c1ccc(S(=O)(=O)Oc2ccc(/C=C/[N+](=O)[O-])cc2)cc1
CHEMBL56319,1174092,5.82,CCOC(=O)C(Cc1ccccc1)NC(=O)/C(C#N)=C/c1ccc(O)c(O)c1
CHEMBL5875583,27071282,6.26,CN1CCN([C@@H]2CCCN(c3cnc(C(N)=O)c(Nc4ccc(C5(C)CCN(C(=O)C6CC6)CC5)cc4)n3)C2)C1=O
CHEMBL4073062,17998437,6.36,C=CC(=O)N1CC[C@@H](n2c(=O)cc(C)c3cnc(Nc4ccc(N5CCN(C)CC5)cc4OC)nc32)C1
CHEMBL5593611,25955079,5.29,C=CC(=O)Nc1cc2c(Oc3ccc(NC(=O)c4c(-c5c(Cl)cccc5Cl)noc4C)cc3F)cccc2cc1OC
CHEMBL4454929,19146022,7.42,C=CC(=O)Nc1cc(Nc2nccc(-c3cn(C)c4ccccc34)n2)c(OC)cc1N1CCS(=O)(=O)CC1
CHEMBL3233795,14586694,8.7,O=C(/C=C/CN1CCC2(CC1)OCCO2)Nc1cc2c(Nc3ccc(F)c(Cl)c3)ncnc2s1
CHEMBL188304,1462330,7.0,Cc1ccn2ncnc(Nc3ccc(F)c(Cl)c3)c12
CHEMBL4862351,23256360,9.61,CCOC(=O)c1ccccc1Nc1nc(Nc2ccc(OCC(=O)N3CCOCC3)cc2)ncc1Cl
CHEMBL5291010,25018371,6.68,C=CC(=O)Nc1cc(Nc2nccc(-c3cn4c5c(cccc35)OCC4)n2)c(OC)cc1N(C)CCN(C)C
CHEMBL3622625,15743488,7.49,C#Cc1cccc(Nc2ncnc3cc(O[C@H]4CCOC4)c(NC(=O)C=C)cc23)c1
CHEMBL4437599,19168498,7.6,CCOc1cc2ncnc(Nc3ccc(F)c(Cl)c3)c2cc1NC(=O)COC(=O)c1ccccc1
CHEMBL3040566,26589131,8.57,NS(=O)(=O)CCNCc1ccc(-c2ccc3ncnc(Nc4ccc(OCc5cccc(F)c5)c(Cl)c4)c3c2)o1
CHEMBL5743417,27070142,5.26,CN(C)C(=O)N[C@@H]1CCCN(c2cnc(C(N)=O)c(Nc3ccc(C4CCN(C5CCC5)CC4)cc3)n2)C1
CHEMBL5272533,25105707,7.68,CN1CCN(c2ccc(Nc3ncc(Br)c(Nc4ccc5ccn(C)c5c4)n3)cc2)CC1
CHEMBL1170278,3364636,5.41,Cc1ncc([N+](=O)[O-])n1CCOC(=O)/C=C/c1cccc2ccccc12
CHEMBL3092304,13852015,6.63,C#CCNC(=O)Nc1cc2c(Nc3ccc(F)c(Cl)c3)ncnc2cc1O[C@H]1CCOC1
CHEMBL213342,1766886,7.57,CS(=O)(=O)CCNCc1ccc(-c2ccc3ncnc(Nc4ccc(OCc5ccccc5)cc4)c3c2)o1
CHEMBL2064383,10967421,7.17,Cc1ccc(Nc2ncnc3cc4oc(=O)n(CCCN5CCOCC5)c4cc23)cc1
CHEMBL5964366,26839051,8.48,CC(C)(C)CNc1ncnc2c(C#N)cc(NC(c3cn(C4(C#N)CC4)nn3)c3ccccc3Cl)cc12
CHEMBL2031311,10888050,7.9,CCOc1cc2ncc(C#N)c(Nc3ccc(OCc4ccccn4)c(Cl)c3)c2cc1NC(=O)CCN(C)C
CHEMBL3759190,16461817,7.7,COc1cc2c(Nc3ccc(NC(=O)c4ccccc4Cl)cc3)ncnc2cc1OCCCN1CCN(C)CC1
CHEMBL4578487,19122080,8.1,C=CC(=O)Nc1cc2c(Nc3ccc(F)c(Cl)c3)ncnc2cc1OCc1cn(Cc2ccccc2)nn1
CHEMBL5822340,28404875,8.52,CCc1nc(F)ccc1[C@H](Nc1cc(C#N)c2ncc(C#N)c(NCC(C)(C)C)c2c1)C1=CN(C2(C(F)F)CC2)NN1
CHEMBL3940909,16895180,8.05,C=CC(=O)N1CC[C@H](Oc2ccc3ncnc(Nc4ccc(F)c(Cl)c4F)c3c2)C1
CHEMBL4084248,18060630,6.84,C=CC(=O)NCCSc1nc(-c2ccc(F)c(C(F)(F)F)c2)c(-c2ccnc(Nc3ccccc3)c2)[nH]1
CHEMBL5781806,27652679,7.26,C=CC(=O)Nc1ccc(C)c(Nc2nccc(-c3cccnc3)n2)c1
CHEMBL2048789,10949886,8.11,O=C1NCc2ccc(Oc3ccc(Nc4ncnc5ccn(CCO)c45)cc3Cl)cc21
CHEMBL334915,331168,5.46,Cn1c([Se][Se]c2c(C(=O)O)c3ccccc3n2C)c(C(=O)O)c2ccccc21
CHEMBL5906672,27750596,6.53,C=CC(=O)Nc1cc(Nc2ncc(Cl)c(-c3cnn(C)c3)n2)c(OC)cc1N1CCN(C)CC1
CHEMBL5974959,28405325,8.3,Cc1nc(F)ccc1[C@H](Nc1cc(Cl)c2ncc(C#N)c(NCC(C)(C)C)c2c1)C1=CN([C@@H]2CC2C(F)F)NN1
CHEMBL5743124,28403777,8.05,Cc1ncccc1[C@H](Nc1cc(Cl)c2ncc(C#N)c(N[C@H](C)c3ccccc3)c2c1)C1=CN(C(C)C)NN1
CHEMBL6017659,28404230,7.19,N#Cc1csc([C@H](Nc2cc(Cl)c3ncc(C#N)c(Nc4ccc(F)c(Cl)c4)c3c2)C2=CN(CCN3CCOCC3)NN2)c1
CHEMBL4096822,18172260,6.44,CCC(=O)N1CC[C@H](N2C(=O)N(c3cc(OC)ccc3F)Cc3cnc(Nc4ccc(N5CCN(C)CC5)c(C)c4)nc32)C1
CHEMBL4558528,19290325,6.81,CN1CCN(c2ccc(Oc3ccc4c(c3)C(=O)N(Cc3ccccc3)c3cc(F)ccc3N4)cc2)CC1
CHEMBL4086821,18172277,6.53,CCC(=O)N1CC[C@H](N2C(=O)N(c3cc(OC)ccc3F)Cc3cnc(Nc4ccc(N5CCC6(CCN(C)C6)C5)c(C)c4)nc32)C1
CHEMBL4060003,18060747,7.28,C=CC(=O)Nc1cc(Nc2cc(-c3[nH]c(SC)nc3-c3ccc(F)cc3)ccn2)cc(N2CCOCC2)c1
CHEMBL5759181,28883570,4.98,C=CC(=O)N1CC(Nc2cncc(-c3cnc(Oc4cccc(OC(F)(F)F)c4)nc3)n2)C1
CHEMBL4083305,17967291,4.0,c1cncc(-c2nnc(Cc3nc4ccccc4[nH]3)o2)c1
CHEMBL5885768,28403597,8.22,Cc1ncsc1[C@H](Nc1cc(Cl)c2ncc(C#N)c(Nc3cnc(F)c(F)c3)c2c1)C1=CNNN1
CHEMBL5523462,25866171,6.27,C=CC(=O)N1CC[C@H](n2cc(-c3ccncc3)c(-c3cc(F)cc(OCc4ccc5c(c4)CN(C)C5=O)c3)n2)C1
CHEMBL5818193,28722650,5.0,C=CC(=O)N1CC(Oc2cc3c(Nc4cccc5cnn(C)c45)ncnc3cn2)C1
CHEMBL4207984,24833344,4.3,N#Cc1ccc(O)c(-c2nc(NCc3cccnc3)c3ccccc3n2)c1
CHEMBL3758868,16457545,8.3,COc1ccc(-c2cc3c(N[C@H](C)c4ccccc4)ncnc3s2)c(OC)c1
CHEMBL4592101,18955873,8.55,CCCOCCOc1cc2ncnc(Nc3ccc(F)c(Cl)c3)c2cc1NC(=O)/C=C/CN(C)C
CHEMBL4760328,22835835,10.0,CCOc1ccccc1-c1cc2c(N[C@H](CCO)c3ccccc3)ncnc2[nH]1
CHEMBL5797927,28404221,7.82,N#Cc1cnc2c(Cl)cc(N[C@H](C3=CN(CCO)NN3)c3cc(Br)cnc3Cl)cc2c1Nc1ccc(F)c(Cl)c1
CHEMBL3666714,26589146,7.49,O=S(=O)(NCc1ccc(-c2ccc3ncnc(Nc4ccc(OCc5cccc(F)c5)c(Cl)c4)c3c2)o1)C(F)(F)F
CHEMBL213007,1768207,9.0,COc1cc2ncnc(Nc3cc(Cl)ccc3F)c2cc1OC1CCN(S(C)(=O)=O)CC1
CHEMBL5432017,25691174,7.82,C=CC(=O)Nc1cccc(-c2c(-c3ccccc3)oc3ncnc(NC)c23)c1
CHEMBL5093625,24413807,7.4,C=CCC(=O)N(C)CCN(C)c1cc(OC)c(Nc2nccc(Nc3cn(C)c4ccccc34)n2)cc1NC(=O)C=C
CHEMBL5091683,24381009,8.48,CN1CCN(C2CCN(c3ccc(Nc4ncc(Br)c(Nc5ccccc5P(C)(C)=O)n4)cc3Cl)CC2)CC1
CHEMBL474142,2390231,8.96,C=CC(=O)Nc1cc2ncnc(Nc3cccc(Br)c3)c2[nH]1
CHEMBL5752228,26768719,8.1,COc1cc2ncnc(Nc3ccc4c(cnn4Cc4cccc(F)c4)c3)c2cc1NC(=O)/C=C/CN1C[C@@H]2OCCO[C@@H]2C1
CHEMBL4784185,22844230,5.65,N#Cc1ccc(Nc2ncnc3cc(OCCCN4CCOCC4)c(NC(=O)c4cc([N+](=O)[O-])ccc4F)cc23)cc1Cl
CHEMBL6054692,28394615,10.68,CCCN1CC2(C1)CN(c1cc3c(Nc4cccc(Cl)c4F)ncnc3cc1OC)C(=O)O2
CHEMBL515664,2567862,7.51,COC[C@H]1CCCN1/N=C/c1c(N)ncnc1Nc1ccc2c(cnn2Cc2cccc(F)c2)c1
CHEMBL1946847,8025238,4.51,CNc1nc(N/N=C/c2ccc(O)cc2)nc(Nc2ccccc2)n1
CHEMBL5561933,25870241,5.67,C=CC(=O)N1CC2(n3nc(-c4ccc(Oc5ccc6c(c5)ncn6C)c(C)c4)c4c(C)ncnc43)CC1C2
CHEMBL430571,875862,8.38,C=CC(=O)Nc1ccc2ncnc(Nc3ccc(OCc4ccccc4)cc3)c2c1
CHEMBL5828219,28404332,8.7,CC(C)(C)CNc1c(C#N)cnc2c(Cl)cc(N[C@H](C3=CN(C4(C(N)=O)CC4)NN3)c3cccc4ncsc34)cc12
CHEMBL5876257,28404722,8.7,Cc1nc(F)ccc1[C@H](Nc1cc(Cl)c2ncc(C#N)c(NCC(C)(C)C)c2c1)C1=CN([C@@H](C)CF)NN1
CHEMBL3217993,14543393,7.48,Nc1ccccc1NC(=O)c1ccc(COc2ccc3ncnc(Nc4cccc(Br)c4)c3c2)cc1
CHEMBL5569064,25954987,5.54,C/C=C/C(=O)Nc1cc2c(Oc3ccc(NC(=O)CCCc4ccccc4)cc3F)ncnc2cc1OC
CHEMBL5209545,24919441,8.09,CCS(=O)(=O)n1cc(-c2nc(Nc3cc(Cl)c(N4CCC(N5CCN(C)CC5)CC4)cc3OC(C)C)ncc2Cl)c2ccccc21
CHEMBL3960786,16666132,5.03,O=C(CBr)OCCn1c(=O)oc2cc3ncnc(Nc4ccc(NC(=O)N5CCCCC5)cc4)c3cc21
CHEMBL5397111,25533366,6.69,[2H]C([2H])([2H])n1cc(-c2ccnc(Nc3cc(NC(=O)C=C(C)C)c4c(cnn4CCN(C)C)c3)n2)c2ccccc21
CHEMBL3758585,16461815,6.16,COc1cc2c(Nc3ccc(NC(=O)c4ccc(C)cc4)cc3)ncnc2cc1OCCCN1CCN(C)CC1
CHEMBL4226562,18577562,6.88,C=CC(=O)Nc1cccc(NC(=O)Nc2nc(Nc3ccc(N4CCC(N5CCOCC5)CC4)cc3OC)ncc2Cl)c1
CHEMBL4218431,24833362,7.75,N#Cc1ccc(O)c(-c2nc(NCc3cnccn3)c3ccccc3n2)c1
CHEMBL4101193,18060524,6.44,CCC(=O)Nc1ccc(OC)c(Nc2cc(-c3cnc(SC)[nH]3)ccn2)c1
CHEMBL5755978,28403891,7.92,Cn1ccc([C@H](Nc2cc(Cl)c3ncc(C#N)c(Nc4ccc(F)c(Cl)c4)c3c2)C2=CN(C3CCN(C(C)(C)C)CC3)NN2)n1
CHEMBL3753623,16435155,6.99,COc1ccc(-c2ccc(OC(F)(F)F)c(NC(=O)Nc3ccncc3)c2)cn1
CHEMBL4069284,18039978,5.07,CCC(=O)Nc1cc(Nc2n[nH]c3ccccc23)ccc1N(C)CCN(C)C
CHEMBL3114700,13924682,7.22,C#Cc1cccc(Nc2ncnc3cc4c(cc23)N(C(=O)/C=C/CN2CCCC2)CCO4)c1
CHEMBL5266601,25078688,7.97,C=CC(=O)N1CCC(Oc2cc3c(Nc4ccc(Cl)c(Cl)c4F)ncnc3cc2O[C@H](C)CC)CC1
CHEMBL5759248,28404971,6.74,CC(C)(C)CNc1c(C#N)cnc2c(Cl)cc(N[C@H](C3=CN(C4(C(F)(F)F)CC4)NN3)c3cnc4ccccc4c3)cc12
CHEMBL5189114,24749164,8.15,O=C(Nc1nccs1)C(c1ncn2c1CCC2)N1Cc2c(F)cc(C#Cc3cccnc3)cc2C1=O
CHEMBL5788370,27737630,5.26,COc1ncccc1C(=O)NCc1ccc(-c2nn(C3CCCC3)c3ncnc(N)c23)cc1
CHEMBL3939429,16739504,7.13,COc1ccc(-c2cc3c(NCc4ccccc4)ncnc3o2)cc1
CHEMBL5203388,24749160,7.8,O=C(Nc1nccs1)C(c1ncn2c1CCC2)N1Cc2ccccc2C1=O
CHEMBL4451986,19293634,7.28,C/C=C\C(=O)Nc1cc(Nc2nccc(-c3cn(C)c4ccccc34)n2)c(OC)cc1N(C)CCN(C)C
CHEMBL5177378,24902239,8.24,O=C(CCCCl)Nc1ccc2ncnc(Nc3ccc4[nH]ccc4c3)c2c1
CHEMBL248115,2038905,7.07,Cc1cncc(COc2ccc(Nc3ncnn4ccc(CN5CCC(N)CC5)c34)cc2Cl)c1
CHEMBL3622642,15743471,6.87,CN(C)C/C=C/C(=O)Nc1cc2c(Nc3ccc(OCc4cccc(F)c4)cc3)ncnc2cc1O[C@H]1CCOC1
CHEMBL4225571,18577531,6.29,C=CC(=O)Nc1cccc(NC(=O)Nc2ccnc(Nc3ccc(C4CCN(C)CC4)cc3)n2)c1
CHEMBL5832090,26749496,8.85,CCN1CCN(Cc2ccc(C(=O)N[C@@H]3[C@H]4Oc5ccc(Oc6ccnc7c6CCC(=O)N7)cc5[C@@H]34)cc2F)CC1
CHEMBL4794998,22921891,9.44,C=CC(=O)Nc1cc2c(Nc3cccc(Cl)c3F)ncnc2cc1OCc1cn(CCCC(=O)NO)nn1
CHEMBL5290340,25059911,7.7,COc1cc2c(Nc3ccc(Oc4ccccc4F)cc3)ncnc2cc1OCC1CCN(C)CC1
CHEMBL6031115,28404884,8.3,CCc1ncccc1[C@H](Nc1cc(Cl)c2ncc(C#N)c(NCC(C)(C)C)c2c1)C1=CN(C2(C(F)(F)F)CC2)NN1
CHEMBL3360619,14974599,9.48,COc1cc2c(Nc3cccc(Br)c3)ncnc2cc1OCCCCCn1ccnc1[N+](=O)[O-]
CHEMBL5764068,28405559,7.29,CC(C)(C)CNc1c(C#N)cnc2c(C#N)cc(N[C@H](C3=CN(C4(C(F)(F)F)CC4)NN3)c3ccc(C#N)nc3)cc12
CHEMBL5422588,25481294,10.15,COc1cc(N2CCC(N3CCN(C(C)=O)CC3)CC2)c(C)cc1Nc1ncc(Br)c(Nc2ccc3nccnc3c2P(C)(C)=O)n1
CHEMBL3092312,13851964,6.4,COC(CCNC(=O)Nc1cc2c(Nc3ccc(F)c(Cl)c3)ncnc2cc1O[C@H]1CCOC1)OC
CHEMBL193160,1495654,9.92,O=C(CCl)Nc1ccc2ncnc(Nc3cccc(I)c3)c2c1
CHEMBL3040543,26589143,7.83,O=S(=O)(CCNCc1ccc(-c2ccc3ncnc(Nc4ccc(OCc5cccc(F)c5)c(Cl)c4)c3c2)o1)CC(F)(F)F
CHEMBL1828863,6358468,5.82,Cc1ncc([N+](=O)[O-])n1CC(=O)NS(=O)(=O)c1ccc(Cl)cc1
CHEMBL1958209,8049013,5.69,O=C1CSC(N2N=C(c3ccc(Br)cc3)CC2c2ccc(Br)cc2)=N1
CHEMBL5414792,25665206,7.47,CCN(CC)CCn1ccc2cc(Nc3nccc(-c4sc(C5CCN(S(=O)(=O)CC)CC5)nc4-c4ccc(F)cc4)n3)ccc21
CHEMBL5857682,26750183,8.6,CN1CCN(Cc2ccc(C(=O)NC3C4Oc5ccc(Oc6ccnc7c6CCC(=O)N7)cc5C34)cc2C(F)(F)F)CC1
CHEMBL5798489,27071423,6.26,C[C@@H]1[C@H](N2CCCN(C)C2=O)CCCN1c1cnc(C#N)c(Nc2ccc(C3CCN(C4CCCC4)CC3)cc2)n1
CHEMBL4521506,19122082,8.4,C=CC(=O)Nc1cc2c(Nc3ccc(F)c(Cl)c3)ncnc2cc1OCc1cn(CCCN2CCOCC2)nn1
CHEMBL4858583,23203416,9.41,CN(/N=N\c1ccc2ncnc(Nc3cccc(Cl)c3)c2c1)C(=O)OCCl
CHEMBL4744655,22896498,8.41,Fc1c(Cl)cccc1Nc1ncnc2cc3c(cc12)OCCO3
CHEMBL2347964,12722987,7.64,CC(=O)Nc1ccc(-c2c(-c3ccccc3)oc3ncnc(N[C@H](CO)c4ccccc4)c23)cc1
CHEMBL4447797,19218803,5.77,COc1cc2nccc(Nc3ccc(OCc4cccc(F)c4)c(Cl)c3)c2cc1OC
CHEMBL3957801,16668208,8.05,CCC(=O)Nc1cc2c(Nc3ccc(F)c(Cl)c3)ncnc2cc1OCCCN1CCOCC1
CHEMBL5430071,25665181,7.72,CNc1nc(-c2ccc(F)cc2)c(-c2ccnc(Nc3ccc4c(ccn4CCN(C)C)c3)n2)s1
CHEMBL5831433,28404605,8.7,Cc1ncccc1[C@@H](Nc1cc(Cl)c2ncc(C#N)c(NCC(C)(C)C)c2c1)C1=CN(C2(C(F)F)CC2)NN1
CHEMBL4077917,18243193,7.73,CCC(=O)Nc1cccc(-c2cc3c(-c4[nH]c(-c5ccccc5)nc4-c4ccc(F)cc4)ccnc3[nH]2)c1
CHEMBL4553504,19287511,6.92,CC(C)=CC[C@@H](OC(=O)/C=C\C(=O)c1ccc(C)cc1F)C1=CC(=O)c2c(O)ccc(O)c2C1=O
CHEMBL6002110,26961295,7.37,CN(C)C/C=C/C(=O)N1CC[C@@H](n2nc(C(=O)Nc3nc4cc(Cl)ccc4o3)c3c(N)ncnc32)C1
CHEMBL5962327,28403576,7.17,N#Cc1cnc2c(Cl)cc(N[C@H](C3=CNNN3)c3cnc(F)c(F)c3)cc2c1Nc1cnc(F)c(F)c1
CHEMBL3085378,2047164,5.92,CCN(CC)[C@@](C)(C#Cc1ncnc2cc(OC)c(OC)cc12)CCc1ccccc1
CHEMBL5876510,28404032,7.8,N#Cc1csc([C@H](Nc2cc(Cl)c3ncc(C#N)c(Nc4ccc(F)c(Cl)c4)c3c2)C2=CN(Cc3ccccn3)NN2)c1
CHEMBL4456688,19211865,5.37,COc1cc2c(Oc3ccc(C4SCC(=O)N4NC(=O)Nc4ccc(F)c(F)c4F)cc3)ccnc2cc1OCCCN1CCOCC1
CHEMBL2048794,10949881,7.68,O=C1NCc2cccc(Oc3ccc(Nc4ncnc5ccn(CCO)c45)cc3Cl)c21
CHEMBL4216784,18456059,5.75,COc1cc(N2CCN(C)CC2)ccc1Nc1ncc(Cl)c(Oc2ccccc2N)n1
CHEMBL5631094,26142960,9.43,C=CC(=O)Nc1cc(Nc2nccc(-c3cnc4c(C)cccn34)n2)c(OC)cc1N(C)CCN(C)C
CHEMBL135861,313559,4.89,CNC(=O)c1c([Se][Se]c2[nH]c3ccccc3c2C(=O)NC)[nH]c2ccccc12
CHEMBL5957593,28404314,6.95,CC(C)(C)CNc1c(C#N)cnc2c(C#N)cc(NC(C3=CN(C4CC4)NN3)c3cccc4ncsc34)cc12
CHEMBL5871673,26768602,8.405000000000001,COc1cc2ncnc(Nc3ccc(F)c(Cl)c3)c2cc1NC(=O)/C=C/CN1C[C@@H]2OCCO[C@@H]2C1
CHEMBL4776012,22894031,8.49,C=C(Cl)C(=O)Nc1cccc(Nc2nc(Nc3ccc(N4CCN(C(C)=O)CC4)c(Cl)c3)ncc2Cl)c1
CHEMBL3098318,13868171,4.46,NS(=O)(=O)c1ccc(Nc2nc(Cl)nc3cc4c(cc23)OCO4)cc1
CHEMBL3263968,14652521,5.98,COc1cc2c(Oc3ccc(NS(=O)(=O)c4cccc(-c5cccs5)c4)cc3F)ccnc2cc1OCCCN1CCN(C)CC1
CHEMBL5917268,28404668,8.52,Cc1n[nH]c2cccc([C@H](Nc3cc(C#N)c4ncc(C#N)c(NCC(C)(C)C)c4c3)C3=CN(C4(C(F)(F)F)CC4)NN3)c12
CHEMBL4874550,23299080,6.35,C=CC(=O)N1CCCC[C@H]1c1nc(-c2ccc(C(=O)Nc3cc(OC)ccn3)cc2)c(C(N)=O)n1N
CHEMBL4793053,22835810,9.4,[2H]C([2H])([2H])Oc1ccccc1-c1cc2c(N[C@H](CO)c3ccccc3)ncnc2[nH]1
CHEMBL378144,1681981,9.22,C#CC(=O)Nc1cc2c(Nc3cccc(Br)c3)ncnc2cn1
CHEMBL5949763,28404881,7.89,CC(C)(C)CNc1c(C#N)cnc2c(Cl)cc(N[C@H](C3=CN(C4(C(F)(F)F)CC4)NN3)c3cccn4cncc34)cc12
CHEMBL5077665,24408189,6.55,C=CC(=O)Nc1cccc(-n2c(=O)c(CC)nc3cnc(Nc4ccc(OCCOC)cc4)nc32)c1
CHEMBL5198433,24749166,7.8,O=C(Nc1nccs1)C(c1ncn2c1CCC2)N1Cc2ccc(C#Cc3ccc(CN4CCCCC4)cc3)cc2C1=O
CHEMBL4746377,22894030,7.8,C=C(Cl)C(=O)Nc1cccc(Nc2nc(Nc3ccc(N4CCN(C(C)=O)CC4)cc3OC)ncc2C(F)(F)F)c1
CHEMBL5183924,24907653,8.02,C=C(F)C(=O)Nc1cc2c(Nc3ccc(Oc4cc5nncn5cn4)c(C)c3)ncnc2cc1OCC
CHEMBL5794447,28403918,8.15,N#Cc1cnc2c(Cl)cc(N[C@H](C3=CNNN3)c3cncs3)cc2c1Nc1ccc(F)c(Cl)c1
CHEMBL5950027,28405802,8.4,Cc1nnc(C2(N3C=C([C@@H](Nc4cc(C#N)c5ncc(C#N)c(NCC(C)(C)C)c5c4)c4ccc(F)nc4C)NN3)CC2)o1
CHEMBL4279227,18722894,9.3,C=C=CC(=O)Nc1cc(Nc2nccc(-c3c[nH]c4ccccc34)n2)c(OC)cc1N(C)CCN(C)C
CHEMBL5849866,28404692,8.52,CC(C)(C)CNc1c(C#N)cnc2c(Cl)cc(N[C@H](C3=CN(C4(C(F)F)CC4)NN3)c3cccc4cnccc34)cc12
CHEMBL4746697,22835804,9.1,C[C@@H](Nc1ncnc2[nH]c(-c3ccccc3OC(F)F)cc12)c1ccccc1
CHEMBL126483,870001,5.03,CCOc1cc2nc(CC)nc(Nc3cccc(-c4csc(C)n4)c3)c2cc1OCC
CHEMBL366580,1038627,9.47,Brc1cccc(Nc2ncnc3cc4c[nH]nc4cc23)c1
CHEMBL3967962,16668442,8.0,O=C(/C=C/CN1CCCC1)Nc1cc2c(Nc3ccc(Cc4ccccn4)cc3)ncnc2cn1
CHEMBL3759203,16461823,6.14,COc1cc2c(Nc3ccc(NC(=O)c4ccccc4Cl)cc3)ncnc2cc1OCc1ccccc1
CHEMBL5813513,28405544,8.52,COc1nccc2c([C@H](Nc3cc(C#N)c4ncc(C#N)c(NCC(C)(C)C(F)(F)F)c4c3)C3=CN(C4(C(F)F)CC4)NN3)cccc12
CHEMBL4084726,18172262,6.43,CCC(=O)N1CC[C@H](N2C(=O)N(c3cc(OC)ccc3Cl)Cc3cnc(Nc4ccc(N5CCN(C)CC5)c(C)c4)nc32)C1
CHEMBL3909214,16894431,7.0,O=C(CCCOc1ccc2ncnc(Nc3ccc(F)c(Cl)c3)c2c1)NO
CHEMBL5271718,25018386,7.31,C=CC(=O)Nc1cc(Nc2ncc(-c3nc(C)no3)c(-c3cn4c5c(cccc35)CCC4)n2)c(OC)cc1N(C)CCN(C)C
CHEMBL5771047,27750680,8.22,C=CC(=O)Nc1cc(Nc2ncc(F)c(-c3cnc4c(ccn4C)c3)n2)c(OC)cc1OCCN(C)C
CHEMBL3325480,15118441,4.78,CCOC(=O)C1=C(N)N(c2cccnc2)C2=C(C(=O)CCC2)C1c1cc2cc(Cl)ccc2n2nnnc12
CHEMBL5811490,28404212,7.52,CC(C)N1C=C([C@@H](Nc2cc(Cl)c3ncc(C#N)c(Nc4ccc(F)c(Cl)c4)c3c2)c2cncn2C)NN1
CHEMBL5846022,28403246,8.4,CC(C)(C)N1CCC(N2C=C([C@@H](Nc3cc(Cl)c4ncc(C#N)c(Nc5ccc(F)c(Cl)c5)c4c3)c3cccc4c3SCN4)NN2)CC1
CHEMBL6048351,27540806,6.1,C=CC(=O)N1CCC[C@H](n2nc(-c3ccc(Oc4ccccc4)cc3)c(C(N)=O)c2N)C1
CHEMBL3917723,16847199,5.0,COC(=O)CNC(=O)c1ccc(Nc2ncnc3cc(OCCN4CCCCC4)c(OC)cc23)cc1
CHEMBL4077349,18117553,6.11,O=C(Nn1c(-c2ccccc2)nc2ccccc2c1=O)c1ccc(Br)cc1
CHEMBL5945723,28883666,6.17,C=CC(=O)N1CC(Nc2cncc(-c3cnc(Nc4ccccc4OC(F)(F)F)nc3)n2)C1
CHEMBL4650281,25866191,7.68,C=CC(=O)N[C@H]1C=C(C)c2c(-c3cnc4ccccc4c3)c3c(N)ncnc3n2C1
CHEMBL6019018,28405178,7.57,CC(C)(C)CNc1c(C#N)cnc2c(Cl)cc(N[C@H](C3=CN(C4(C(F)(F)F)CC4)NN3)c3ccc4cccnc4c3)cc12
CHEMBL5428511,25533379,5.8,Cn1cc(-c2ccnc(Nc3ccc4c(cnn4CCN4CCOCC4)c3)n2)c2ccccc21
CHEMBL2031299,10888038,9.29,O=C(CCN1CCOCC1)Nc1ccc2ncnc(Nc3cccc(Br)c3)c2c1
CHEMBL5821520,28405928,8.15,Cc1nc(F)ccc1[C@H](Nc1cc(C#N)c2ncc(C#N)c(NCC(C)(C)C)c2c1)C1=C(F)N(C23CC(C2)C3)NN1
CHEMBL5817581,28517063,5.62,C=CC(=O)N1CCCC(Nc2nc(Nc3ccc(OCCOC)cc3)c3c(c2F)CNC3=O)CC1
CHEMBL3604943,15685167,9.0,C=CC(=O)Nc1cc(Nc2nccc(-c3cn(C)c4ccccc34)n2)c(OC)cc1N1CCN(C)CC1
CHEMBL5761295,27653102,5.26,CC(C)=CC(=O)c1ccc(Nc2nc(Nc3ccccc3)ncc2F)cc1
CHEMBL460735,2390223,8.8,C=CC(=O)NC1=CC=C2N=CN=C(Nc3cccc(Cl)c3)C21
CHEMBL4294156,18765365,7.92,COc1cccc(Nc2cc(NC(=O)CCCC(=O)O)ncn2)c1
CHEMBL5632632,26154058,7.81,COCCOc1cc2ncnc(Nc3cccc(O)c3)c2cc1OCCOC
CHEMBL5208065,24848244,8.3,CN1CCN(c2ccc(-c3ccc4ccn(C(C(=O)Nc5nccs5)c5ccccc5)c(=O)c4c3)cc2)CC1
CHEMBL5399653,25481290,10.15,COc1cc(N2CCC(N3CC(C(C)(C)O)C3)CC2)c(C)cc1Nc1ncc(Br)c(Nc2ccc3nccnc3c2P(C)(C)=O)n1
CHEMBL5777725,28403126,7.57,CC(C)N1C=C([C@@H](Nc2cc(Cl)c3ncc(C#N)c(Nc4ccc(F)c(Cl)c4)c3c2)c2cccc3c2CCN3)NN1
CHEMBL5630624,26142965,8.94,COc1cc(N(C)CCN(C)C)c(NC(=O)/C=C/CN(C)C)cc1Nc1nccc(-c2cnc3c(C)cccn23)n1
CHEMBL4750375,22896496,7.71,C#Cc1cccc(Nc2ncnc3cc4c(cc23)OCCO4)c1F
CHEMBL250524,2047169,7.1,COc1cc2ncnc(C#CC(C)(C)N(C)c3ccccc3)c2cc1OC
CHEMBL4639459,20690042,6.9,CCC(=O)Nc1cc(Nc2nccc(-c3cn(CCCO)c4ccccc34)n2)c(OC)cc1F
CHEMBL4096980,18060626,8.96,C=CC(=O)Nc1ccc(OC)c(Nc2cc(-c3[nH]c(SC)nc3-c3ccc4ccccc4c3)ccn2)c1
CHEMBL3754213,16444036,7.72,C=CC(=O)Nc1cccc(-n2c(=O)cc(C)c3cnc(Nc4ccc(N5CCN(C)CC5)cc4OCCC)nc32)c1
CHEMBL1090355,3240731,6.72,O=C(Nc1cccc(-c2nc3sccn3c2-c2ccnc(Nc3ccc(N4CCOCC4)cc3)n2)c1)Oc1ccccc1
CHEMBL3655340,26576573,9.0,CN1CCC[C@H]1/C=C/C(=O)N1CCc2c(sc3ncnc(Nc4ccc(F)c(Cl)c4)c23)C1
CHEMBL4791195,22835796,9.1,C[C@@H](Nc1ncnc2[nH]c(-c3ccc(C(N)=O)cc3)cc12)c1ccccc1
CHEMBL3114686,13924680,7.17,C#Cc1cccc(Nc2ncnc3cc4c(cc23)N(C(=O)/C=C/CN2CCCCC2C)CCO4)c1
CHEMBL5768138,26749883,6.11,CCN1CCN(Cc2ccc(C(=O)N[C@H]3[C@@H]4Oc5ccc(Oc6ccnc7c6CCC(=O)N7)cc5[C@H]34)cc2C(F)(F)F)CC1
CHEMBL4207951,18450564,7.31,C=CC(=O)N1C[C@@H]2CN(c3nc(Nc4cnn(C)c4)c4ncn(C(C)C)c4n3)C[C@@H]2C1
CHEMBL205235,1710030,7.38,Nc1cccc(C#Cc2cncnc2Nc2ccc(OCc3cccc(F)c3)c(Cl)c2)c1
CHEMBL3233775,14586673,7.7,O=C(/C=C/CNC1CCOCC1)Nc1cc2c(Nc3ccc(F)c(Cl)c3)ncnc2s1
CHEMBL5594919,26009451,7.9,C=CC(=O)Nc1cc(Nc2nccc(-c3cn(C)c4ccccc34)n2)c(OC)cc1N(C)CCN(C)C(=O)c1ccc(Br)cc1
CHEMBL112096,6261333,6.44,COc1cc2ncc(C#N)c(Nc3ccccc3C(C)C)c2cc1OC
CHEMBL3114107,25043259,5.7,CC(C)=NNc1nc(-c2ccc(Cl)cc2)cs1
CHEMBL3806213,16588568,7.62,Fc1ccc(Nc2ncnc3cc(OCC4CCCO4)c4c(c23)OCCO4)cc1Cl
CHEMBL4522613,18896909,5.79,COc1cc(N(C)CCN(C)C)c(NC(=O)/C=C\C(C)C)cc1Nc1nc2c(c(-c3cn(C)c4ccccc34)n1)CSCC2
CHEMBL234772,1951303,6.66,O=C(O)C1CCN(Cc2ccn3ncnc(Nc4ccc5c(cnn5Cc5cccc(F)c5)c4)c23)CC1
CHEMBL4873098,23177930,7.64,COc1cc2ncnc(Nc3ccc(OCc4cccc(F)c4)c(Cl)c3)c2cc1OCCCCC(=O)Nc1ccc(S(N)(=O)=O)cc1
CHEMBL5198920,24670251,8.11,C=CC(=O)N1CCC(Oc2nc(Nc3ccc(N(C)CCN(C)C)cc3OC)nc3[nH]ccc23)CC1
CHEMBL113535,6261340,5.66,COc1cc2ncc(C#N)c(Nc3cccc(N=[N+]=[N-])c3)c2cc1OC
CHEMBL2425094,13452943,7.32,COc1cc2ncnc(Nc3ccc(F)c(Cl)c3)c2cc1OCCCN1CC2(CSC2)C1
CHEMBL4288374,18787528,7.04,O=C(NCCN1CCOCC1)Nc1ccc(-c2cc3c(Nc4ccc(Oc5cccc(C(F)(F)F)c5)c(Cl)c4)ncnc3s2)cc1
CHEMBL1958030,8049003,4.97,COc1ccc(C2CC(c3ccc(F)cc3)=NN2C2=NC(=O)CS2)cc1
CHEMBL3951754,16668226,6.28,CCC(=O)Nc1cc2c(Nc3ccc(Oc4cccnc4)cc3)ncnc2cc1OC
CHEMBL2385991,13322641,6.22,Cc1ccc(NC(=O)c2ccc(CN3CCN(C)CC3)cc2)cc1C(=O)Nc1ccc(OCc2cccc(F)c2)c(Cl)c1
CHEMBL4286263,18765247,7.16,O=C(O)CCCC(=O)Nc1cc(Nc2cccc(Br)c2)ncn1
CHEMBL3353410,24413842,8.05,C=CC(=O)Nc1cc(Nc2nccc(-c3cn(C)c4ccccc34)n2)c(OC)cc1N(C)CCN(C)C
CHEMBL1794063,1766875,7.72,O=S(=O)(CCNCc1ccc(-c2ccc3ncnc(Nc4ccc(OCc5cccc(F)c5)c(Cl)c4)c3c2)o1)c1ccccc1
CHEMBL6014011,26839096,7.72,CCN1CCC(n2cc(C(Nc3cc(Cl)c4ncnc(Nc5ccc(F)c(Cl)c5)c4c3)c3ccccc3)nn2)CC1
CHEMBL5415774,25599181,5.31,CCNS(=O)(=O)c1cnc(Nc2ccnc(-c3cnn(S(=O)(=O)C4CC4)c3)n2)cc1N[C@@H](C)CC
CHEMBL4849268,23299089,4.78,CC#CC(=O)N1CCCC[C@H]1c1nc(-c2ccc(C(=O)Nc3cc(-c4ccccc4)ccn3)cc2)c(C(N)=O)n1N
CHEMBL196438,1601129,7.7,CCc1c(C(=O)O)cn2ncnc(Nc3ccc4c(cnn4Cc4ccccc4)c3)c12
CHEMBL5782603,28405898,7.19,COc1cc([C@H](Nc2cc(Cl)c3ncc(C#N)c(NCC(C)(C)C)c3c2)C2=CN(C3(C(F)(F)F)CC3)NN2)ccn1
CHEMBL5853085,28404557,8.52,Cc1nc(F)ccc1[C@H](Nc1cc(C#N)c2ncc(C#N)c(NCC(C)(C)C)c2c1)C1=CN(C2(C#N)CCC2)NN1
CHEMBL425402,1697603,5.96,Fc1ccc(Nc2ncnc3c2NCc2ccccc2O3)cc1Cl
CHEMBL5920717,27071345,5.26,CCN1CCN([C@@H]2CCCN(c3cnc(C(N)=O)c(Nc4ccc(C5CCN(C6CCCC6)CC5)cc4)n3)C2)C1=O
CHEMBL3671527,26587511,7.35,C=CC(=O)Nc1cc2c(Nc3ccc(Br)c(Cl)c3F)ncnc2cc1OCCNC(=O)NC(C)(C)C
CHEMBL5082422,24343042,6.3,CC#CC(=O)Nc1cccc(-c2nccc(-c3cc4c([nH]3)C3(CCNCC3)CNC4=O)n2)c1
CHEMBL5805507,27750386,6.98,C=CC(=O)Nc1cc(Nc2nccc(-c3cnc4c(cnn4C)c3)n2)c(OC)cc1N1CCN(C)CC1
CHEMBL5944794,26768773,8.82,COCCOc1cc2ncnc(Nc3ccc(Cl)c(Cl)c3F)c2cc1NC(=O)/C=C/CN1C[C@@H]2OCCO[C@@H]2C1
CHEMBL6040882,28404500,8.4,CC(C)(C)CNc1c(C#N)cnc2c(C#N)cc(N[C@H](C3=CN(C4(C(F)(F)F)CC4)NN3)c3cccc4[nH]ncc34)cc12
CHEMBL5565051,25864523,6.08,COc1cc(OCc2cccc(-c3ccccc3)c2C)ccc1CNCCCOc1cc2c(Nc3ccc(F)c(Cl)c3)ncnc2cc1OC
CHEMBL3978686,16808791,7.08,O=S(=O)(Nc1ccccn1)c1ccc(Nc2nncc3ccccc23)cc1
CHEMBL4473375,19168495,7.08,CCOc1cc2ncnc(Nc3ccc(F)c(Cl)c3)c2cc1OC(=O)CSc1nc2ccccc2s1
CHEMBL5823139,27071207,6.26,CN1CCN([C@@H]2CCCN(c3cnc(C(N)=O)c(Nc4ccc(C5(C)CCN(C6COC6)CC5)cc4)n3)C2)C1=O
CHEMBL3087204,13826574,6.97,C=CC(=O)N1CC[C@@H](N2C(=O)N(Cc3ccccc3)Cc3cnc(Nc4ccc(N5CCN(C)CC5)cc4OC)nc32)C1
CHEMBL5964701,27069413,5.26,CC#CC(=O)N1CCC[C@@H](Nc2nnc(C(N)=O)c(Nc3ccc(S(C)(=O)=O)cc3)n2)C1
CHEMBL5899620,26961310,7.15,Nc1ncnc2c1c(C(=O)Nc1nc3cc(Cl)ccc3o1)nn2[C@@H]1CCN(C(=O)/C=C/CN2CCCCC2)C1
CHEMBL3972605,16668229,6.46,CCC(=O)Nc1cc2c(Nc3ccc(C(O)c4ccccc4)cc3)ncnc2cc1OC
CHEMBL5406924,25536081,6.93,Cc1cccc(CN(C)c2ncnc3[nH]c(-c4ccc(CO)cc4)cc23)c1
CHEMBL4520801,27540809,8.1,C=CC(=O)N1CCC[C@@H](n2nc(-c3ccc(Oc4ccc(Cl)cc4)cc3)c(C(N)=O)c2N)C1
CHEMBL2437476,26745682,5.7,C=CC(=O)Nc1cccc(Nc2ncc3ncc(=O)n(-c4ccc(OC)cc4)c3n2)c1
CHEMBL1928958,7963956,6.28,COc1ccc(/C=C/C(=O)Nc2cccc(Oc3cc(Nc4ccc(OCc5cccc(F)c5)c(Cl)c4)ncn3)c2)cc1OC
CHEMBL5948125,27738164,5.76,COc1ccccc1C(=O)NCc1ccc(-c2nn(C(C)C)c3ncnc(N)c23)cc1
CHEMBL5272853,24987563,7.35,Cc1cc(NC2=NC(=O)/C(=C/c3c4ccccc4cc4ccccc34)S2)no1
CHEMBL3924500,16808781,7.19,S=C(NNc1nncc2ccccc12)Nc1ccccc1
CHEMBL5764948,28405946,8.15,Cc1nc(F)ccc1[C@H](Nc1cc(Cl)c2ncc(C#N)c(NCC(C)(C)C)c2c1)C1=C(F)N(C2(C(F)F)CC2)NN1
CHEMBL5926198,27069359,5.26,CCN(CC)C(=O)N[C@@H]1CCCN(c2nnc(C(N)=O)c(Nc3ccc(C(=O)N4CCOCC4)cc3)n2)C1
CHEMBL4783641,22921890,9.36,C=CC(=O)Nc1cc2c(Nc3cccc(Cl)c3F)ncnc2cc1OCc1cn(CCCCC(=O)NO)nn1
CHEMBL2316141,12615162,5.66,COc1cc(/C=C2\CCC/C(=C\c3cccc(Cl)c3)C2=O)cc(OC)c1
CHEMBL420624,865829,10.0,Nc1ccc2c(Nc3cccc(Br)c3)ncnc2c1
CHEMBL5964547,27653252,7.26,C=C(C)C(=O)c1ccc(Nc2nc(Nc3ccc(OCCOC)c(F)c3)ncc2F)cc1
CHEMBL206347,1697618,6.0,COc1ccc2c(c1)Oc1ncnc(Nc3ccc(F)c(Cl)c3)c1NC2
CHEMBL4098072,18060742,7.05,C=CC(=O)Nc1ccc(OC)c(Nc2cc(-c3[nH]c(SC)nc3-c3ccc(F)cc3)ccn2)c1
CHEMBL3904205,16668218,6.76,CCC(=O)Nc1cc2c(Nc3ccc4c(c3)CCN4Cc3ccccc3)ncnc2cc1OC
CHEMBL5184760,24749183,8.52,Cc1c(C#Cc2ccc(CN3CCC(CO)CC3)cc2)cc(C(F)F)c2cn(C(C(=O)Nc3nccs3)c3ncn4c3CCC4)nc12
CHEMBL5883991,28403294,8.61,N#CCC[C@@H](Nc1c(C#N)cnc2c(Cl)cc(N[C@H](C3=CN(C4CC4)NN3)c3cccc4c3CNC4)cc12)c1ccccc1
CHEMBL5569244,25979170,8.97,CN(C)C/C=C/C(=O)Nc1ccc2ncnc3c2c1C=CN3c1ccc(F)c(Cl)c1
CHEMBL4289728,18798657,6.69,N=c1oc2ccccc2cc1C(=O)N/N=C1\C(=O)Nc2ccc(S(=O)(=O)N3CCOCC3)cc21
CHEMBL3759155,16461813,5.34,COc1cc2c(Nc3ccc(NC(=O)c4ccccc4)cc3)ncnc2cc1OCCN1CCCCC1
CHEMBL319620,1036198,5.4,O=C(O)c1cc(NCc2cc(O)ccc2O)ccc1O
CHEMBL4860398,23195388,9.44,C#Cc1cccc(Nc2ncnc3cc(OC)c(OCCCCCCN/C(=N\C#N)Nc4ccncc4)cc23)c1
CHEMBL4583858,19293630,6.69,CCC/C=C\C(=O)Nc1cc(Nc2nccc(-c3cn(C)c4ccccc34)n2)c(OC)cc1N(C)CCN(C)C
CHEMBL3759649,16457536,7.23,C[C@@H](Nc1ncnc2sc(-c3ccc(C=O)cc3F)cc12)c1ccccc1
CHEMBL6050073,26810980,8.7,CCOc1cc2ncnc(Nc3ccc(F)c(Cl)c3)c2cc1NC(=O)/C=C/CN1CC[C@@H]1COC
CHEMBL4087740,17998444,9.1,C=CC(=O)Nc1cc(F)cc(-n2c(=O)cc(C)c3cnc(Nc4ccc(N5CCN(C)CC5)cc4OC)nc32)c1
CHEMBL3745929,16416944,4.57,CCOc1ccc(C2=NN(C(C)=O)C(c3ccc(C(=O)OC(C)Cn4c([N+](=O)[O-])cnc4C)cc3)C2)cc1
CHEMBL4129138,18299302,8.35,CN1CCN(c2ccc(Nc3cc4c(N[C@@H]5CCCN(C)C5)nc(Nc5ccccc5)nc4cn3)nc2)CC1
CHEMBL4476544,19122083,8.4,C=CC(=O)Nc1cc2c(Nc3ccc(F)c(Cl)c3)ncnc2cc1OCc1cn(CCCO)nn1
CHEMBL1229592,10883651,8.27,C=CC(=O)Nc1cccc(Oc2nc(Nc3ccc(N4CCN(C)CC4)cc3OC)ncc2Cl)c1
CHEMBL192737,1495544,6.76,COCC(=O)Nc1ccc2ncnc(Nc3cccc(Br)c3)c2c1
CHEMBL3403515,15176332,6.99,COc1ccc2c(c1)CCN2c1nc(C)nc2oc(C)cc12
CHEMBL5926126,28403582,8.05,Cn1nccc1[C@H](Nc1cc(Cl)c2ncc(C#N)c(Nc3cnc(F)c(F)c3)c2c1)C1=CNNN1
CHEMBL5953516,28405238,8.7,Cc1nc(F)ccc1[C@H](Nc1cc(Cl)c2ncc(C#N)c(NCC(C)(C)C(F)(F)F)c2c1)C1=CN(C23CC(C2)C3)NN1
CHEMBL5772330,27750482,7.52,C=CC(=O)Nc1cc(Nc2ncc(OC)c(-c3cnc4c(cnn4C)c3)n2)c(OC)cc1N(C)CCN(C)C
CHEMBL1946844,8025234,4.89,O=C(CSc1nc(O)nc(-c2ccc(Cl)cc2)n1)Nc1ccc(Cl)cc1
CHEMBL5286532,25018375,5.53,C=CC(=O)Nc1cc(Nc2ncc(Cl)c(-c3c4n(c5ccccc35)CCOC4)n2)c(OC)cc1N(C)CCN(C)C
CHEMBL3973028,16668222,7.07,CCC(=O)Nc1cc2c(N[C@H](C)c3ccccc3)ncnc2cc1OC
CHEMBL5815423,27652760,7.26,C=CC(=O)Nc1cccc(Nc2nc(Nc3ccc(OCCN4CCCC4=O)cc3)ncc2F)c1
CHEMBL5631151,26142961,9.11,C=CC(=O)Nc1cc(Nc2nccc(-c3cnc4c(Cl)cccn34)n2)c(OC)cc1N(C)CCN(C)C
CHEMBL380669,1681986,8.38,CC(C)N(CC#CC(=O)Nc1ccc2ncnc(Nc3ccc(F)c(Cl)c3)c2c1)C(C)C
CHEMBL453379,2390202,8.38,C=CC(=O)C(CCN(C)C)c1cc2c(Nc3cccc(Br)c3)ncnc2cn1
CHEMBL489313,2390244,8.43,O=C(CCN1Cc2cc3c(Nc4cccc(Br)c4)ncnc3cc21)N1CCOCC1
CHEMBL5809639,27750542,6.99,C=CC(=O)Nc1cc(Nc2ncc(F)c(-c3cnn(C)c3)n2)c(OC)cc1N1CCC(N(C)C)CC1
CHEMBL309334,2202736,5.52,N#CC(C#N)=C(N)/C(C#N)=C/c1ccc(O)c(O)c1
CHEMBL2064399,10967436,5.43,C[C@H](Nc1ncnc2cc3oc(=O)n(CCCN4CCOCC4)c3cc12)c1ccccc1
CHEMBL194349,1601108,6.21,CCOC(=O)c1cn2ncnc(Nc3ccc(Oc4ccccc4)cc3)c2c1CC
CHEMBL6001660,27652910,7.26,C=CC(=O)N1CCOc2ccc(Nc3nc(Nc4ccc(N(C)C(=O)C(F)(F)F)nc4)ncc3C(C)=O)cc21
CHEMBL3806170,16588550,7.78,C#Cc1cccc(Nc2ncnc3cc(OC4CCOC4)c4c(c23)OCCO4)c1
CHEMBL5972541,28883678,4.28,CN(C)C/C=C/C(=O)N1CCC(Nc2cncc(-c3cnc(Oc4cccc(Cl)c4)nc3)n2)CC1
CHEMBL5942187,27750518,6.71,C=CC(=O)Nc1cc(Nc2nccc(-c3cnn(C)c3)n2)c(OC)cc1N(C)CCN(C)C
CHEMBL5755118,26961400,6.69,C=CC(=O)N[C@H]1CC[C@@H](n2nc(C(=O)Nc3nc4cc(F)ccc4o3)c3c(N)ncnc32)CC1
CHEMBL5088574,24408197,6.47,C=CC(=O)Nc1cccc(-n2c(=O)c(C3CCCCC3)nc3cnc(Nc4cccc(N5CCN(C)CC5)c4)nc32)c1
CHEMBL5983827,28403150,8.7,CCN1CCC(N2C=C(C(Nc3cc(Cl)c4ncc(C#N)c(Nc5ccc(F)c(Cl)c5)c4c3)c3cscn3)NN2)CC1
CHEMBL4576802,19187639,6.66,CCOc1cc2ncc(C#N)c(Nc3ccc(F)c(Cl)c3)c2cc1NC(=O)C1CSSC1
CHEMBL5864620,26961337,7.69,CC(C)N(C)C/C=C/C(=O)N1CC[C@@H](n2cc(C(=O)Nc3nc4cc(Cl)ccc4o3)c3c(N)ncnc32)C1
CHEMBL3237931,14574814,6.37,COc1cc(N2CCN(C)CC2)ccc1Nc1ncc(Cl)c(Oc2cccc(NC(=O)CCN3CCCC3)c2)n1
CHEMBL455208,2271264,7.52,COc1ccccc1Cc1nc2ccc(-c3nn([C@H]4CC[C@H](N5CCNCC5)CC4)c4ncnc(N)c34)cc2[nH]1
CHEMBL5822102,27558896,6.46,C=CC(=O)Nc1cc(Nc2nc(-c3cccnc3)c3cc[nH]c3n2)c(OC)cc1N(C)CCN(C)C
CHEMBL5202381,24833338,6.54,CSc1nc(-c2ccc(F)cc2)c(-c2ccnc3[nH]c(-c4ccccc4)cc23)[nH]1
CHEMBL3746473,16416924,6.22,CC(=O)N1N=C(c2ccc([N+](=O)[O-])cc2)CC1c1ccc(C(=O)OCCn2c([N+](=O)[O-])cnc2C)cc1
CHEMBL5863176,28722632,4.68,C=CC(=O)N1CCC(Oc2cc3c(Nc4cccc5cnn(C)c45)ncnc3cn2)CC1
CHEMBL5288957,25059890,6.21,COc1cc2c(Nc3ccc(-c4ccccc4)cc3)ncnc2cc1OCC1CCN(C)CC1
CHEMBL4074601,18172233,7.92,CC(=O)N1CC[C@H](N2C(=O)N(c3ccccc3Cl)Cc3cnc(Nc4ccc(N5CCN(C)CC5)c(C)c4)nc32)C1
CHEMBL4570333,19146023,7.96,C=CC(=O)Nc1cc(Nc2nccc(-c3cn(C)c4ccccc34)n2)c(OC)cc1SCCN(C)C
CHEMBL5828286,28403612,8.52,CC[C@@H](Nc1c(C#N)cnc2c(Cl)cc(N[C@H](C3=CN(CC#N)NN3)c3cccnc3)cc12)c1ccccc1
CHEMBL6028594,26587508,7.8,C=CC(=O)Nc1cc2c(Nc3ccc(Br)cc3F)ncnc2cc1OCCNC(=O)C=CCN(C)C
CHEMBL5980501,26839027,8.51,CC(C)(C)CNc1ncnc2c(Cl)cc(NC(c3ccc(F)cc3)c3cn(C4(CF)CC4)nn3)cc12
CHEMBL5567575,25866163,6.72,C=CC(=O)N1CC(Oc2cc3c(-c4c[nH]nc4-c4cccc(OC)c4)ncnc3cc2OC)C1
CHEMBL3132872,13974940,7.44,C=CC(=O)Nc1ccc2ncnc(Nc3ccc(Br)cc3F)c2c1
CHEMBL3133893,13974928,5.36,C=CC(=O)Nc1ccc2ncnc(Nc3ccc(S(=O)(=O)Nc4ccccn4)cc3)c2c1
CHEMBL3983460,16847222,5.53,COc1cc2c(Nc3ccc(NC(=O)Nc4ccccc4)cc3)ncnc2cc1OCc1ccccc1
CHEMBL3301625,18114692,6.36,C=CC(=O)Nc1cccc(Nc2nc(Nc3ccc(OCCOC)cc3)ncc2F)c1
CHEMBL3344220,15130260,7.87,CS(=O)(=O)C[C@H](N)c1ccc(-c2ccc3ncnc(Nc4ccc(OCc5cccc(F)c5)c(Cl)c4)c3c2)o1
CHEMBL2334002,12712343,7.92,COc1cc2ncnc(Nc3ccc(F)c(Cl)c3)c2cc1OCCNCCN
CHEMBL3344208,15130270,8.17,CN(C)C(CS(C)(=O)=O)c1ccc(-c2ccc3ncnc(Nc4ccc(OCc5cccc(F)c5)c(Cl)c4)c3c2)o1
CHEMBL5966891,27737966,5.26,COc1ccc(F)cc1C(=O)NCc1ccc(-c2nn([C@H]3C=C[C@H](O)C3)c3ncnc(N)c23)cc1
CHEMBL2325098,12657558,6.15,Brc1ccc(C2=NN(c3ccccc3)C(c3ccc4ccccc4c3)C2)cc1
CHEMBL5998257,28404047,7.07,N#Cc1cnc2c(Cl)cc(N[C@H](C3=CN(C4COC4)NN3)c3cnc(Cl)cc3Cl)cc2c1Nc1ccc(F)c(Cl)c1
CHEMBL4073285,17967296,4.0,O=C(O)c1ccccc1-c1nnc(Cc2nc3ccccc3[nH]2)o1
CHEMBL3787344,16752404,8.38,Cc1cc(C(=O)Nc2nc3cccc(Cl)c3n2[C@@H]2CCCCN(C(=O)/C=C/CN(C)C)C2)ccn1
CHEMBL3970231,16895183,8.96,C=CC(=O)N1CCC(Oc2cc3c(Nc4ccc(F)c(Cl)c4F)ncnc3cc2OC)CC1
CHEMBL4093114,18048480,6.95,Fc1c(NC(=S)Nc2ccc3ncnc(Nc4cccc(Br)c4)c3c2)cccc1C(F)(F)F
CHEMBL6031887,26750051,7.07,N#CC1(c2cccc(C(=O)N[C@@H]3[C@H]4Oc5ccc(Oc6ccnc7c6CCC(=O)N7)cc5[C@@H]34)c2)CC1
CHEMBL5962503,27070046,5.26,CCN(CC)C(=O)N[C@@H]1CCCN(c2cnc(C(N)=O)c(Nc3ccc(C4CCN(C)CC4)cc3)n2)C1
CHEMBL2325089,12657567,5.97,Fc1ccc(C2=NN(c3ccccc3)C(c3cccc4ccccc34)C2)cc1
CHEMBL5938251,28405331,7.96,CCC(F)(F)CN1C=C([C@@H](Nc2cc(Cl)c3ncc(C#N)c(NCC(C)(C)C)c3c2)c2ccc(F)nc2C)NN1
CHEMBL4517633,19187635,8.05,N#Cc1cnc2cc(OC[C@@H](O)CO)c(NC(=O)C3CSSC3)cc2c1Nc1ccc(OCc2cccc(F)c2)c(Cl)c1
CHEMBL5266482,25018372,7.15,C=CC(=O)Nc1cc(Nc2ncc(Cl)c(-c3cn4c5c(cccc35)CCC4)n2)c(OC)cc1N(C)CCN(C)C
CHEMBL3676364,26587775,8.15,C=CC(=O)Nc1cc2c(Nc3ccc(Br)c(Cl)c3F)ncnc2cc1OCCNC(=O)CCN(CC)CC
CHEMBL3906200,16894468,7.0,COc1cc2ncnc(NCc3cccc(Br)c3)c2cc1OCCCCCCC(=O)NO
CHEMBL6043247,27737921,5.26,COc1ccccc1C(=O)NCc1ccc(-c2nn([C@H]3C=C[C@@H](OC(=O)C(C)(C)C)C3)c3ncnc(N)c23)cc1
CHEMBL5812101,27652742,5.26,C=CC(=O)Nc1cccc(Nc2nc(Nc3ccc(OCc4ccccn4)c(Cl)c3)ncc2F)c1
CHEMBL56542,1151710,5.68,N#C/C(=C\c1ccc(O)c(O)c1)C(=O)N1CCc2ccccc21
CHEMBL6013119,28405832,8.52,CC(C)(CNc1c(C#N)cnc2c(Cl)cc(N[C@H](C3=CN(C45CC(C4)C5)NN3)c3ccc(F)c4ncccc34)cc12)C(F)(F)F
CHEMBL2148050,12036079,8.17,CS(=O)(=O)CC(=O)NCCn1ccc2ncnc(Nc3ccc(Oc4cccc(Cl)c4)c(Cl)c3)c21
CHEMBL4468521,19218797,5.62,COCCOc1cc2ncnc(Nc3cc(OC)c(OC)c(OC)c3)c2cc1OCCOC
CHEMBL5932750,28403849,8.52,CC[C@@H](Nc1c(C#N)cnc2c(Cl)cc(N[C@H](C3=CNNN3)c3cccnc3)cc12)c1ccccc1
CHEMBL3763405,16478363,8.34,COc1cc2ncnc(Nc3ccc(C(=O)NC45CC6CC(CC(C6)C4)C5)c(Cl)c3)c2cc1OCCCN1CCOCC1
CHEMBL112225,6261338,6.08,COc1cc2ncc(C#N)c(Nc3cccc(Br)c3C)c2cc1OC
CHEMBL340660,872518,6.25,CCOc1cc2ncnc(Nc3cccc(-c4csc(N)n4)c3)c2cc1OCC
CHEMBL5972461,28620881,7.57,COc1cc(N2CCC(N3CCCC3)CC2)ccc1Nc1ncc(Cl)c(Nc2ccccc2NS(C)(=O)=O)n1
CHEMBL4527702,19293633,6.68,COc1cc(N(C)CCN(C)C)c(NC(=O)C=C(C)C)cc1Nc1nccc(-c2cn(C)c3ccccc23)n1
CHEMBL4759650,22896501,7.38,Fc1c(Nc2ncnc3cc4c(cc23)OCCO4)cccc1C(F)(F)F
CHEMBL6018694,27750674,8.1,C=CC(=O)Nc1cc(Nc2nccc(-c3cnc4c(ccn4C)c3)n2)c(OC)cc1OCCN(C)C
CHEMBL3916927,16895211,8.89,C=CC(=O)N1CC(Oc2cc3c(Nc4ccc(F)c(Cl)c4)ncnc3cc2OC)C1
CHEMBL4165267,18427554,7.54,C/C=C/C(=O)Nc1cc2c(N3CCc4ccccc43)ncnc2cc1O[C@@H]1CCOC1
CHEMBL5933251,28403672,8.4,CC[C@@H](Nc1c(C#N)cnc2c(Cl)cc(N[C@H](C3=CN(CC(F)(F)F)NN3)c3cccnc3)cc12)c1ccccc1
CHEMBL5921291,28404317,8.3,CC[C@@H](Nc1c(C#N)cnc2c(C#N)cc(N[C@H](C3=CN(C4CC4)NN3)c3cccc4ncsc34)cc12)c1ccccc1
CHEMBL4065300,18048496,7.22,Fc1cc(F)cc(NC(=S)Nc2ccc3ncnc(Nc4cccc(Cl)c4)c3c2)c1
CHEMBL194337,1603496,5.68,CN1CCC(Oc2cccc3ncnc(Nc4ccc(OCc5ccccn5)cc4)c23)CC1
CHEMBL6061460,26961325,7.69,CN(C)C/C=C/C(=O)N1CC(N2CC(C(=O)Nc3nc4cc(Cl)ccc4o3)c3c(N)ncnc32)C1
CHEMBL5966767,28721732,8.0,C=CC(=O)N1CC(OC2=CC3C(Nc4ccc(Cl)c(Cl)c4)=NC=NC3C=C2OC)C1
CHEMBL5847651,27737687,6.26,COc1ccccc1C(=O)NCc1ccc(-c2nn([C@@H]3CC[C@H](O)C3)c3ncnc(N)c23)cc1
CHEMBL2048906,10949873,8.54,CC(=O)NCCn1ccc2ncnc(Nc3ccc(Oc4cccc5sncc45)c(Cl)c3)c21
CHEMBL3237940,14574929,5.38,Cc1nn(-c2ccc(Cl)cc2)c(Cl)c1C1C(C#N)=C(N)N(c2cccnc2)C2=C1C(=O)CCC2
CHEMBL5921778,28405625,7.51,Cc1nc(F)ccc1[C@H](Nc1cc(C#N)c2ncc(C#N)c(NCC34CC(C3)C4)c2c1)C1=CN(C2(C(F)(F)F)CC2)NN1
CHEMBL473543,2390134,7.09,CS(=O)(=O)CCNCc1nc(-c2ccc3ncnc(Nc4ccc(OCc5ccccc5)cc4)c3c2)cs1
CHEMBL1946846,8025236,5.82,COc1nc(NCCN2CCOCC2)nc(Nc2ccc(Cl)cc2)n1
CHEMBL3622632,15743481,8.92,C#Cc1cccc(Nc2ncnc3cc(OCCOC)c(NC(=O)/C=C/CN(C)C)cc23)c1
CHEMBL3355889,14983533,9.28,COc1cc2ncnc(Nc3ccc(F)c(Cl)c3)c2cc1OCCCCn1c([N+](=O)[O-])cnc1C
CHEMBL1173655,24343039,8.6,CN(C)C/C=C/C(=O)Nc1cc2c(Nc3ccc(F)c(Cl)c3)ncnc2cc1O[C@H]1CCOC1
CHEMBL3622644,15743469,8.05,CN(C)C/C=C/C(=O)Nc1cc2c(Nc3ccc(OCc4ccccn4)cc3)ncnc2cc1O[C@H]1CCOC1
CHEMBL5740635,27070796,6.26,C[C@@H]1[C@H](NC(=O)N(C)C)CCCN1c1cnc(C(N)=O)c(Nc2ccc(C3CCN(C4CCCC4)CC3)cc2)n1
CHEMBL5619066,26122262,7.24,C=CC(=O)Nc1cc(Nc2ncc(F)c(-c3ccc4cc(C(=O)NC)n(C(C)C)c4c3)n2)c(OC)cc1N1CCN(C(C)C)CC1
CHEMBL4062543,18060661,8.77,C=CC(=O)NCCSc1nc(-c2ccccc2)c(-c2ccnc(Nc3ccccc3)c2)[nH]1
CHEMBL3813876,16612236,6.41,Fc1ccc(Nc2ncnc3ccc(NC(=S)NCCCN4CCOCC4)cc23)cc1Cl
CHEMBL3741304,16410648,7.5,C#Cc1cccc(Nc2ncnc3cc(OCCOC(=O)c4ccc(C(=O)Nc5ccc6c(c5)C(C)(C)CCC6(C)C)cc4)c(OCCOC)cc23)c1
CHEMBL6033422,28405505,8.52,COc1nccc2c([C@H](Nc3cc(C#N)c4ncc(C#N)c(NCC(C)(C)C)c4c3)C3=CN(C4CC4)NN3)cccc12
CHEMBL4211322,18456092,5.03,COc1cc(N2CCN(C)CC2)ccc1Nc1ncc(Cl)c(Oc2ccccc2[N+](=O)[O-])n1
CHEMBL196548,1601143,6.02,CCOCc1cn2ncnc(Nc3ccc4c(cnn4Cc4ccccc4)c3)c2c1CC
CHEMBL2437462,13483486,8.92,C=CC(=O)Nc1cccc(-n2c(=O)cnc3cnc(Nc4ccc(N5CCN(C)CC5)cc4)nc32)c1
CHEMBL5194245,24833335,7.42,CCC(=O)N[C@H]1CC[C@H](n2c(=O)c(-c3ccccc3Cl)cc3ccc(Nc4ccc(N5CCN(C)CC5)c(C)c4)cc32)CC1
CHEMBL6026193,28404458,8.4,CC(C)(C)CNc1c(C#N)cnc2c(Cl)cc(N[C@H](C3=CN(C4(CO)CC4)NN3)c3cccc4ncsc34)cc12
CHEMBL2424664,13452933,6.8,COc1cc2ncnc(Nc3ccc(F)c(Cl)c3)c2cc1OCCN1CC2(C1)CS(=O)(=O)C2
CHEMBL3604918,15685144,5.47,CCC(=O)Nc1cc(Nc2cc[nH]n2)nc(-c2ccccc2)n1
CHEMBL5945683,27619427,6.26,C=CC(=O)Nc1cccc(Nc2nc(Nc3ccc(C4CCN(C(C)=O)CC4)cc3OC)ncc2C(F)(F)F)c1
CHEMBL3897723,16809243,8.27,COc1ccc(/C=C/C(=N/Nc2nncc3ccccc23)c2ccc(Cl)cc2)cc1
CHEMBL5928387,28405031,8.7,Cc1nc(F)ccc1[C@H](Nc1cc(C#N)c2ncc(C#N)c(NCC(C)(C)C)c2c1)C1=CN(C23CC(C2)C3)NN1
CHEMBL5820008,27750590,7.42,C=CC(=O)Nc1cc(Nc2ncc(Cl)c(-c3ccn(C)c3)n2)c(OC)cc1N(C)CCN(C)C
CHEMBL2385971,13322660,5.52,CN1CCN(Cc2ccc(C(=O)Nc3ccc(-c4cncc(C#N)c4Nc4ccc(F)c(Cl)c4)cc3)cc2)CC1
CHEMBL2385987,13322644,5.46,CCOc1ccc(C(=O)Nc2ccc(OCc3ccccn3)c(Cl)c2)cc1NC(=O)c1ccc(CN2CCN(C)CC2)cc1
CHEMBL3671520,26587490,7.62,C=CC(=O)Nc1cc2c(Nc3ccc(Br)cc3F)ncnc2cc1OCCNC(=O)CS(C)(=O)=O
CHEMBL498134,2567865,7.8,CN1CCN(/N=C/c2c(N)ncnc2Nc2ccc3c(cnn3Cc3cccc(F)c3)c2)CC1
CHEMBL5563395,25955023,5.63,C/C=C/C(=O)Nc1cc2c(Oc3ccc(NC(=O)c4sc(-c5ccccc5)nc4C)cc3F)cccc2cc1OC
CHEMBL5825503,28517144,5.2,C=CC(=O)N1CC(Nc2nc(Nc3ccc(N4CCOCC4)c(Cl)c3)c3c(c2F)CNC3=O)CCC1C
CHEMBL598007,3126323,8.15,O=C(Nc1ccc2ncnc(Nc3cccc(Br)c3)c2c1)[C@@H]1O[C@H]1CN1CCCCC1
CHEMBL3742128,16404688,5.6,CN(C)C/C=C/C(=O)Nc1cccc(Nc2nc(N/N=C/c3ccc(F)cc3F)ncc2Cl)c1
CHEMBL56393,1163645,6.43,N#C/C(=C\c1ccc(O)c(O)c1)C(=O)c1ccc(O)c(O)c1
CHEMBL4456359,19310302,7.19,CC#CC(=O)Nc1cccc(-c2c(-c3ccccc3)oc3ncnc(N[C@H](CO)c4ccccc4)c23)c1
CHEMBL5980340,28404995,8.52,Cc1nc(F)ccc1[C@H](Nc1cc(C#N)c2ncc(C#N)c(NCC(C)(C)CCl)c2c1)C1=CN(C2(C(F)(F)F)CC2)NN1
CHEMBL5076283,24408181,8.29,C=CC(=O)Nc1cccc(-n2c(=O)c(-c3ccccc3)nc3cnc(Nc4ccc(OCCOC)cc4)nc32)c1
CHEMBL5831823,26961304,7.46,CC(C)N(C)C/C=C/C(=O)N1CC[C@@H](n2nc(C(=O)Nc3nc4cc(Cl)ccc4o3)c3c(N)ncnc32)C1
CHEMBL2316140,12615163,5.8,COc1cc(/C=C2\CCC/C(=C\c3ccccc3)C2=O)cc(OC)c1
CHEMBL5983026,26749988,7.23,O=C1CCc2c(Oc3ccc4c(c3)[C@H]3[C@H](NC(=O)c5ccc(F)c(F)c5)[C@H]3O4)ccnc2N1
CHEMBL6046213,27750656,6.94,C=CC(=O)Nc1cc(Nc2ncc(Cl)c(-c3cnc4c(ccn4C)c3)n2)c(OC)cc1N(C)CCCN(C)C
CHEMBL4089863,18039938,8.96,C=CC(=O)Nc1cc(Nc2n[nH]c3ccc(-c4ccc5ccccc5c4)cc23)c(OC)cc1N(C)CCN(C)C
CHEMBL3237938,14574927,4.74,Cc1nn(-c2ccccc2)c(Cl)c1C1C(C#N)=C(N)N(c2cccnc2)C2=C1C(=O)CCC2
CHEMBL4463563,19030006,6.04,C=CC(=O)N1CCC(Oc2nc(Nc3ccc(N4CCN(C(C)=O)CC4)cc3)nc3[nH]cc(-c4cncc(NC)n4)c23)CC1
CHEMBL3961848,16895220,8.52,C=CC(=O)N1CCC(Oc2cc3c(Nc4cccc(C=C)c4)ncnc3cc2OC)CC1
CHEMBL5884300,28404749,8.15,Cc1nc(F)ccc1[C@H](Nc1cc(Cl)c2ncc(C#N)c(NCC(C)(C)C)c2c1)C1=CN(C2(C(=O)N3CCOCC3)CC2)NN1
CHEMBL1092382,3261325,8.55,CCC(=O)Nc1ccc2nccc(Nc3cccc(Br)c3)c2c1
CHEMBL438075,1710027,4.6,CC(=O)Nc1ccc(C#Cc2cncnc2Nc2ccc(OCc3cccc(F)c3)c(Cl)c2)cc1
CHEMBL1087368,3222529,5.94,CCN(CC)CCNC(=O)c1[nH]c2cnnc(Nc3ccc(OCc4cccc(F)c4)c(Cl)c3)c2c1C
CHEMBL5755313,28332512,7.695,O=C1CCC(N2C(=O)c3cccc(NCCOCCc4ccc(-c5cc6c(NCc7ccccc7Cl)ncnc6[nH]5)cc4)c3C2=O)C(=O)N1
CHEMBL3930762,16811413,8.19,Cc1ccc(Oc2ccc(Nc3ncnc4ccc(-c5cn(CCCCCC(=O)NO)nn5)cc34)cc2C)cn1
CHEMBL5083034,24413781,7.33,C=CC(=O)Nc1cc(Nc2nccc(Nc3cn(C)c4ccccc34)n2)c(OC)cc1N(C)CCN(C)CC(=O)OC
CHEMBL3219347,14533902,7.85,C=CC(=O)Nc1cccc(N2C(=O)C(Cc3ccc(F)cc3)N(C)C(=O)c3cnc(Nc4ccc(N5CCN(C)CC5)cc4OC)nc32)c1
CHEMBL4096014,18172270,6.29,CCC(=O)N1CC[C@H](N2C(=O)N(c3cc(OC)ccc3F)Cc3cnc(Nc4ccc(N5CCN(C)CC5)c(CC)c4)nc32)C1
CHEMBL3133756,13973664,7.0,O=C(Nc1cccc(Nc2ncnc3cc(OCCCN4CCN(CCO)CC4)ccc23)c1)Nc1ccc(Cl)c(C(F)(F)F)c1
CHEMBL231875,1951300,7.05,Fc1cccc(Cn2ncc3cc(Nc4ncnn5ccc(CN6CCNCC6)c45)ccc32)c1
CHEMBL5932966,27653279,7.26,C=CC(=O)Nc1cccc(Nc2nc(Nc3ccc(OC(C)CO)c(F)c3)ncc2F)c1
CHEMBL6038402,28405190,8.4,Cc1ncsc1[C@H](Nc1cc(Cl)c2ncc(C#N)c(NCC(C)(C)C)c2c1)C1=CN(C2(C3CC3)CC2)NN1
CHEMBL4062722,18060532,7.26,CSc1nc(-c2ccc(F)cc2)c(-c2ccnc(Nc3cc(F)cc([N+](=O)[O-])c3)c2)[nH]1
CHEMBL4442035,19211860,5.34,COc1cc2c(Oc3ccc(C4SCC(=O)N4NC(=O)Nc4ccccc4)cc3)ccnc2cc1OCCCN1CCOCC1
CHEMBL3233773,14586671,8.52,CS(=O)(=O)CCNC/C=C/C(=O)Nc1cc2c(Nc3ccc(F)c(Cl)c3)ncnc2s1
CHEMBL5593219,25979158,8.23,Cc1cccc(-c2c(NC(=O)/C=C/[C@H]3CCCN3C)ccc3ncnc(Nc4ccc(OCc5ccccn5)c(Cl)c4)c23)c1
CHEMBL3969056,16668441,8.0,CN(C)C/C=C/C(=O)Nc1cc2c(Nc3ccc(Cc4ccccn4)cc3)ncnc2cn1
CHEMBL3233790,14586731,8.4,CCN1CCN(C/C=C/C(=O)Nc2cc3c(Nc4ccc(F)c(Cl)c4)ncnc3s2)CC1
CHEMBL3633151,15771536,8.22,C=CC(=O)Nc1cccc(-n2c(=O)cc(C)c3cnc(Nc4ccc(N(C)CCN(C)C)cc4OC)nc32)c1
CHEMBL3786343,22968056,9.05,C=CC(=O)Nc1cccc(Oc2nc(Nc3ccc(N4CCN(C)CC4)cc3)nc3ccsc23)c1
CHEMBL5892140,28405097,8.7,CC(C)(C)CNc1c(C#N)cnc2c(C#N)cc(N[C@H](C3=CN(C4(C(F)F)CC4)NN3)c3ccc(F)c4ncccc34)cc12
CHEMBL4229010,18577556,6.95,C=CC(=O)Nc1cccc(NC(=O)Nc2ccnc(Nc3ccc(N(CC)CC)cc3OC)n2)c1
CHEMBL1928950,7963948,7.32,N#CCC(=O)Nc1cccc(Oc2cc(Nc3ccc(OCc4cccc(F)c4)c(Cl)c3)ncn2)c1
CHEMBL4105392,18172251,6.42,CCC(=O)N1CC[C@H](N2C(=O)N(c3ccc(Cl)cc3)Cc3cnc(Nc4ccc(N5CCN(C)CC5)c(C)c4)nc32)C1
CHEMBL5398817,25665191,7.7,CN(C)CCn1ccc2cc(Nc3nccc(-c4sc(NS(=O)(=O)C5CCCCC5)nc4-c4ccc(F)cc4)n3)ccc21
CHEMBL5760794,28403744,5.35,Cc1ncccc1[C@H](Nc1cc(Cl)c2ncc(C#N)c(NC(CO)c3ccccc3)c2c1)C1=CNNN1
CHEMBL4649261,20690062,7.82,COc1cc(N(C)CCN(C)C)ccc1Nc1nccc(-c2cn(CCCO)c3ccccc23)n1
CHEMBL6041164,28405919,8.05,Cc1nc(F)ccc1[C@H](Nc1cc(Cl)c2ncc(C#N)c(NCC(C)(C)C)c2c1)C1=C(F)N(C23CC(C2)C3)NN1
CHEMBL6053281,28404515,8.7,Cc1nc(F)ccc1[C@H](Nc1cc(Cl)c2ncc(C#N)c(NCC(C)(C)C)c2c1)C1=CN(C2(C(N)=O)CC2)NN1
CHEMBL3623281,15745749,8.39,COc1cc2ncnc(Nc3cccc(Cl)c3F)c2cc1OC(=O)N1CCOCC1
CHEMBL3414594,15229677,6.74,COc1ccccc1-c1cc2c(NCc3ccccn3)ncnc2s1
CHEMBL251314,2047152,7.93,CCOc1cc2ncnc(C#CC(C)(Cc3ccccc3)N3CCC(C(=O)O)CC3)c2cc1OCC
CHEMBL31815,896557,8.33,C=CC(=O)Nc1ccc2ncnc(Nc3cccc(C)c3)c2c1
CHEMBL5419895,25665192,8.39,CCN(CC)CCn1ccc2cc(Nc3nccc(-c4sc(NS(=O)(=O)CC)nc4-c4ccc(F)cc4)n3)ccc21
CHEMBL3092309,13852035,6.78,O=C(NCCN1CCCCC1)Nc1cc2c(Nc3ccc(F)c(Cl)c3)ncnc2cc1O[C@H]1CCOC1
CHEMBL524457,2567866,7.52,Nc1ncnc(Nc2ccc3c(cnn3Cc3cccc(F)c3)c2)c1/C=N/N1CCCCC1
CHEMBL3133902,13975601,5.66,C=CC(=O)Nc1ccc2ncnc(Nc3ccc(Br)cc3C)c2c1
CHEMBL5272345,25018394,6.85,C=CC(=O)Nc1cc(Nc2ncc(C(=O)OCC(C)C)c(-c3cn(C)c4ccccc34)n2)c(OC)cc1N(C)CCN(C)C
CHEMBL5401705,25665175,6.54,COc1ccc(-c2nccn2-c2ccnc(Nc3ccc4c(ccn4CCN(C)C)c3)n2)cc1
CHEMBL3758471,16457540,8.22,C[C@@H](Nc1ncnc2sc(-c3cccc(C=O)c3)cc12)c1ccccc1
CHEMBL3087199,13826569,7.23,C=CC(=O)N1CC[C@H](N2C(=O)N(C3CCCC3)Cc3cnc(Nc4ccc(N5CCN(C)CC5)cc4OC)nc32)C1
CHEMBL383444,1697653,6.0,COc1ccc2c(c1)CNc1c(Nc3cccc(Br)c3)ncnc1O2
CHEMBL4569885,19110262,7.52,COc1cc(Nc2ncnc3cc(-c4ccc(C)cc4)sc23)cc(OC)c1OC
CHEMBL4087241,18052807,6.85,CC(C)C[C@@H](NC(=O)OC(C)(C)C)C(=O)Nc1ccc2ncnc(Nc3ccc(F)c(Cl)c3)c2c1
CHEMBL293749,1163650,6.03,N#C/C(=C\c1ccc(O)c(O)c1)C(=O)NCCc1ccccc1
CHEMBL4634499,20708025,6.92,O=C(/C=C/Cn1ccnc1)N1CCOc2cc3ncnc(Nc4ccc(OCc5cccc(F)c5)c(Cl)c4)c3cc21
CHEMBL5182465,24871154,6.92,COc1cc2ncnc3c2cc1OCCOCCOc1cc(F)c(Cl)cc1N3
CHEMBL3908711,16666126,6.34,O=C(CBr)OCCn1c(=O)oc2cc3ncnc(Nc4ccc(F)c(Cl)c4)c3cc21
CHEMBL4089892,18243208,8.08,OCCCCc1nc(-c2ccc(F)cc2)c(-c2ccnc3[nH]c(-c4ccccc4)cc23)[nH]1
CHEMBL5903491,28403786,8.1,Cc1ncccc1[C@H](Nc1cc(Cl)c2ncc(C#N)c(Nc3ccc(Cl)c(Cl)c3F)c2c1)C1=CN(C2CCN(C(C)(C)C)CC2)NN1
CHEMBL5806638,28405094,8.3,CC(C)(C)CNc1c(C#N)cnc2c(C#N)cc(N[C@H](C3=CN(C4(C(F)(F)F)CC4)NN3)c3ccc(C#N)c4cnccc34)cc12
CHEMBL5964497,28403747,8.4,CC[C@@H](Nc1c(C#N)cnc2c(Cl)cc(N[C@H](C3=CNNN3)c3cccnc3C)cc12)c1ccccc1
CHEMBL4757806,22835807,9.4,COc1cc(C(N)=O)ccc1-c1cc2c(N[C@H](C)c3ccccc3)ncnc2[nH]1
CHEMBL4539566,18994327,6.78,Cc1ccc(CSc2nc3[nH]c(C)cc(=O)n3n2)cc1
CHEMBL5078816,24381007,7.64,CN1CCN(C2CCN(c3ccc(Nc4ncc(Cl)c(Nc5ccccc5P(C)(C)=O)n4)cc3C(F)F)CC2)CC1
CHEMBL5412895,25533350,6.24,CC(C)C(=O)Nc1cc(Nc2nccc(-c3cn(C)c4ccccc34)n2)cc2cnn(CCN(C)C)c12
CHEMBL5080676,24413779,7.93,C=CC(=O)Nc1cc(Nc2nccc(Nc3cn(C)nc3C)n2)c(OC)cc1N(C)CCN(C)C
CHEMBL3948267,16668438,8.52,O=C(/C=C/CN1CCCC1)Nc1cc2c(Nc3ccc4c(cnn4Cc4ccccc4)c3)ncnc2cn1
CHEMBL202421,1681975,7.77,CCCCN(CC#CC(=O)Nc1cc2c(Nc3ccc(F)c(Cl)c3)ncnc2cn1)CCCC
CHEMBL4126810,18299303,8.77,CN1CCN(c2ccc(Nc3cc4c(N[C@H]5CCCN(C)C5)nc(Nc5ccccc5)nc4cn3)nc2)CC1
CHEMBL5872606,26749511,8.64,CCN1CCN(Cc2cc(C(=O)N[C@@H]3[C@H]4Oc5ccc(Oc6ccnc7c6CCC(=O)N7)cc5[C@@H]34)cc(C(F)(F)F)c2)CC1
CHEMBL4457018,19030004,8.06,C=CC(=O)N1CCC[C@@H](Oc2nc(Nc3ccc(N4CCN(CC)CC4)cc3)nc3[nH]cc(-c4cncc(NC)n4)c23)C1
CHEMBL388978,18243213,9.42,CN[C@@H]1C[C@H]2O[C@@](C)([C@@H]1OC)n1c3ccccc3c3c4c(c5c6ccccc6n2c5c31)C(=O)NC4
CHEMBL4645434,20690046,8.66,C=CC(=O)Nc1cc(Nc2nccc(-c3cn(CCCO)c4ccccc34)n2)c(OC)cc1F
CHEMBL5416719,25691204,7.2,C=CC(=O)Nc1cc(-c2c(-c3ccccc3)oc3ncnc(NCCO)c23)ccc1N(C)CCN(C)C
CHEMBL6007769,28403186,8.15,N#Cc1cnc2c(Cl)cc(N[C@H](C3=CN(C4COC4)NN3)c3cccc4c3SCN4)cc2c1Nc1cnc(F)c(F)c1
CHEMBL3092317,13852027,6.33,CN(C)CCCN(C)C(=O)Nc1cc2c(Nc3ccc(F)c(Cl)c3)ncnc2cc1O[C@H]1CCOC1
CHEMBL6002810,28404686,7.7,Cc1nc(F)ccc1[C@H](Nc1cc(Cl)c2ncc(C#N)c(NCC(C)(C)CO)c2c1)C1=CN(C2(C(F)(F)F)CC2)NN1
CHEMBL4084847,17956894,8.37,NP(=O)(OCCOc1ccc2ncnc(Nc3cccc(Br)c3)c2c1)N(CCCl)CCCl
CHEMBL5271930,25078697,9.39,C=CC(=O)N1CCC(Oc2cc3c(Nc4ccc(F)c(F)c4F)ncnc3cc2O[C@H]2CCOC2)CC1
CHEMBL2031302,10888041,9.74,C=CC(=O)Nc1cc2c(Nc3ccc(F)c(Cl)c3)ncnc2cc1OCC
CHEMBL4849721,23276954,5.51,COc1cc2cccc(Oc3ccc(NC(=O)C4(C(=O)Nc5ccc(F)cc5)CC4)cc3)c2cc1OC
CHEMBL5758455,28403405,8.05,CC[C@@H](Nc1c(C#N)cnc2c(Cl)cc(N[C@@H](C3=CN(C4CC4)NN3)c3cccnc3F)cc12)c1ccccc1
CHEMBL5769440,28405622,7.51,Cn1ccc2c([C@H](Nc3cc(C#N)c4ncc(C#N)c(NCC(C)(C)C)c4c3)C3=CN(C4(C(F)F)CC4)NN3)cccc21
CHEMBL2048797,10949878,8.51,OCCn1ccc2ncnc(Nc3ccc(Oc4cccc5[nH]ccc45)c(Cl)c3)c21
CHEMBL5994880,27540851,4.85,NC(=O)c1c(-c2ccc(Oc3cccc(C(F)(F)F)n3)cc2)nn(C2CCCN(C(=O)/C=C/CO)C2)c1N
CHEMBL1080990,3222534,5.92,CCOC(=O)c1[nH]c(C)c2cnnc(Nc3ccc(OCc4cccc(F)c4)c(Cl)c3)c12
CHEMBL4530686,19290326,6.89,O=C1c2cc(Oc3ccc(N4CCNCC4)cc3)ccc2Nc2ccc(F)cc2N1Cc1ccccc1
CHEMBL5089336,24413808,7.44,C=CC(=O)Nc1cc(Nc2nccc(Nc3cn(C)c4ccccc34)n2)c(OC)cc1N(C)CCN(C)C(=O)C=C
CHEMBL5876067,27502184,6.26,N#Cc1cnc2cc(OC[C@H](O)CO)c(NC(=O)C[C@H]3CCSS3)cc2c1Nc1ccc(OCc2cccc(F)c2)c(Cl)c1
CHEMBL3612598,15698279,6.18,CCOC(=O)CCCn1c(=O)oc2cc3ncnc(Nc4ccc(C(=O)OCc5ccc(Cl)cc5)cc4)c3cc21
CHEMBL4218320,18456100,5.67,COc1cc(N2CCN(C)CC2)ccc1Nc1ncc(Cl)c(Oc2ccccc2NC(=O)CCOCc2ccccc2)n1
CHEMBL3219125,14533877,7.65,C=CC(=O)Nc1cccc(N2C(=O)CN(C)C(=O)c3cnc(Nc4ccc(N5CCN(C)CC5)cc4OC)nc32)c1
CHEMBL6000037,26768737,7.65,COc1cc2ncnc(Nc3ccc(OCc4cccc(F)c4)c(Cl)c3)c2cc1NC(=O)/C=C/CN1C[C@@H]2OCCO[C@@H]2C1
CHEMBL3753235,16444052,9.7,C=CC(=O)Nc1cccc(-n2c(=O)c(-c3ccccc3)cc3cnc(Nc4ccc(N5CCN(C)CC5)cc4OC)nc32)c1
CHEMBL5777803,28405586,8.4,CC[C@@H](Nc1c(C#N)cnc2c(C#N)cc(N[C@H](C3=CN(C4(C(F)F)CC4)NN3)c3ccc(F)nc3C)cc12)c1ccccc1
CHEMBL5881427,28405352,8.3,Cc1nc(F)ccc1[C@H](Nc1cc(Cl)c2ncc(C#N)c(NCC(C)(C)C)c2c1)C1=CN(C2(C(C)C)CC2)NN1
CHEMBL2029430,10884001,8.52,C=CC(=O)Nc1cccc(N2C(=O)N(C)Cc3cnc(Nc4ccc(N5CCN(C)CC5)cc4OCC)nc32)c1
CHEMBL1928948,7963946,6.89,CCOC(=O)/C=C/C(=O)Nc1cccc(Oc2cc(Nc3ccc(OCc4cccc(F)c4)c(Cl)c3)ncn2)c1
CHEMBL3763701,16478378,7.81,COc1cc2ncnc(Nc3cc(C(=O)NC45CC6CC(CC(C6)C4)C5)ccc3C)c2cc1OCCCN1CCOCC1
CHEMBL1421,26164364,6.23,Cc1nc(Nc2ncc(C(=O)Nc3c(C)cccc3Cl)s2)cc(N2CCN(CCO)CC2)n1
CHEMBL4081252,18172256,6.82,CCC(=O)N1CC[C@H](N2C(=O)N(c3ccc(OC)cc3)Cc3cnc(Nc4ccc(N5CCN(C)CC5)c(C)c4)nc32)C1
CHEMBL5938227,28405430,8.7,Cn1ccc2c([C@H](Nc3cc(Cl)c4ncc(C#N)c(NCC(C)(C)C(F)(F)F)c4c3)C3=CN(C4(C5CC5)CC4)NN3)cccc2c1=O
CHEMBL5939053,27558902,6.5,C=CC(=O)Nc1cc(Nc2nc(-c3ccccc3)c3cc[nH]c3n2)c(OC)cc1N(C)CCN(C)C
CHEMBL3633141,15771538,8.22,C=CC(=O)Nc1cc(Nc2cncc(-c3cn(C)c4ccccc34)n2)c(OC)cc1N(C)CCN(C)C
CHEMBL5779959,28405133,7.46,CC(C)(C)CNc1c(C#N)cnc2c(Cl)cc(N[C@H](C3=CN(C(C)(C)C(F)F)NN3)c3cccc4cnccc34)cc12
CHEMBL5862522,26750015,7.89,CC(C)(C#N)c1cccc(C(=O)N[C@@H]2[C@H]3Oc4ccc(Oc5ccnc6c5CCC(=O)N6)cc4[C@@H]23)c1
CHEMBL5196064,24871157,4.2,COc1cc2ncnc3c2cc1OCCCCCCOc1cc(Cl)ccc1N3
CHEMBL3604920,15685119,6.05,C=CC(=O)Nc1ccccc1Oc1nc(Nc2cc(C)[nH]n2)cc(N2CCN(C)CC2)n1
CHEMBL3416598,15229678,6.56,COc1ccccc1-c1cc2c(NCc3cccnc3)ncnc2s1
CHEMBL3805383,16588565,7.08,CC(C)Oc1cc2ncnc(Nc3ccc(F)c([N+](=O)[O-])c3)c2c2c1OCCO2
CHEMBL3647421,26589080,8.4,CCOc1cc2ncnc(Nc3ccc(F)c(Cl)c3)c2cc1NC(=O)/C=C/[C@@H]1CCCN1C
CHEMBL188522,1462471,6.47,Cc1ccc(Nc2ncnn3ccc(C)c23)cc1O
CHEMBL3671517,26587481,7.85,C=CC(=O)Nc1cc2c(Nc3ccc(Br)cc3F)ncnc2cc1OCCNC(=O)COC
CHEMBL3622671,15743440,8.28,C#Cc1cccc(Nc2ncnc3cc(O[C@H]4CCOC4)c(NC(=O)/C=C/CN4CCCCC4)cc23)c1
CHEMBL3586174,15628377,5.09,O=C1N=C(N2CCC[C@H]2C(=O)Nc2ccc3ncnc(Nc4cccc(Cl)c4)c3c2)S/C1=C/c1cccs1
CHEMBL2385974,13322657,6.07,CCOc1cc([N+](=O)[O-])c(C(=O)Nc2ccc(OCc3ccccn3)c(Cl)c2)cc1NC(=O)/C=C/CN(C)C
CHEMBL5935788,28405298,7.68,Cc1nc(F)ccc1[C@H](Nc1cc(Cl)c2ncc(C#N)c(NCC34CC(C3)C4)c2c1)C1=CN(C2(C(F)F)CC2)NN1
CHEMBL5169547,24902265,7.86,C=CC(=O)Nc1ccc2ncnc(Nc3ccc4[nH]ccc4c3)c2c1
CHEMBL4449391,19158989,8.4,C=CC(=O)Nc1cc(Nc2ncc(Cl)c(Nc3ccccc3S(=O)(=O)N(C)C)n2)c(OC)cc1N(C)CCN(C)C
CHEMBL3671480,26587367,7.25,C=CC(=O)Nc1cc2c(Nc3ccc(Br)cc3F)ncnc2cc1OCc1ccncc1
CHEMBL5763337,28404683,8.52,CC(C)(C)CNc1c(C#N)cnc2c(Cl)cc(N[C@H](C3=CN(C4(C(F)(F)F)CC4)NN3)c3cccc4ccncc34)cc12
CHEMBL4593609,19236721,7.72,COc1cc2c(Nc3ccc(NC(=O)[C@@H](c4ccccc4)N4Cc5ccccc5C4=O)cc3F)ncnc2cc1OCC1CCN(C)CC1
CHEMBL3924787,16894448,7.0,C[C@@H](Nc1ncnc2ccc(OCCCCCC(=O)NO)cc12)c1ccccc1
CHEMBL5814409,27653111,7.26,C=CC(=O)Nc1cccc(Nc2nc(Nc3ccc(OC)nc3)ncc2C(N)=O)c1
CHEMBL3774609,16499793,6.08,O=C1COc2cc3ncnc(Nc4ccc(Br)cc4)c3cc2N1CCCN1CCOCC1
CHEMBL3098312,13868165,4.17,COc1cc2nc(Cl)nc(Nc3ccc(S(=O)(=O)N(C)C)cc3)c2cc1OC
CHEMBL5863579,28404086,8.52,CC(C)N1C=C([C@@H](Nc2cc(Cl)c3ncc(C#N)c(Nc4ccc(F)c(Cl)c4)c3c2)c2csc3c2CCNC3)NN1
CHEMBL5934972,27653336,6.26,C=CC(=O)Nc1cccc(Nc2nc(Nc3ccc(Cl)c(O[C@H]4CCOC4)c3)ncc2F)c1
CHEMBL5950889,26961241,7.48,C=CC(=O)N1CCC[C@@H](n2nc(C(=O)Nc3nc4ccc(C#N)cc4o3)c3c(N)ncnc32)C1
CHEMBL4748320,22835821,9.52,CN(C)CCNCc1ccc(-c2cc3c(N[C@H](CO)c4ccccc4)ncnc3[nH]2)cc1
CHEMBL5182553,24848234,9.7,CN1CCC(c2ccc(-c3ccc4c(c3)C(=O)N(C(C(=O)Nc3nccs3)c3cccc(F)c3)C4)cc2)CC1
CHEMBL1829273,6358493,4.73,O=C(Cc1cccc(Br)c1)NS(=O)(=O)c1ccc(F)cc1
CHEMBL5780659,28403681,7.77,CC(C)(C)N1C=C([C@@H](Nc2cc(Cl)c3ncc(C#N)c(Nc4cnc(F)c(F)c4)c3c2)c2cccnc2)NN1
CHEMBL5612976,26110321,5.59,O=C1CN(c2nc(Nc3cccc(Cl)c3)nc(Nc3cccc(Cl)c3)n2)C(=O)S1
CHEMBL248322,2038902,7.16,NC1CCN(Cc2ccn3ncnc(Nc4ccc(OCc5cccc[n+]5[O-])c(Cl)c4)c23)CC1
CHEMBL5859093,27738137,5.26,COc1ccccc1C(=O)NCc1c(F)cc(-c2nn(C3CCCC3)c3ncnc(N)c23)cc1F
CHEMBL3774947,16499802,7.2,O=C1COc2cc3ncnc(Nc4cccc(Cl)c4)c3cc2N1CCCN1CCOCC1
CHEMBL5171139,24749163,6.34,O=C(Nc1nccs1)C(c1ncn2c1CCC2)N1Cc2ccc(C#Cc3cccnc3)cc2C1=O
CHEMBL187007,1453223,4.54,COc1cc2ncnc(Nc3cc(NC(=O)c4cccc(N(C)C)c4)ccc3Cl)c2cc1OC
CHEMBL195204,1603494,6.16,CN1CCC(Oc2cccc3ncnc(Nc4ccc(OCc5cscn5)c(Cl)c4)c23)CC1
CHEMBL5828049,28405847,7.96,COc1nccc2c([C@H](Nc3cc(Cl)c4ncc(C#N)c(NCC(C)(C)C)c4c3)C3=C(F)N(C4(C(F)(F)F)CC4)NN3)cccc12
CHEMBL3939771,16811415,8.16,O=C(CCCCCn1cc(-c2ccc3ncnc(Nc4ccc(OCc5nccs5)c(Cl)c4)c3c2)nn1)NO
CHEMBL5755992,28403138,8.7,CC[C@@H](Nc1c(C#N)cnc2c(Cl)cc(N[C@H](C3=CN(C(F)(F)CO)NN3)c3cccnc3)cc12)c1ccccc1
CHEMBL3671503,26587439,7.02,C=CC(=O)Nc1cc2c(Nc3ccc(Br)cc3F)ncnc2cc1OCCNC
CHEMBL1944921,8025245,4.75,COc1cccc2c1C(=O)c1c(O)ccc(O)c1C2=O
CHEMBL4866476,23203431,7.18,O=C1N=C(NN2Cc3ccccc3N=C2c2ccccc2)S/C1=C/c1ccccc1
CHEMBL4457733,19114831,5.95,COc1cc2c(Oc3ccc(NS(=O)(=O)c4cc(F)ccc4F)cc3F)ccnc2cc1OCCCN1CCCC(C)C1
CHEMBL3760071,16457566,8.4,COC(=O)c1cc(OC)c(-c2cc3c(N[C@H](C)c4ccccc4)ncnc3s2)c(OC)c1
CHEMBL553,26212546,7.4,C#Cc1cccc(Nc2ncnc3cc(OCCOC)c(OCCOC)cc23)c1
CHEMBL6022365,28403861,8.7,CC[C@@H](Nc1c(C#N)cnc2c(Cl)cc(N[C@H](C3=CN(C4CCN(C(C)(C)C)CC4)NN3)c3cccnc3)cc12)c1ccccc1
CHEMBL5824101,28404170,6.74,N#Cc1cnc2c(Cl)cc(NC(c3cccnc3)c3ccccn3)cc2c1Nc1ccc(F)c(Cl)c1
CHEMBL3622643,15743470,8.09,CN(C)C/C=C/C(=O)Nc1cc2c(Nc3ccc(OCc4ccccn4)c(Cl)c3)ncnc2cc1O[C@H]1CCOC1
CHEMBL3787662,16540069,8.4,C=CC(=O)Nc1cccc(Oc2nc(Nc3ccc(N4CCN(C)CC4)cc3)nc3[nH]ccc23)c1
CHEMBL6011359,27750668,7.43,C=CC(=O)Nc1cc(Nc2ncc(Cl)c(-c3cnc4c(ccn4C)c3)n2)c(OC)cc1N(C)CCNC
CHEMBL31745,572503,5.2,CC#CC(=O)Nc1cnc2ncc(C#N)c(Nc3cccc(Br)c3)c2c1
CHEMBL202621,1681984,7.07,O=C(C#CCN1CCOCC1)Nc1ccc2ncnc(Nc3ccc(F)c(Cl)c3)c2c1
CHEMBL4586581,18945173,8.08,COc1cc2ncnc(Nc3ccc(F)c(Cl)c3)c2cc1OCCCN1CCNCCNCC1
CHEMBL5943616,26961316,8.0,C=CC(=O)N1CC[C@@H](n2nc(C(=O)Nc3nc4cc(CCOC)ccc4o3)c3c(N)ncnc32)C1
CHEMBL454370,2390195,8.96,C=C/C=C/C(=O)Cc1cc2c(Nc3cccc(Br)c3)ncnc2cn1
CHEMBL5415196,25691154,6.95,C=CC(=O)Nc1cc(-c2c(-c3ccccc3)oc3ncnc(NC)c23)ccc1N(C)CCN(C)C
CHEMBL5938548,27737543,6.26,Nc1ncnc2c1c(-c1ccc(CNC(=O)c3ccccc3OC(F)(F)F)cc1)nn2C1CCCC1
CHEMBL5400219,25533372,7.72,C/C=C/C(=O)Nc1cc(Nc2nccc(-c3cn(S(=O)(=O)CC)c4ccccc34)n2)cc2cnn(CCN(CC)CC)c12
CHEMBL4460151,19073799,7.78,COc1cc2c(Nc3ccc(F)cc3)ncnc2cc1OCCOCCNC(=O)Cn1cnc([N+](=O)[O-])n1
CHEMBL243839,1943187,7.32,CCOc1cc2ncnc(NC3=CC(=O)C(OCc4cccs4)=CC3=O)c2cc1NC(=O)/C=C/CN(C)C
CHEMBL3765263,16478379,8.95,COc1cc2ncnc(Nc3cccc(C(=O)NC45CC6CC(CC(C6)C4)C5)c3)c2cc1OCCCN1CCOCC1
CHEMBL4849337,23256354,6.95,O=C(CN1CCOCC1)Nc1ccc(Nc2ncc(Cl)c(Nc3ccccc3C(=O)NO)n2)cc1
CHEMBL5870912,28404941,8.15,Cc1ncsc1[C@H](Nc1cc(Cl)c2ncc(C#N)c(NCC(C)(C)C)c2c1)C1=CN(C2(C(F)F)CC2)NN1
CHEMBL6065282,27070520,5.26,CCN1CCC(c2ccc(Nc3nc(N4CCC[C@@H](NC(=O)N(C)C)C4)cnc3C(N)=O)cc2)CC1
CHEMBL5822177,27069437,5.26,CN(C/C=C/C(=O)N1CCC[C@@H](Nc2nnc(C(N)=O)c(Nc3ccc(S(C)(=O)=O)cc3)n2)C1)C1CC1
CHEMBL4520903,19290328,6.16,O=C1c2ccccc2Nc2ccc(F)cc2N1Cc1ccccc1
CHEMBL5415565,25691171,6.22,C=CC(=O)Nc1cccc(-c2c(-c3ccccc3)oc3ncnc(NCCOc4ccccc4)c23)c1
CHEMBL2347970,12722992,7.14,OC[C@@H](Nc1ncnc2oc(-c3ccccc3)c(-c3ccco3)c12)c1ccccc1
CHEMBL2385968,13322663,6.18,CN(C)C/C=C/C(=O)Nc1ccc(-c2cncc(C#N)c2Nc2ccc(OCc3cccc(F)c3)c(Cl)c2)cc1
CHEMBL5273000,25059915,7.44,COc1cc2c(Nc3ccc(Oc4cccc(F)c4)cc3)ncnc2cc1OCC1CCN(C)CC1
CHEMBL5834830,28404092,7.89,CC(C)(C)N1CCC(N2C=C([C@@H](Nc3cc(Cl)c4ncc(C#N)c(Nc5ccc(F)c(Cl)c5)c4c3)c3cocn3)NN2)CC1
CHEMBL3676355,26587748,8.05,C=CC(=O)Nc1cc2c(Nc3cc(Cl)c(Br)cc3F)ncnc2cc1OCCNC(=O)CN(C)C
CHEMBL5743278,27070034,5.26,CCN(C)C(=O)N[C@@H]1CCCN(c2cnc(C(N)=O)c(Nc3ccc(C4CCN(C)CC4)cc3)n2)C1
CHEMBL4097369,18048452,8.08,O=C(Nc1ccc2ncnc(Nc3cccc(Br)c3)c2c1)c1ccco1
CHEMBL2029441,10883648,8.61,C=CC(=O)Nc1cccc(N2C(=O)N(c3ccc(OCc4ccccc4)cc3)Cc3cnc(Nc4ccc(N5CCN(C)CC5)cc4OC)nc32)c1
CHEMBL5754433,28404014,7.4,CC(C)(C)N1C=C([C@@H](Nc2cc(Cl)c3ncc(C#N)c(Nc4ccc(F)c(Cl)c4)c3c2)c2cocn2)NN1
CHEMBL4092632,18172237,7.53,Cc1cc(Nc2ncc3c(n2)N([C@H]2CCN(C(=O)C(C)(C)C)C2)C(=O)N(c2ccccc2Cl)C3)ccc1N1CCN(C)CC1
CHEMBL5796746,26839126,7.77,CCN1CCC(n2cc([C@@H](Nc3cc(Cl)c4ncnc(Nc5ccc(F)c(Cl)c5)c4c3)c3ccc(Cl)cc3)nn2)CC1
CHEMBL3604919,15685171,5.6,C=CC(=O)Nc1cccc(-c2nccc(Nc3cc(C)[nH]n3)n2)c1
CHEMBL300083,1083482,5.68,Nc1cc2ncnc(NCc3ccccc3)c2cn1
CHEMBL4079566,18039937,8.57,C=CC(=O)Nc1cc(Nc2n[nH]c3ccc(-c4cccc5ccccc45)cc23)c(OC)cc1N(C)CCN(C)C
CHEMBL215814,1766878,7.1,CS(=O)(=O)CCNCc1ccc(-c2ccc3ncnc(Nc4ccc(OCc5cccc(F)c5)c(C(F)(F)F)c4)c3c2)o1
CHEMBL4780965,22835818,8.7,OC[C@@H](Nc1ncnc2[nH]c(-c3ccncc3)cc12)c1ccccc1
CHEMBL5752067,26838991,7.89,CC(C)(C)CNc1ncnc2c(Cl)cc(NC(c3cn(CC(=O)O)nn3)c3ccccc3Cl)cc12
CHEMBL5945102,28517069,5.285,C=CC(=O)N1CCCC(Nc2nc(-c3cnn(C)c3)c3c(c2F)CNC3=O)C1
CHEMBL4288761,18765368,6.03,CCOC(=O)CCC(=O)Nc1cc(Nc2cccc(Br)c2)ncn1
CHEMBL3621220,15743407,6.99,C=CC(=O)Nc1cc2c(Nc3ccc(OCc4cccc(F)c4)c(Cl)c3)ncnc2cc1OCCOC
CHEMBL3671553,26587592,7.01,C=CC(=O)Nc1cc2c(Nc3ccc(Br)cc3F)ncnc2cc1OC[C@H](C)NC(C)=O
CHEMBL5818806,28403753,7.72,N#Cc1cnc2c(Cl)cc(N[C@H](C3=CNNN3)c3csc4c3CCN(C3COC3)C4)cc2c1Nc1ccc(Cl)c(Cl)c1F
CHEMBL3671515,26587475,7.23,C=CC(=O)Nc1cc2c(Nc3ccc(Br)cc3F)ncnc2cc1OCCN(C)C(C)=O
CHEMBL211003,1715571,7.52,CNC(=O)[C@@H](C)N(C)Cc1cc2c(Nc3cccc(Cl)c3F)ncnc2cc1OC
CHEMBL5986548,28403579,8.3,N#Cc1cnc2c(Cl)cc(N[C@@H](C3=CNNN3)c3cccnc3)cc2c1Nc1cnc(F)c(F)c1
CHEMBL5909725,28405079,8.22,Cn1nccc1[C@H](Nc1cc(Cl)c2ncc(C#N)c(NCC(C)(C)C)c2c1)C1=CN(C2(C(F)F)CC2)NN1
CHEMBL3741424,16410653,8.3,C#Cc1cccc(Nc2ncnc3cc(OCCOC(=O)c4ccccc4OC(C)=O)c(OCCOC)cc23)c1
CHEMBL5750528,28405682,8.52,Cc1nc(F)ccc1[C@H](Nc1cc(C#N)c2ncc(C#N)c(NCC(C)(C)C(F)(F)F)c2c1)C1=CN(C2(C3CC3)CC2)NN1
CHEMBL3647964,23310017,8.92,C=CC(=O)N1CCC[C@H](n2nc(-c3ccc(Oc4ccccc4)cc3)c3c(N)ncnc32)C1
CHEMBL3741399,16410647,7.47,C#Cc1cccc(Nc2ncnc3cc(OCCOC(=O)c4ccccc4OC(C)=O)c(OCCOC(=O)c4ccccc4OC(C)=O)cc23)c1
CHEMBL190094,1495657,9.96,CN(C)C/C=C/C(=O)Nc1ccc2ncnc(Nc3cc(Cl)c(Cl)cc3F)c2c1
CHEMBL4854693,23250028,6.17,C=CS(=O)(=O)Nc1cccc(Nc2nc(Nc3ccc(N4CCN(C(C)=O)CC4)cc3OC)ncc2Cl)c1
CHEMBL5436634,25482725,6.64,Cn1cc(-c2ccnc(Nc3cccc(OCCCCn4ccnc4[N+](=O)[O-])c3)n2)c2ccccc21
CHEMBL5184941,24824814,7.6,CC(C)c1nnc(N2CC[C@H]2C)c2cnc(Nc3ccnc(N4CC[C@@H](O)[C@@](C)(F)C4)n3)cc12
CHEMBL4067014,18248419,6.73,C=CC(=O)Nc1cc(Nc2nccc(-n3cc(C)c4ccccc43)n2)c(OC)cc1N(C)CCN(C)C
CHEMBL5740251,28333094,7.54,O=C1CCC(N2C(=O)c3ccc(OCCN4CCN(Cc5ccc(C6Cc7c(NCc8ccccc8Cl)ncnc7N6)cc5)CC4)cc3C2=O)C(=O)N1
CHEMBL4550473,18994329,7.23,Cc1cc(=O)n2nc(SCc3cccc(Cl)c3)nc2[nH]1
CHEMBL73820,2202738,4.52,N#C/C(=C\c1ccc(O)c(O)c1)C(=O)O
CHEMBL3758376,16457549,8.7,CN(C)CCNC(=O)c1ccc(-c2cc3c(N[C@H](CO)c4ccccc4)ncnc3s2)cc1
CHEMBL5872316,27738200,5.26,CC(C)c1ccccc1C(=O)NCc1ccc(-c2nn(C3CCCC3)c3ncnc(N)c23)cc1
CHEMBL3741245,16404700,5.89,C=CC(=O)Nc1cccc(Nc2nc(N/N=C(\C)c3ccc(F)cc3)ncc2Cl)c1
CHEMBL5837449,27652901,7.26,C=CC(=O)Nc1cccc(Nc2nc(Nc3ccc(OCCOC)cc3)ncc2C2CC2)c1
CHEMBL5200988,24848251,8.01,CN1CCC(c2ccc(-c3ccc4c(=O)n(C(C(=O)Nc5nccs5)c5ccccc5)ncc4c3)cc2)CC1
CHEMBL5938505,27653192,5.26,C=CC(=O)Nc1ccc(Nc2nc(Nc3cccc(OC)c3)ncc2C(F)(F)F)cc1
CHEMBL3133751,13973669,6.54,COc1cc2ncnc(Nc3ccc(NC(=O)Nc4ccc(Cl)c(C(F)(F)F)c4)cc3)c2cc1OCCCN1CCOCC1
CHEMBL6060271,28404848,7.26,Cc1nc(F)ccc1[C@H](Nc1cc(Cl)c2ncc(C#N)c(NC3CCCCC3)c2c1)C1=CN(C2(C(F)(F)F)CC2)NN1
CHEMBL4284071,18783594,9.15,C=CC(=O)Nc1cccc(Nc2nc(Nc3ccc(CN4CCOCC4)cc3)ncc2Cl)c1
CHEMBL3699599,16304646,8.26,C=CC(=O)Nc1cccc(Oc2nc(Nc3ccc(N4CCN(C(=O)CC(C)(C)C)CC4)cc3OC)ncc2Cl)c1
CHEMBL5766959,28404788,8.3,CC(C)(C)CNc1c(C#N)cnc2c(Cl)cc(N[C@H](C3=CN(C4(C)CC4)NN3)c3cccc4ncccc34)cc12
CHEMBL3425666,15257652,6.4,COc1cc(N2CCN(C)CC2)ccc1Nc1ncc(Cl)c(Oc2cccc(NC(=O)/C(C#N)=C/C(C)(C)C)c2)n1
CHEMBL1828876,6358482,4.74,Cc1ccc(S(=O)(=O)NC(=O)Cc2ccc(Br)cc2)cc1
CHEMBL5984008,27737645,5.26,N#Cc1cccc(C(=O)NCc2ccc(-c3nn(C4CCCC4)c4ncnc(N)c34)cc2)c1
CHEMBL5842694,28620638,6.55,COc1cc(N2CCC(N(C)C)CC2)ccc1Nc1ncc(Cl)c(Nc2ccccc2NS(C)(=O)=O)n1
CHEMBL3765789,16478372,8.51,COc1cc2ncnc(Nc3cccc(NC(=O)C45CC6CC(CC(C6)C4)C5)c3)c2cc1OCCCN1CCOCC1
CHEMBL5209276,24824725,6.54,CNC(=O)c1cnc(Nc2ccnc(N3CCC(O)CC3)n2)cc1NC(C)C
CHEMBL5562445,25865961,6.82,CN1Cc2cc(COc3cccc(-c4n[nH]cc4-c4ccncc4)c3)ccc2C1=O
CHEMBL6044345,28404227,7.23,N#Cc1cnc2c(Cl)cc(N[C@H](C3=CN(CCO)NN3)c3cnc(Cl)cc3Cl)cc2c1Nc1ccc(F)c(Cl)c1
CHEMBL516979,2390291,8.78,COC[C@H]1Oc2cc3ncnc(Nc4cccc(I)c4)c3cc2O[C@@H]1COC
CHEMBL205148,1697612,6.0,O=C(O)c1ccc2c(c1)CNc1c(Nc3cccc(Br)c3)ncnc1O2
CHEMBL250318,2047172,7.85,COc1cc2ncnc(C#CCCc3ccccc3)c2cc1OC
CHEMBL3774808,16499788,6.34,O=C1COc2cc3ncnc(Nc4cccc(F)c4)c3cc2N1CCCN1CCCCC1
CHEMBL4203001,18539786,7.29,CN(CCO)c1nc(Nc2ccccc2)nc2cnc(Nc3ccc(N4CCC(N(C)C)CC4)cn3)cc12
CHEMBL2437460,13483488,8.16,C=CC(=O)Nc1cccc(-n2c(=O)cnc3cnc(Nc4ccc(N5CCOCC5)cc4)nc32)c1
CHEMBL5979002,26839063,8.77,Cc1nc(F)ccc1[C@H](Nc1cc(C#N)c2ncnc(NCC(C)(C)C)c2c1)c1cn(C2(C(F)F)CC2)nn1
CHEMBL5871812,28403993,7.85,CC(C)N1C=C([C@@H](Nc2cc(Cl)c3ncc(C#N)c(Nc4ccc(F)c(Cl)c4)c3c2)c2cncs2)NN1
CHEMBL3416622,15229675,6.77,COc1ccccc1-c1cc2c(NCc3cccs3)ncnc2s1
CHEMBL4527715,19172985,6.88,C=CC(=O)N(c1cc(Cl)ccc1F)c1ncnc2cc(OC)c(OCCCN3CCOCC3)cc12
CHEMBL509914,2390197,8.04,O=C(/C=C/c1ccccc1)Cc1cc2c(Nc3cccc(Br)c3)ncnc2cn1
CHEMBL5890119,26810992,8.85,COCCOc1cc2ncnc(Nc3ccc(F)c(Cl)c3)c2cc1NC(=O)/C=C/CN1CC[C@@H]1COC
CHEMBL5870018,28405799,8.4,Cc1nc(F)ccc1[C@H](Nc1cc(C#N)c2ncc(C#N)c(NCC(C)(C)C)c2c1)C1=C(F)N(C)NN1
CHEMBL4208745,18535071,5.62,O=c1[nH]c(Cc2ccccc2)cn2c1cc1cc(Cl)ccc12
CHEMBL4742081,22835826,10.0,COc1cc(CNCCN2CCNCC2)ccc1-c1cc2c(N[C@H](CO)c3ccccc3)ncnc2[nH]1
CHEMBL5873702,26750105,8.2,CCN1CCN(c2ccc(C(=O)N[C@@H]3[C@H]4Oc5ccc(Oc6ccnc7c6CCC(=O)N7)cc5[C@@H]34)cc2C(F)(F)F)CC1
CHEMBL4098444,18039969,8.82,C=CC(=O)Nc1cc(Nc2n[nH]c3cc(-c4cn(C)c5ccccc45)ccc23)c(OC)cc1N(C)CCN(C)C
CHEMBL5571416,25979150,9.27,Cc1c(NC(=O)/C=C/CN(C)C)ccc2ncnc(Nc3ccc(OCc4ccccn4)c(Cl)c3)c12
CHEMBL5847866,28404008,8.4,N#Cc1cnc2c(Cl)cc(N[C@H](C3=CNNN3)c3cccnc3)cc2c1Nc1ccc(F)c(Cl)c1
CHEMBL5282227,25105696,6.92,CN1CCN(c2ccc(Nc3ncc(C(F)(F)F)c(Nc4ccc5[nH]ccc5c4)n3)cc2)CC1
CHEMBL4537790,24871172,9.52,Cc1cc2cc(n1)-c1cnn(C)c1OCCC[C@@H](C)CN1/C(=N/C2=O)Nc2ccc(CN3CCN(C)CC3)cc21
CHEMBL5432716,25691195,8.1,C=CC(=O)Nc1cc(-c2c(-c3ccccc3)oc3ncnc(NC4CCCC4)c23)ccc1N1CCOCC1
CHEMBL3608432,15689347,5.67,C=CC(=O)N[C@@H]1CN(c2nc(Nc3cn(C)nc3C)c3ncn(C(C)C)c3n2)C[C@H]1F
CHEMBL5889356,27737516,7.26,Nc1ncnc2c1c(-c1ccc(CNC(=O)c3ccccc3F)cc1)nn2C1CCCC1
CHEMBL1643971,16275284,8.26,C=CC(=O)Nc1cccc(Oc2nc(Nc3ccc(N4CCOCC4)cc3OC)ncc2Cl)c1
CHEMBL5173986,24749162,7.7,O=C(Nc1nccs1)C(c1ncn2c1CCC2)N1Cc2ccc(C#Cc3ccccc3)cc2C1=O
CHEMBL204965,1697624,5.82,Fc1ccc2c(c1)CNc1c(Nc3cccc(Br)c3)ncnc1O2
CHEMBL3740907,16404692,6.14,C/C(=N\Nc1ncc(Cl)c(Nc2cccc(NC(=O)/C=C/CN(C)C)c2)n1)c1ccc(F)cc1F
CHEMBL3962032,16668220,6.38,CCC(=O)Nc1cc2c(Nc3ccc4c(ccn4CC(C)C)c3)ncnc2cc1OC
CHEMBL4746023,22892160,6.67,Cc1ccc(/C=N\Nc2nc(-c3nc4ccccc4n3C)cs2)o1
CHEMBL391778,2038924,7.46,NCC1CCN(Cc2ccn3ncnc(Nc4ccc5c(cnn5Cc5cccc(F)c5)c4)c23)CC1
CHEMBL5912978,28403774,7.92,Cc1ncccc1[C@H](Nc1cc(Cl)c2ncc(C#N)c(N[C@H](C)c3ccccc3)c2c1)C1=CNNN1
CHEMBL3680374,26581695,8.01,O=C(/C=C/CN1CCCCC1)Nc1cc2c(Nc3ccc(F)c(Cl)c3)ncnc2cc1OCC(F)F
CHEMBL5206683,24919487,8.12,CCOc1cc(N2CCC(N3CCN(C)CC3)CC2)c(Cl)cc1Nc1ncc(Cl)c(-c2cn(S(=O)(=O)CC)c3ccccc23)n1
CHEMBL5435372,25691198,7.37,C=CC(=O)Nc1cc(-c2c(-c3ccccc3)oc3ncnc(NC4CCCC4)c23)ccc1OC1CCN(C)CC1
CHEMBL5986956,28403102,8.1,CC[C@@H](Nc1c(C#N)cnc2c(Cl)cc(N[C@H](C3=CN(C4CC4)NN3)c3ccc(F)nc3F)cc12)c1ccccc1
CHEMBL2325099,12657557,6.92,COc1ccc(C2=NN(c3ccccc3)C(c3ccc4ccccc4c3)C2)cc1
CHEMBL6048496,27653261,7.26,C=C(C#N)C(O)c1ccc(Nc2nc(Nc3ccc(OCCOC)c(F)c3)ncc2F)cc1
CHEMBL6048868,28404776,8.52,CC(C)(C)CNc1c(C#N)cnc2c(Cl)cc(N[C@H](C3=CN(C4(C)CC4)NN3)c3cccc4cnccc34)cc12
CHEMBL5742722,28405613,7.89,Cn1cccc([C@H](Nc2cc(C#N)c3ncc(C#N)c(NCC(C)(C)C)c3c2)C2=CN(C3(C(F)(F)F)CC3)NN2)c1=O
CHEMBL3604917,15685143,6.1,C=CC(=O)Nc1cc(Nc2cc[nH]n2)nc(-c2ccccc2)n1
CHEMBL4089120,18172258,6.05,CCC(=O)N1CC[C@H](N2C(=O)N(c3cccc(OC(F)(F)F)c3)Cc3cnc(Nc4ccc(N5CCN(C)CC5)c(C)c4)nc32)C1
CHEMBL5824026,27070958,6.26,C[C@@H]1[C@H](NC(=O)N(C)C)CCCN1c1cnc(C(N)=O)c(Nc2ccc(C3(C)CCN(C(=O)OC(C)(C)C)CC3)cc2)n1
CHEMBL4800533,22968047,6.48,COc1cc(N2CCN(C)CC2)ccc1Nc1nc(Oc2ccc3ccc(=O)[nH]c3c2)c2sccc2n1
CHEMBL4857353,23310023,7.48,C#CC(=O)N1CCC(c2cnn3c(C(N)=O)c(-c4ccc(Oc5ccc(F)cc5F)cc4)[nH]c23)CC1
CHEMBL6052966,28405862,7.96,COc1nccc2c([C@H](Nc3cc(Cl)c4ncc(C#N)c(NCC(C)(C)C)c4c3)C3=CN(C4(C(F)(F)F)CC4)NN3)cccc12
CHEMBL5942345,26749814,6.09,CCCCCCCCCCCC(=O)N[C@@H]1[C@H]2Oc3ccc(Oc4ccnc5c4CCC(=O)N5)cc3[C@@H]12
CHEMBL4095623,17967043,4.6,c1ccc(Cc2nnc(Cc3nc4ccccc4[nH]3)o2)cc1
CHEMBL5833583,27653258,6.26,C=C(C#N)C(O)c1cccc(Nc2nc(Nc3ccc(OCCOC)c(F)c3)ncc2F)c1
CHEMBL185327,1453202,4.96,COc1cc2ncnc(Nc3cc(NC(=O)c4ccccc4)ccc3Cl)c2cc1OC
CHEMBL243629,1943190,7.73,CCOc1cc2ncnc(NC3=CC(=O)C(OCc4ccccc4)=CC3=O)c2cc1NC(=O)/C=C/CN(C)C
CHEMBL6024214,28403921,8.52,CCN1CCc2c([C@H](Nc3cc(Cl)c4ncc(C#N)c(Nc5ccc(F)c(Cl)c5)c4c3)C3=CN(C4COC4)NN3)csc2C1
CHEMBL3671557,26587604,7.4,C=CC(=O)Nc1cc2c(Nc3ccc(Br)cc3F)ncnc2cc1OCCCNCCC=O
CHEMBL5195904,24741581,10.15,CCOC1CN(C2CCN(c3cc(OC)c(Nc4ncc(Br)c(Nc5ccc6c(c5P(C)(C)=O)OCCO6)n4)cc3C)CC2)C1
CHEMBL1089203,19218799,6.47,C#Cc1cccc(Nc2ccnc3cc(OCCOC)c(OCCOC)cc23)c1
CHEMBL6013902,26838973,8.59,CC(C)(C)CNc1ncnc2ccc(NC(c3cccc(C#N)c3)c3cn(C4CC4)nn3)cc12
CHEMBL3416595,15229681,7.64,COC[C@@H](Nc1ncnc2sc(-c3ccccc3OC)cc12)c1ccccc1
CHEMBL5944144,27069197,5.26,NC(=O)c1nnc(N2CCC[C@@H](NC(=O)Nc3ccccc3)C2)nc1Nc1ccc(C(=O)N2CCOCC2)cc1
CHEMBL3699595,16262068,8.26,C=CC(=O)Nc1cccc(Nc2nc(Nc3ccc(N4CCCN(C(=O)C(F)(F)F)CC4)cc3OC)ncc2C(F)(F)F)c1
CHEMBL3676369,26587790,7.8,C=CC(=O)Nc1cc2c(Nc3ccc(Br)c(Cl)c3F)ncnc2cc1OCCNC(=O)CO
CHEMBL3612563,15711355,7.58,COCCn1c(=O)oc2cc3ncnc(Nc4ccc(F)c(F)c4)c3cc21
CHEMBL4744973,24833316,7.66,CN1CCN(c2ccc(Nc3ncc4nc(Nc5ccc(F)cc5)n([C@H]5CCN(S(=O)(=O)C6CC6)C5)c4n3)cc2)CC1
CHEMBL4094438,18243192,7.49,C=CC(=O)Nc1cccc(-c2cc3c(-c4[nH]c(-c5ccccc5)nc4-c4ccc(F)cc4)ccnc3[nH]2)c1
CHEMBL5934800,28404770,8.7,CC(C)(C)CNc1c(C#N)cnc2c(Cl)cc(N[C@H](C3=CN(C4(C(N)=O)CCC4)NN3)c3cccc4cnccc34)cc12
CHEMBL3805588,16588589,7.01,FC(F)(F)c1cccc(Nc2ncnc3cc(OCCCN4CCOCC4)c4c(c23)OCCO4)c1
CHEMBL2348194,12722997,6.47,C[C@@H](Nc1ncnc2oc(-c3ccccc3)c(-c3ccccc3)c12)c1ccccc1
CHEMBL4750608,22844306,7.37,O=C(Nc1cc2c(Nc3ccc(F)c(Cl)c3)ncnc2cc1OCCCN1CCOCC1)c1cc(F)ccc1[N+](=O)[O-]
CHEMBL1944922,8025246,4.66,Cn1c2ccccc2n2c(=S)[nH]nc12
CHEMBL5926481,28405925,7.44,Cc1nc(F)ccc1[C@H](Nc1cc(Cl)c2ncc(C#N)c(Nc3cnc(F)c(F)c3)c2c1)C1=C(F)N(C2(C(F)F)CC2)NN1
CHEMBL5266834,25018387,7.64,C=CC(=O)Nc1cc(Nc2ncc(-c3ccnn3C)c(-c3cn4c5c(cccc35)CCC4)n2)c(OC)cc1N(C)CCN(C)C
CHEMBL5933081,27652922,5.26,C=CC(=O)N(C)Cc1ccc(Nc2nc(Nc3cccc(OCCN4CCCC4=O)c3)ncc2F)cc1
CHEMBL5977258,27737984,5.26,CCO[C@H]1C=C[C@H](n2nc(-c3ccc(CNC(=O)c4ccccc4OC)cc3)c3c(N)ncnc32)C1
CHEMBL5828421,26961307,7.22,Nc1ncnc2c1c(C(=O)Nc1nc3cc(Cl)ccc3o1)nn2[C@@H]1CCN(C(=O)/C=C/CN2CCCC2)C1
CHEMBL5977553,28405556,8.15,COc1nccc2c([C@H](Nc3cc(C#N)c4ncc(C#N)c(NCC(C)(C)C)c4c3)C3=CN(C(CF)CF)NN3)cccc12
CHEMBL5969574,27540824,5.66,NC(=O)c1c(-c2ccc(Oc3ccc(F)cc3F)cc2)nn(C2CCCN(C(=O)/C=C/CF)C2)c1N
CHEMBL4557993,19287500,7.34,CC(C)=CC[C@@H](OC(=O)/C=C\C(=O)c1ccc(C)cc1)C1=CC(=O)c2c(O)ccc(O)c2C1=O
CHEMBL3902778,16811414,8.44,O=C(CCCCCCn1cc(-c2ccc3ncnc(Nc4ccc(OCc5nccs5)c(Cl)c4)c3c2)nn1)NO
CHEMBL5763901,28403099,8.7,CC[C@@H](Nc1c(C#N)cnc2c(Cl)cc(N[C@H](C3=CN(C(C)C)NN3)c3cccnc3C)cc12)c1ccccc1
CHEMBL6063948,27737582,5.26,COc1ccc(Cl)cc1C(=O)NCc1ccc(-c2nn(C3CCCC3)c3ncnc(N)c23)cc1
CHEMBL2424676,13446012,6.85,C=CC(=O)Nc1cc(Nc2nccc(-c3cnn4ccccc34)n2)c(OC)cc1N1CCN(C)CC1
CHEMBL3747570,16416943,4.91,CC(=O)N1N=C(c2ccccc2)CC1c1ccc(C(=O)OC(C)Cn2c([N+](=O)[O-])cnc2C)cc1
CHEMBL5273342,25059917,6.45,COc1cc2c(Nc3ccc(Oc4cccc(C)c4)cc3)ncnc2cc1OCC1CCN(C)CC1
CHEMBL5976386,26750039,8.07,O=C1CCc2c(Oc3ccc4c(c3)[C@H]3[C@H](NC(=O)c5cc(C(F)(F)F)ccn5)[C@H]3O4)ccnc2N1
CHEMBL4441244,19187577,6.7,N#Cc1cnc2ccc(NC(=O)C3CSSC3)cc2c1Nc1ccc(OCc2cccc(F)c2)c(Cl)c1
CHEMBL3953921,16752346,7.61,C=CC(=O)N1CCCC(n2c(NC(=O)c3cccc(C(F)(F)F)c3)nc3cc(C)ccc32)C1
CHEMBL3416591,15229685,7.72,COc1ccccc1-c1cc2c(NC(C)c3ccccc3)ncnc2s1
CHEMBL5291034,25084781,8.27,C=CC(=O)N1CC[C@@H](n2nc(-c3cnc4ccccc4c3)c3c(N)ncnc32)C1
CHEMBL3237932,14574815,5.34,COc1cc(N2CCN(C)CC2)ccc1Nc1ncc(Cl)c(Oc2cccc(NC(=O)CCN3CCCCC3)c2)n1
CHEMBL3655352,26576615,9.0,O=C(/C=C/CN1CCCOCC1)N1CCCc2c(sc3ncnc(Nc4ccc(Cl)c(Cl)c4)c23)C1
CHEMBL4454709,18896905,5.77,COc1cc(N(C)CCN(C)C)c(NC(=O)/C=C\C(C)C)cc1Nc1nc2c(c(-c3cn(C)c4ccc(F)cc34)n1)CSCC2
CHEMBL393848,2038926,7.22,N[C@@H]1CCN(Cc2ccn3ncnc(Nc4ccc5c(cnn5Cc5cccc(F)c5)c4)c23)C1
CHEMBL5913710,28405865,7.48,COc1ccc2c([C@H](Nc3cc(Cl)c4ncc(C#N)c(NCC(C)(C)C)c4c3)C3=CN(C4(C(F)(F)F)CC4)NN3)cccc2n1
CHEMBL3092310,13851966,7.31,O=C(NCCN1CCOCC1)Nc1cc2c(Nc3ccc(F)c(Cl)c3)ncnc2cc1O[C@H]1CCOC1
CHEMBL184750,1462476,6.19,Cc1cc2c(Nc3ccc(C)c(O)c3)ncnn2c1
CHEMBL3827349,16655517,7.55,c1cnc2ccc(Nc3ncnc4ccc(-c5cnn(C6CCNCC6)c5)cc34)cc2c1
CHEMBL196738,1601112,6.7,CCOC(=O)c1cn2ncnc(Nc3ccc4c(cnn4Cc4ccccc4)c3)c2c1C
CHEMBL3623280,15745748,6.78,COc1cc2ncnc(Nc3cccc(Cl)c3F)c2cc1C(=O)N1CCOCC1
CHEMBL3753228,16444044,7.41,C=CC(=O)Nc1cccc(-n2c(=O)cc(C(F)(F)F)c3cnc(Nc4ccc(N5CCN(C)CC5)cc4OC)nc32)c1
CHEMBL4162530,18427555,7.48,CCC/C=C/C(=O)Nc1cc2c(N3CCCc4ccccc43)ncnc2cc1OC
CHEMBL6045539,28405400,8.7,CCn1ccc2c([C@H](Nc3cc(Cl)c4ncc(C#N)c(NCC(C)(C)C)c4c3)C3=CN(C4(C)CC4)NN3)cccc2c1=O
CHEMBL3921129,16668414,8.1,CCOc1cc2ncnc(Nc3ccc4c(cnn4Cc4ccccc4)c3)c2cc1NC(=O)/C=C/CN1CCN(C)CC1
CHEMBL3676382,26587835,7.85,C=CC(=O)Nc1cc2c(Nc3cc(OC)c(Cl)cc3OC)ncnc2cc1OCCNC(=O)CN(C)C
CHEMBL6063908,28404917,7.7,Cc1nc(F)ccc1[C@H](Nc1cc(Cl)c2ncc(C#N)c(N[C@@H](c3ccccc3)C3CC3)c2c1)C1=CN(C2(C(F)(F)F)CC2)NN1
CHEMBL5824811,28405673,8.7,Cc1nc(F)ccc1[C@H](Nc1cc(C#N)c2ncc(C#N)c(NCC(C)(C)C(F)(F)F)c2c1)C1=C(F)N(C2CC2)NN1
CHEMBL3263380,14655707,6.92,Cc1ccc(C2=NN(C3=NC(=O)CS3)C(c3ccc4ccccc4c3)C2)cc1C
CHEMBL3759015,16461808,6.64,COc1cc2c(Nc3ccc(NC(=O)c4cccc(Cl)c4)cc3)ncnc2cc1OCCCN1CCOCC1
CHEMBL5864002,28404074,8.22,N#Cc1cnc2c(Cl)cc(N[C@H](C3=CN(CCOCCO)NN3)c3cccnc3)cc2c1Nc1ccc(F)c(Cl)c1
CHEMBL5877896,27652805,6.26,C=CC(=O)Nc1cc(Nc2nc(Nc3ccc(OC(C)C)nc3)ncc2F)ccc1Cl
CHEMBL5956847,28404734,8.7,CC(C)(C)CNc1c(C#N)cnc2c(C#N)cc(N[C@H](C3=CN(C4(C(F)F)CC4)NN3)c3cccc4ncccc34)cc12
CHEMBL3234865,14568932,5.12,Cc1ccc(Oc2nc3ccccc3cc2/C=N/NC(=O)Cn2c([N+](=O)[O-])cnc2C)cc1
CHEMBL3806005,16588575,6.7,COCCOc1cc2ncnc(Nc3ccc(F)cc3)c2c2c1OCCO2
CHEMBL3233781,14586679,7.03,CN(C)CCCN(C)C/C=C/C(=O)Nc1cc2c(Nc3ccc(F)c(Cl)c3)ncnc2s1
CHEMBL3092314,13852030,7.5,CCN(CC)CCCNC(=O)Nc1cc2c(Nc3ccc(F)c(Cl)c3)ncnc2cc1O[C@H]1CCOC1
CHEMBL5872256,28404305,6.63,N#Cc1cnc2c(Cl)cc(NC(C3=CN(C4CCN(C(=O)OCc5ccccc5)CC4)NN3)c3cccnc3)cc2c1Nc1ccc(F)c(Cl)c1
CHEMBL5280555,25073524,7.19,CC(C)n1nc(N)c2cnc(Nc3ccnc(-c4cnn(S(=O)(=O)C5CC5)c4)n3)cc21
CHEMBL2070190,10988317,5.79,O=C(Nc1ccc2ncnc(Nc3cccc(Br)c3)c2c1)c1cccc2c1OCCO2
CHEMBL6000015,27653033,5.26,C=CC(=O)Nc1cccc(Nc2nc(Nc3cccc(OCCCNC(=O)OC(C)(C)C)c3)ncc2F)c1
CHEMBL5209046,24907657,8.5,Cc1cc(Nc2c(C#N)cnc3ccc(NC(=O)/C=C/[C@H]4CCCN4C)cc23)ccc1Oc1cc2nncn2cn1
CHEMBL3891774,16666133,5.07,O=C(Nc1ccc(Nc2ncnc3cc4oc(=O)n(CCOC(=O)CBr)c4cc23)cc1)NC1CCCCC1
CHEMBL5940006,28403927,7.8,Cc1ccc([C@H](Nc2cc(Cl)c3ncc(C#N)c(Nc4ccc(F)c(Cl)c4)c3c2)C2=CN(C(C)C)NN2)cn1
CHEMBL1095776,3299626,4.02,CC(C)c1ccccc1Nc1nc(N)nc2[nH]c(Cc3ccc(Cl)cc3Cl)cc12
CHEMBL5992872,27502193,6.26,N#Cc1cnc2cc(OC[C@H](O)CO)c(NC(=O)CC3CCSS3)cc2c1Nc1ccc(OCc2cccc(F)c2)c(Cl)c1
CHEMBL5868329,28403696,5.16,COCC(Nc1c(C#N)cnc2c(Cl)cc(N[C@H](C3=CNNN3)c3cccnc3)cc12)c1ccccc1
CHEMBL5890488,26811052,7.76,O=C(/C=C/CN1CCC1CO)Nc1cc2c(Nc3ccc(F)c(Cl)c3)ncnc2cc1OC[C@@H]1COCCO1
CHEMBL5584052,28697753,9.12,CCN1CCN(CCNc2nccc(-c3c(-c4cccc(O)c4)nc4occn34)n2)S1(=O)=O
CHEMBL4438905,19293632,6.4,COc1cc(N(C)CCN(C)C)c(NC(=O)/C=C\C(C)C)cc1Nc1nccc(-c2cn(C)c3ccccc23)n1
CHEMBL5769203,26768734,7.84,CCOc1cc2ncnc(Nc3ccc4c(cnn4Cc4cccc(F)c4)c3)c2cc1NC(=O)/C=C/CN1C[C@@H]2OCCO[C@@H]2C1
CHEMBL3935034,25066903,7.75,C=CC(=O)N1CCC(C2CCNc3c(C(N)=O)c(-c4ccc(Oc5ccc(F)cc5F)cc4)nn32)CC1
CHEMBL6036686,27750470,6.63,C=CC(=O)Nc1cc(Nc2ncc(Cl)c(-c3cnc4c(cnn4C)c3)n2)c(OC)cc1N1CCC(N(C)C)CC1
CHEMBL3983586,16809242,8.19,Cc1ccc(C(/C=C/c2ccc(F)cc2)=N\Nc2nncc3ccccc23)cc1
CHEMBL474323,2503066,6.27,COc1cc2ncnc(-c3c[nH]c4cc(F)c(C)cc34)c2cc1OC
CHEMBL5820435,27653351,7.26,C=CC(=O)Nc1cccc(Nc2nc(Nc3ccc(OCCOCCOC)c(F)c3)ncc2F)c1
CHEMBL5853577,28403291,8.76,CC(C)(C)CNc1c(C#N)cnc2c(C#N)cc(N[C@H](C3=CN(C4(C#N)CC4)NN3)c3cccc4ncsc34)cc12
CHEMBL4759127,22835814,9.15,NC(=O)Cc1cccc(-c2cc3c(N[C@H](CO)c4ccccc4)ncnc3[nH]2)c1
CHEMBL4203016,18539779,7.82,CN(C)C1CCN(c2ccc(Nc3cc4c(N5CCCCC5)nc(Nc5ccccc5)nc4cn3)nc2)CC1
CHEMBL5936556,28517072,6.0,C=CC(=O)N1CCC(Nc2nc(Nc3ccc(OCCOC)cc3)c3c(c2F)CNC3=O)C1
CHEMBL6015436,28883492,6.62,C#Cc1cccc(Oc2ncc(-c3cncc(NC4CN(C(=O)C=C)C4)c3)cn2)c1
CHEMBL6057645,28405274,7.96,Cc1nc(F)ccc1[C@H](Nc1cc(Cl)c2ncc(C#N)c(NCC3(C(F)(F)F)CCC3)c2c1)C1=CN(C2(C(F)F)CC2)NN1
CHEMBL3357655,15112230,8.3,COc1cc2ncnc(Nc3cccc(Br)c3)c2cc1NC(=O)/C(F)=C\CN(C)C
CHEMBL4591886,18955876,8.83,CCOCCOc1cc2ncnc(Nc3ccc(F)c(Cl)c3)c2cc1NC(=O)/C=C/CN(CC)CC
CHEMBL5762000,28405304,8.22,CC(C)(C)CNc1c(C#N)cnc2c(Cl)cc(N[C@H](C3=CN(C4(C(F)(F)F)CC4)NN3)c3csc4cnccc34)cc12
CHEMBL3360608,14974588,9.59,C#Cc1cccc(Nc2ncnc3cc(OCCCCn4ccnc4[N+](=O)[O-])c(OC)cc23)c1
CHEMBL5752831,27652646,7.26,Cc1cnc(Nc2cccc(S(N)(=O)=O)c2)nc1Nc1ccc2c(c1)CCN(S(=O)(=O)C1CC1)C2
CHEMBL3344213,15130267,7.41,CC(C)NC(CS(C)(=O)=O)c1ccc(-c2ccc3ncnc(Nc4ccc(OCc5cccc(F)c5)c(Cl)c4)c3c2)o1
CHEMBL474267,2202720,5.0,N#CC(C#N)=C(C#N)c1ccc(O)c(O)c1
CHEMBL378370,1715569,7.7,COc1cc2ncnc(Nc3cccc(Cl)c3F)c2cc1CN(C)C1CCNC1=O
CHEMBL5593561,26009452,8.37,C=CC(=O)Nc1cc(Nc2nccc(-c3cn(C)c4ccccc34)n2)c(OC)cc1N(C)CCN(C)Cc1ccccc1
CHEMBL175101,1052131,7.66,CN(C)CCn1cnc2cc3c(Nc4cccc(Br)c4)ncnc3cc21
CHEMBL4281413,18765358,5.85,O=C(Nc1cc(Nc2ccc(Cl)cc2)ncn1)c1ccc(F)cc1
CHEMBL3297891,14752174,6.84,Cc1nc(Nc2cccc3ccccc23)c2cc(C)oc2n1
CHEMBL5896779,28883510,4.79,C=CC(=O)N1CC[C@H](Nc2cncc(-c3cnc(Nc4cccc(C)n4)nc3)c2)C1
CHEMBL5440559,25665214,7.15,CCS(=O)(=O)N1CCC(c2nc(-c3ccc(F)cc3)c(-c3ccnc(Nc4ccc(N5CCN(C)CC5)cc4OC)n3)s2)CC1
CHEMBL4282543,18722857,9.4,C=C=CC(=O)Nc1cc(Nc2nccc(-c3cn(C)c4ccccc34)n2)c(OC)cc1OCCN1CCN(C)CC1
CHEMBL4105503,18172255,6.38,CCC(=O)N1CC[C@H](N2C(=O)N(c3cccc(OC)c3)Cc3cnc(Nc4ccc(N5CCN(C)CC5)c(C)c4)nc32)C1
CHEMBL2047242,10944963,4.71,Nc1nc2c(c(Nc3cccc(Cl)c3)n1)-c1ccccc1C2
CHEMBL3671531,26587526,7.36,C=CC(=O)Nc1cc2c(Nc3ccc(Br)cc3F)ncnc2cc1OCCNC(=O)CCN(CC)CC
CHEMBL4279057,18722888,9.15,C=C=CC(=O)Nc1cc(Nc2nccc(-c3cn(C)c4ccccc34)n2)c(OC)cc1N1CCC(N(C)C)C1
CHEMBL6015440,28404110,8.52,N#Cc1cnc2c(Cl)cc(N[C@H](C3=CN(C4CCNCC4)NN3)c3cscn3)cc2c1Nc1ccc(F)c(Cl)c1
CHEMBL5964384,28405706,8.7,CC(C)(C)CNc1c(C#N)cnc2c(C#N)cc(N[C@H](C3=CN(C4(C(F)(F)F)CC4)NN3)c3cccc4c(=O)n(CC(F)(F)F)ccc34)cc12
CHEMBL4460320,19293621,7.75,CC/C=C\C(=O)Nc1cc(Nc2nc(C)cc(-c3cn(C)c4ccccc34)n2)c(OC)cc1N(C)CCN(C)C
CHEMBL5173701,24848245,8.74,CN1CCC(c2ccc(-c3ccc4ccn(C(C(=O)Nc5nccs5)c5ccccc5)c(=O)c4c3)cc2)CC1
CHEMBL5397801,25481269,9.92,COc1cc(N2CCC(N3CC(CC#N)C3)CC2)c(C)cc1Nc1ncc(Br)c(Nc2ccc3nccnc3c2P(C)(C)=O)n1
CHEMBL5204270,24848247,8.24,CN1CCC(c2ccc(-c3ccc4c(=O)n(C(C(=O)Nc5nccs5)c5ccccc5)cnc4c3)cc2)CC1
CHEMBL5825514,27653219,7.26,C=CC(=O)Nc1cccc(Nc2nc(Nc3ccc(F)cc3)ncc2F)c1
CHEMBL5618455,26122263,7.07,C=CC(=O)Nc1cc(Nc2ncc(F)c(-c3ccc4cc(C(=O)NC)n(C(C)C)c4c3)n2)c(OC)cc1N1CCN(C)CC1
CHEMBL3758582,16457565,9.3,COc1ccc(C(=O)NCCN(C)C)cc1-c1cc2c(N[C@H](C)c3ccccc3)ncnc2s1
CHEMBL6046827,27750632,7.55,C=CC(=O)Nc1cc(Nc2ncc(Cl)c(-c3cnc4c(ccn4C)c3)n2)c(OC)cc1N(C)CCN(C)CC
CHEMBL472581,2390135,7.15,CS(=O)(=O)CCNCc1nc(-c2ccc3ncnc(Nc4ccc5c(cnn5Cc5ccccc5)c4)c3c2)cs1
CHEMBL3674148,16346645,8.7,CC(C)n1c(Nc2ccc(F)c(Cl)c2)nc2cnc(Nc3ccc(C(=O)NN4CCN(C)CC4)cc3)nc21
CHEMBL5205073,24871150,6.29,COc1cc2ncnc3c2cc1OCCOCCOc1c(Cl)cccc1N3
CHEMBL5876875,28403318,8.76,CC(C)(C)CNc1c(C#N)cnc2c(C#N)cc(N[C@H](C3=CN(C4CC4)NN3)c3cccc4c3CNC4=O)cc12
CHEMBL5433431,25665182,7.96,Cc1nc(-c2ccc(F)cc2)c(-c2ccnc(Nc3ccc4c(ccn4CCN(C)C)c3)n2)s1
CHEMBL510357,2390165,7.57,C=CC(=O)Nc1ccc2ncnc(Cc3ccc(OCCN(C)C)c(Br)c3)c2c1
CHEMBL5087793,24408185,6.86,C=CC(=O)Nc1cccc(-n2c(=O)c(C3CCCC3)nc3cnc(Nc4ccc(OCCOC)cc4)nc32)c1
CHEMBL3622630,15743483,6.92,C=CC(=O)Nc1cc2c(Nc3ccc(Br)cc3F)ncnc2cc1O[C@H]1CCOC1
CHEMBL4787483,22408227,8.41,C=CC(=O)Nc1cccc(-c2c[nH]c3ncnc(Nc4ccc(OCc5ccccn5)c(Cl)c4)c23)c1
CHEMBL3828021,16655515,8.45,C#Cc1cccc(Nc2ncnc3ccc(-c4cnn(C)c4)cc23)c1
CHEMBL5874587,28517105,5.04,C=CC(=O)N1CCCC(Nc2nc(Nc3ccc(N4CCN(C5COC5)CC4C)cn3)c3c(c2F)CNC3=O)C1
CHEMBL5833420,28405055,7.43,Cc1ncoc1[C@H](Nc1cc(C#N)c2ncc(C#N)c(NCC(C)(C)C)c2c1)C1=CN(C2(C(F)F)CC2)NN1
CHEMBL6056244,26750066,8.85,CN(C)[C@H]1CCCN(c2ccc(C(=O)N[C@@H]3[C@H]4Oc5ccc(Oc6ccnc7c6CCC(=O)N7)cc5[C@@H]34)cc2C(F)(F)F)C1
CHEMBL4586164,19226242,5.54,Cn1c(=O)[nH]c2nc(SC/C(=N/O)c3ccc(Br)cc3)[nH]c2c1=O
CHEMBL137422,332492,5.21,CNC(=O)c1c([Se][Se]c2c(C(=O)NC)c3ccccc3n2C)n(C)c2ccccc12
CHEMBL6012149,28883624,4.82,C=CC(=O)N1CC[C@H](Nc2cncc(-c3cnc(Nc4ccccc4OC(F)(F)F)nc3)n2)C1
CHEMBL5188250,24877542,8.26,CSc1nc(-c2cccc(NC(=O)c3cc(O)ccc3F)c2)c(-c2ccnc(NC(C)=O)c2)[nH]1
CHEMBL5778571,28403285,8.260000000000002,CCN1CCC(N2C=C([C@@H](Nc3cc(Cl)c4ncc(C#N)c(Nc5ccc(F)c(Cl)c5)c4c3)c3ccc4cccnc4c3)NN2)CC1
CHEMBL4072874,18243202,8.11,C=CC(=O)Nc1cccc(-c2c[nH]c3nccc(-c4[nH]c(-c5ccccc5)nc4-c4ccc(F)cc4)c23)c1
CHEMBL3676376,26587811,7.779999999999999,C=CC(=O)Nc1cc2c(Nc3ccc(Br)c(Cl)c3F)ncnc2cc1OC[C@H](C)NC(=O)CN(C)C
CHEMBL5825975,28405040,8.4,CC(C)(C)CNc1c(C#N)cnc2c(Cl)cc(N[C@H](C3=CN(C4(C(F)F)CC4)NN3)c3ccc(F)c4cnccc34)cc12
CHEMBL5818938,28404704,7.3,Cc1nc(F)ccc1[C@H](Nc1cc(Cl)c2ncc(C#N)c(NC3CCOCC3(C)C)c2c1)C1=CN(C2(C(F)F)CC2)NN1
CHEMBL5787019,28404464,8.3,CC(C)(C)CNc1c(C#N)cnc2c(C#N)cc(N[C@H](C3=CN(CC(F)(F)F)NN3)c3cccc4ncsc34)cc12
CHEMBL5280288,25059897,6.15,COc1cc2c(Nc3ccc(Oc4ccccn4)cc3)ncnc2cc1OCC1CCN(C)CC1
CHEMBL5760623,28405373,8.4,Cc1nc(F)ccc1[C@H](Nc1cc(Cl)c2ncc(C#N)c(NCC(C)(C)C)c2c1)C1=CN(CC2(C)CC2)NN1
CHEMBL3088225,13833378,5.0,Cc1ncc([N+](=O)[O-])n1C/C(=N/NC(=O)c1ccccc1)c1ccc(Br)cc1
CHEMBL4083904,18172242,7.58,Cc1cc(Nc2ncc3c(n2)N([C@H]2CCN(C(=O)CN(C)C)C2)C(=O)N(c2ccccc2Cl)C3)ccc1N1CCN(C)CC1
CHEMBL5846455,27652643,7.26,C=CC(=O)Nc1cccc(Nc2ncc(C)c(Nc3cccc(Br)c3)n2)c1
CHEMBL6017443,28170455,5.99,Cc1cc(Nc2ncnc3cccc(OC4CCN(C)CC4(F)F)c23)ccc1Oc1ccc2ccnn2c1
CHEMBL247512,2038919,6.42,CC(=O)NC1CCN(Cc2ccn3ncnc(Nc4ccc5c(cnn5Cc5cccc(F)c5)c4)c23)CC1
CHEMBL3930620,16811418,9.92,O=C(CCCCCCn1cc(-c2ccc3ncnc(Nc4cccc(Cl)c4F)c3c2)nn1)NO
CHEMBL3133911,13975592,4.27,C=CC(=O)Nc1ccc2ncnc(Nc3ccc(S(=O)(=O)NC(=N)N)cc3)c2c1
CHEMBL54088,896533,8.08,C=CC(=O)Nc1cc2c(Nc3cccc(C)c3)ncnc2cn1
CHEMBL4278325,19408318,7.77,C=CC(=O)Nc1cccc(-n2c(=O)c(=O)n(C(C)C)c3cnc(Nc4ccc(N(C)CCN(C)C)cc4OC)nc32)c1
CHEMBL5192155,24670253,7.87,C=CC(=O)N1CCC(Oc2nc(Nc3ccc(N4CCN(C)CC4)c(F)c3)nc3[nH]ccc23)CC1
CHEMBL5862436,26749670,8.85,O=C1CCc2c(Oc3ccc4c(c3)[C@H]3[C@H](NC(=O)c5ccc(CN6CCN(CCO)CC6)c(C(F)(F)F)c5)[C@H]3O4)ccnc2N1
CHEMBL5741413,28722380,5.85,C=CC(=O)N1CCC(Oc2cc3c(Nc4cccc(C5CC5)c4)ncnc3cc2OC)C1
CHEMBL4447225,19114797,6.23,COc1cc2c(Oc3ccc(NS(=O)(=O)c4ccccc4C(F)(F)F)cc3F)ccnc2cc1OCCCN1CCC(C)CC1
CHEMBL4097883,17998443,7.75,C=CC(=O)Nc1cc(-n2c(=O)cc(C)c3cnc(Nc4ccc(N5CCN(C)CC5)cc4OC)nc32)cc(C(C)(C)C)c1
CHEMBL3671512,26587466,7.54,C=CNC(=O)NCCOc1cc2ncnc(Nc3ccc(Br)cc3F)c2cc1NC(=O)C=C
CHEMBL4091276,17998433,8.92,C=CC(=O)Nc1cccc(-n2c(=O)cc(C)c3cnc(Nc4ccc(N5CCN(C)C(C)C5)cc4OC)nc32)c1
CHEMBL3622621,15743412,6.25,C=CC(=O)Nc1cc2c(Nc3ccc(OCc4cccc(F)c4)c(Cl)c3)ncnc2cc1O[C@H]1CCOC1
CHEMBL5915123,28405496,7.55,COc1ccc([C@H](Nc2cc(Cl)c3ncc(C#N)c(NCC(C)(C)C)c3c2)C2=CN(C3(C(F)(F)F)CC3)NN2)cn1
CHEMBL5417458,25533384,6.76,CCS(=O)(=O)n1cc(-c2ccnc(Nc3cc(Cl)c4c(cnn4CCN4CCOCC4)c3)n2)c2ccccc21
CHEMBL3805236,16588584,7.96,C#Cc1cccc(Nc2ncnc3cc(OC)c4c(c23)OCCO4)c1
CHEMBL3985465,16895225,8.74,C=CC(=O)N1CC[C@H](Oc2cc3c(Nc4ccc(F)c(Cl)c4F)ncnc3cc2OC)C[C@H]1C(=O)NCCO
CHEMBL1958035,8049008,5.18,Cc1ccc(C2CC(c3ccc(Cl)cc3)=NN2C2=NC(=O)CS2)cc1
CHEMBL3085380,2047162,5.96,CCN(CC)[C@@](C)(C#Cc1ncnc2cc(OC)c(OC)cc12)CC1CCCCC1
CHEMBL5976949,28722110,6.57,C=CC(=O)N1CCC(Oc2cc3c(Nc4cccc(C5CC5)c4)ncnc3cc2OC)CC1
CHEMBL4100777,18060585,8.51,C=CC(=O)Nc1cccc(Nc2cc(-c3[nH]c(SC)nc3-c3ccc(F)cc3)ccn2)n1
CHEMBL5976861,27737639,6.26,COc1ccccc1C(=O)NCc1ccc(-c2nn(C3CCC4(CC3)OCCO4)c3ncnc(N)c23)cc1
CHEMBL3929060,16895224,9.15,C=CC(=O)N1CC[C@H](Oc2cc3c(Nc4ccc(F)c(Cl)c4F)ncnc3cc2OC)C[C@H]1C(N)=O
CHEMBL4105621,17998445,9.22,C=CC(=O)Nc1cc(Cl)cc(-n2c(=O)cc(C)c3cnc(Nc4ccc(N5CCN(C)CC5)cc4OC)nc32)c1
CHEMBL516022,2390228,9.32,C=CC(=O)NC1=NC=C2N=CN=C(Nc3cccc(C)c3)C21
CHEMBL4072410,24987566,5.52,O=[N+]([O-])OCCCOc1ccc(Nc2ncnc3c2cnn3-c2ccc(Br)cc2)cc1
CHEMBL4593016,19187643,6.38,COc1cc2ncnc(Nc3ccc(Oc4ccc(C)nc4)c(C)c3)c2cc1NC(=O)C1CSSC1
CHEMBL428741,1943192,8.39,CCOc1cc2ncnc(NC3=CC(=O)C(OCc4cccc(F)c4)=CC3=O)c2cc1NC(=O)/C=C/CN(C)C
CHEMBL5805206,28405328,8.22,Cc1nc(F)ccc1[C@H](Nc1cc(Cl)c2ncc(C#N)c(NCC(C)(C)C)c2c1)C1=CN(CC(C)(F)F)NN1
CHEMBL5081174,24381013,9.15,CN1CCN(C2CCN(c3cc(Cl)c(Nc4ncc(Cl)c(Nc5ccccc5P(C)(C)=O)n4)cc3Cl)CC2)CC1
CHEMBL5968382,28404878,8.3,CCc1nc(F)ccc1[C@H](Nc1cc(C#N)c2ncc(C#N)c(NCC(C)(C)C)c2c1)C1=CN(C2(C(F)(F)F)CC2)NN1
CHEMBL5988997,28405421,8.3,Cn1ccc2c([C@H](Nc3cc(Cl)c4ncc(C#N)c(NCC(C)(C)C(F)(F)F)c4c3)C3=CN(C4(C(F)(F)F)CC4)NN3)cccc2c1=O
CHEMBL4552482,19110265,6.56,COc1cc(Nc2ncnc3cc(-c4ccc(Cl)cc4)sc23)cc(OC)c1OC
CHEMBL4103370,17967041,7.09,Clc1ccc(-c2nnc(Cc3nc4ccccc4[nH]3)o2)cc1
CHEMBL5880574,28883522,6.28,C=CC(=O)N1CCC(Nc2cncc(-c3cnc(Nc4cccc(Cl)c4)nc3)c2)CC1
CHEMBL3671516,26587478,6.96,C=CC(=O)Nc1cc2c(Nc3ccc(Br)cc3F)ncnc2cc1SCCNC(C)=O
CHEMBL3922068,16894447,7.0,Nc1cc(Br)ccc1NC(=O)COc1ccc2ncnc(Nc3ccc(F)c(Cl)c3)c2c1
CHEMBL5949485,26940982,8.4,C=CC(=O)Nc1cc(Nc2ncc3ccc(-c4cnn(C)c4)n3n2)c(OC)cc1N(C)CCN(C)C
CHEMBL5871844,28403312,8.61,Cc1ncccc1[C@H](Nc1cc(Cl)c2ncc(C#N)c(N[C@H](CCC#N)c3ccccc3)c2c1)C1=CN(C2CC2)NN1
CHEMBL5206164,24741579,9.66,COc1cc(N2CCC(N3CC(N(C)C)C3)CC2)c(C)cc1Nc1ncc(Br)c(Nc2ccc3c(c2P(C)(C)=O)OCCO3)n1
CHEMBL111586,6261347,6.46,N#Cc1cnc2cc(O)c(O)cc2c1Nc1cccc(Br)c1
CHEMBL6020599,28403249,7.09,CCN1Cc2ccc([C@H](Nc3cc(Cl)c4ncc(C#N)c(Nc5ccc(F)c(Cl)c5)c4c3)C3=CNNN3)cc2C1
CHEMBL3357651,15112234,8.02,CCOc1cc2ncnc(Nc3ccc(Oc4ccc(C)nc4)c(Cl)c3)c2cc1NC(=O)/C(F)=C\CN(C)C
CHEMBL3699604,16347940,7.7,C=CC(=O)Nc1cccc(Nc2nc(Nc3ccc(N4CCN(C(=O)OC)CC4)cc3OC)ncc2C(F)(F)F)c1
CHEMBL5281203,25018396,6.65,C=CC(=O)Nc1cc(Nc2ncc(C(=O)OC(C)C)c(-c3cn(C4CC4)c4ccccc34)n2)c(OC)cc1N(C)CCN(C)C
CHEMBL5759845,27652898,7.26,C=CC(=O)Nc1cccc(Nc2nc(Nc3cccc(OCCCS(C)(=O)=O)c3)ncc2F)c1
CHEMBL2018767,10855827,5.03,CCN(CC)CCOc1cc2ncnc(Nc3ccc(C)c(Br)c3)c2cc1OC
CHEMBL5433585,25533363,7.75,CCS(=O)(=O)n1cc(-c2ccnc(Nc3cc(NC(=O)C4CC4)c4c(cnn4CCN(C)C)c3)n2)c2ccccc21
CHEMBL3805509,16588559,7.62,C#Cc1cccc(Nc2ncnc3cc(OC(C)C)c4c(c23)OCCO4)c1
CHEMBL3098319,13868170,4.44,COc1cc2nc(Cl)nc(Nc3ccc(N(C)C)cc3)c2cc1OC
CHEMBL4063701,18189818,5.23,CCC(=O)N1CCC[C@@H](n2nc(-c3ccc(C(F)(F)F)cc3)c3c(N)ncnc32)C1
CHEMBL4277912,19408283,8.89,C=CC(=O)Nc1cccc(-n2c(=O)c(=O)n(C(C)C)c3cnc(Nc4ccc(N5CCN(C)CC5)c(OC)c4)nc32)c1
CHEMBL5928199,28883462,5.42,C=CC(=O)N1CC(Nc2cncc(-c3cnc(Oc4ccc(F)c(OC(F)F)c4)nc3)c2)C1
CHEMBL2048904,10949875,7.44,Cn1ncc2c(Oc3ccc(Nc4ncnc5ccn(CCO)c45)cc3Cl)cccc21
CHEMBL5783875,27652940,7.26,C=CC(=O)N1CCOc2ccc(Nc3nc(Nc4ccc(N5CCCC5=O)cc4)ncc3C(C)=O)cc21
CHEMBL3806200,16588570,7.44,COCCOc1cc2ncnc(Nc3ccc(Cl)c([N+](=O)[O-])c3)c2c2c1OCCO2
CHEMBL5913125,28405541,8.52,COc1nccc2c([C@H](Nc3cc(C#N)c4ncc(C#N)c(NCC(C)(C)C(F)(F)F)c4c3)C3=CN(C45CC(C4)C5)NN3)cccc12
CHEMBL378145,1697625,5.47,Clc1ccc2c(c1)CNc1c(Nc3cccc(Br)c3)ncnc1O2
CHEMBL5991077,28404677,8.52,Cc1nc(F)ccc1[C@H](Nc1cc(Cl)c2ncc(C#N)c(NCC(C)(C)C)c2c1)C1=CN(C(C)(C)CF)NN1
CHEMBL6047881,28404191,7.96,CCN1CCC(N2C=C([C@@H](Nc3cc(Cl)c4ncc(C#N)c(Nc5ccc(F)c(Cl)c5)c4c3)c3sccc3Cl)NN2)CC1
CHEMBL4786787,22848913,7.75,CN1CCN(c2ccc(Nc3ncc4nc(Nc5ccccc5)n([C@@H]5CCN(S(=O)(=O)C6CC6)C5)c4n3)cc2)CC1
CHEMBL5915453,28722578,4.72,C=CC(=O)N1CCC(Oc2cc3c(Nc4cccc5cnn(C)c45)ncnc3cc2OC)C1
CHEMBL2325088,12657568,5.6,c1ccc(C2=NN(c3ccccc3)C(c3cccc4ccccc34)C2)cc1
CHEMBL5280575,25059918,6.05,COc1cc2c(Nc3ccc(Oc4ccc(F)cc4)cc3)ncnc2cc1OCC1CCN(C)CC1
CHEMBL6000502,26750327,7.01,CCCCCCC(=O)N[C@@H]1[C@H]2Oc3ccc(Oc4ccnc5c4CCC(=O)N5)cc3[C@@H]12
CHEMBL5885757,28404038,8.3,N#Cc1cnc2c(Cl)cc(N[C@H](C3=CN(C4COC4)NN3)c3cccnc3Cl)cc2c1Nc1ccc(F)c(Cl)c1
CHEMBL3804868,16588580,8.17,CCOc1cc2ncnc(Nc3ccc(C)c(Cl)c3)c2c2c1OCCO2
CHEMBL4857477,23203425,7.09,CN(C(=O)NCCCl)c1ccc2ncnc(Nc3cccc(Cl)c3)c2c1
CHEMBL5830860,27652697,7.26,C=CC(=O)Nc1cccc(Nc2nc(Nc3ccc(OCCN4CCCC4=O)nc3)ncc2F)c1
CHEMBL5286055,24976279,8.15,C=CC(=O)N1CCCCCCCCn2cc(c3ccccc32)-c2ccnc(n2)Nc2cccc1c2
CHEMBL5940711,28404872,7.1,COc1cc(N[C@H](C2=CN(C3(C#N)CC3)NN2)c2ccc(F)nc2C)cc2c(NCC(C)(C)C)c(C#N)cnc12
CHEMBL3237943,14574932,4.62,Cc1nn(-c2ccc(Cl)cc2)c(Cl)c1C1C(C#N)=C(N)N(c2cccnc2)C2=C1C(=O)CC(C)(C)C2
CHEMBL3671561,26587616,7.77,C=CC(=O)Nc1cc2c(Nc3ccc(Br)cc3F)ncnc2cc1OCC1CNC(=O)O1
CHEMBL5199399,24670257,7.85,C=CC(=O)N1CCC(Oc2nc(Nc3ccc(N4CCN(C)CC4)cc3OC)nc3ccsc23)CC1
CHEMBL383760,1715584,7.3,CNC(=O)[C@H]1CCCN1Cc1cc2c(Nc3cccc(Cl)c3F)ncnc2cc1OC
CHEMBL3912361,16666120,6.62,O=C(CCl)OCCn1c(=O)oc2cc3ncnc(Nc4ccc(N5CCCCC5)c(Cl)c4)c3cc21
CHEMBL4104427,18155516,5.6,Cc1nc(C)c(/C=C2\CN(C(C)C)C/C(=C\c3nc(C)c(C)nc3C)C2=O)nc1C
CHEMBL5512556,25866170,7.0,C=CC(=O)N1CC[C@H](n2cc(-c3ccncc3)c(-c3cc(OCc4ccc5c(c4)CN(C)C5=O)ccc3F)n2)C1
CHEMBL510597,2390203,8.57,C=CC(=O)C(CCCN1CCOCC1)c1cc2c(Nc3cccc(Br)c3)ncnc2cn1
CHEMBL4101735,18189816,6.0,CN(C)C/C=C/C(=O)N1CCC[C@@H](n2nc(-c3cccc(C(F)(F)F)c3)c3c(N)ncnc32)C1
CHEMBL4103757,18039966,8.0,C=CC(=O)Nc1cc(Nc2n[nH]c3cc(-c4cccc(N(C)C)c4)ccc23)c(OC)cc1N(C)CCN(C)C
CHEMBL6047629,28403735,7.42,Cn1nccc1[C@H](Nc1cc(Cl)c2ncc(C#N)c(Nc3ccc(Cl)c(Cl)c3F)c2c1)C1=CNNN1
CHEMBL5987649,28405715,8.7,Cn1ccc2c([C@H](Nc3cc(C#N)c4ncc(C#N)c(NCC(C)(C)C)c4c3)C3=CN(C4(CF)CC4)NN3)cccc2c1=O
CHEMBL4744798,22835798,9.15,CC(=O)Nc1ccc(-c2cc3c(N[C@H](C)c4ccccc4)ncnc3[nH]2)cc1
CHEMBL5868212,27071642,6.26,CCOC(=O)N[C@@H]1CCCN(c2cnc(C(N)=O)c(Nc3ccc(C4CCN(C5CCCC5)CC4)cc3)n2)C1
CHEMBL503638,2271276,7.52,CCOC(=O)N1CCN([C@H]2CC[C@H](n3nc(-c4ccc5nc(Cc6ccccc6OC)[nH]c5c4)c4c(N)ncnc43)CC2)CC1
CHEMBL6050060,28517126,5.1,C=CC(=O)N1CC(Nc2nc(Nc3ccc(N4CCOCC4)cc3F)c3c(c2F)CNC3=O)CCC1C
CHEMBL3353395,15073068,4.8,C=CC(=O)Nc1cc(Nc2ncc(Cl)c(-c3cnn4ccccc34)n2)c(OC)cc1N1CCN(C(=O)CN(C)C)CC1
CHEMBL3814320,16612191,8.85,O=C(NCCN1CCOCC1)Nc1ccc2ncnc(Nc3cccc(Br)c3)c2c1
CHEMBL5752981,27653108,7.26,C=CC(=O)Nc1cccc(Nc2nc(Nc3cccc(OCCCN4CCOCC4)c3)ncc2F)c1
CHEMBL5943090,28405889,7.58,Cc1c([C@H](Nc2cc(Cl)c3ncc(C#N)c(NCC(C)(C)C)c3c2)C2=CN(C3(C(F)(F)F)CC3)NN2)ccnc1O
CHEMBL5077776,24343054,9.4,C=CC(=O)N1CCC2(CC1)CNC(=O)c1cc(-c3ccnc(Nc4ccccc4OC)n3)[nH]c12
CHEMBL3958482,16668424,7.8,COc1cc2ncnc(Nc3ccc(Oc4ccccc4)cc3)c2cc1NC(=O)/C=C/CN1CCCCC1
CHEMBL3945555,16666129,6.8,O=C(CBr)OCCn1c(=O)oc2cc3ncnc(Nc4ccc(Oc5cccc(C(F)(F)F)c5)c(Cl)c4)c3cc21
CHEMBL4792967,22814385,9.77,C=CC(=O)Nc1cc(Nc2ncc(C(F)(F)F)c(-c3cn(C4COC4)c4ccccc34)n2)c(OC)cc1N(C)CCN(C)C
CHEMBL3676338,26587694,6.03,C=CC(=O)Nc1cc2c(Nc3cccc(Cl)c3F)ncnc2cc1OCCNC(=O)CN(C)C
CHEMBL5746124,27619529,4.09,C=CC(=O)Nc1cccc(Nc2nc(Nc3ccc(C4CCN(C5COC5)CC4)cc3OC)ncc2C(F)(F)F)c1
CHEMBL5172338,24919429,7.65,COc1cc(N2CCC(N3CCN(C)CC3)CC2)ccc1Nc1ncc(Cl)c(-c2c[nH]c3ccccc23)n1
CHEMBL4290812,18722860,9.52,C=C=CC(=O)Nc1cc(Nc2nccc(-c3cn(C)c4ccccc34)n2)c(OC)cc1N1CCN(C)CC1
CHEMBL3676351,26587736,5.0,C=CC(=O)Nc1cc2c(Nc3cc(C(=O)NOC)c(Br)cc3F)ncnc2cc1OCCNC(C)=O
CHEMBL5088102,24343045,8.55,COc1ccccc1Nc1nccc(-c2cc3c([nH]2)C2(CCN(C(=O)C#CN(C)C)CC2)CNC3=O)n1
CHEMBL5571590,25954992,6.11,C=CC(=O)Nc1cc2c(Oc3ccc(NC(=O)CCCc4ccc(F)cc4)cc3F)ncnc2cc1OC
CHEMBL3622651,15743460,8.68,COCCOc1cc2ncnc(Nc3ccc(F)c(Cl)c3)c2cc1NC(=O)/C=C/CN1CCCCC1
CHEMBL4129781,18304101,9.1,C=CC(=O)Nc1cccc(-n2c(=O)n(C(C)C)c(=O)c3cnc(Nc4ccc(N5CCC(N(C)C)CC5)cc4OC)nc32)c1
CHEMBL5285503,25073527,7.72,CC(C)n1nc(N2CC(CO)C2)c2cnc(Nc3ccnc(-c4cnn(S(=O)(=O)C5CC5)c4)n3)cc21
CHEMBL4759414,22844303,7.29,O=C(Nc1cc2c(Nc3ccc(F)c(Cl)c3)ncnc2cc1OCCCN1CCOCC1)c1cccc([N+](=O)[O-])c1
CHEMBL3671535,26587538,6.8,C=CC(=O)Nc1cc2c(Nc3ccc(Br)cc3F)ncnc2cc1OCCNC(=O)OC
CHEMBL336409,328640,5.97,N[C@H](Cc1c([Se][Se]c2[nH]c3ccccc3c2C[C@H](N)C(=O)NCc2ccccc2)[nH]c2ccccc12)C(=O)NCc1ccccc1
CHEMBL4437863,19315822,7.52,CC1(C)CC[C@]2(C(=O)OCCO[N+](=O)[O-])CC[C@]3(C)C(=CC[C@@H]4[C@@]5(C)CC[C@H](O)C(C)(C)[C@@H]5CC[C@]43C)[C@@H]2C1
CHEMBL4242522,18676732,8.4,CCc1ccc(N(C)c2ncnc3occ(C)c23)cc1
CHEMBL5431378,25665200,8.0,CCS(=O)(=O)Nc1nc(-c2ccc(F)cc2)c(-c2ccnc(Nc3cc(C)c(N4CCC(N5CCN(C)CC5)CC4)cc3OC)n2)s1
CHEMBL4079649,18172250,6.84,CCC(=O)N1CC[C@H](N2C(=O)N(c3cccc(Cl)c3)Cc3cnc(Nc4ccc(N5CCN(C)CC5)c(C)c4)nc32)C1
CHEMBL3612592,15698272,6.85,CCOC(=O)CCCn1c(=O)oc2cc3ncnc(Nc4ccc(F)c(F)c4)c3cc21
CHEMBL5968711,28404089,8.4,CC(C)(C)N1CCC(N2C=C([C@@H](Nc3cc(Cl)c4ncc(C#N)c(Nc5ccc(F)c(Cl)c5)c4c3)c3ccc(F)nc3)NN2)CC1
CHEMBL5199341,24902219,8.8,Nc1ccc2ncnc(Nc3cccc4ccccc34)c2c1
CHEMBL6008734,27737723,6.26,CNC1CCC(n2nc(-c3ccc(CNC(=O)c4ccccc4OC)cc3)c3c(N)ncnc32)CC1
CHEMBL6011290,28722416,6.42,C=CC(=O)N1CCC(Oc2cc3c(Nc4ccc(Cl)c(-c5cnco5)c4)ncnc3cc2OC)C1
CHEMBL1958036,8049009,5.07,COc1ccc(C2CC(c3ccc(Cl)cc3)=NN2C2=NC(=O)CS2)cc1
CHEMBL2325093,12657563,6.7,Cc1ccc(C2=NN(c3ccccc3)C(c3cccc4ccccc34)C2)cc1
CHEMBL3297899,14752165,7.15,CCN(c1ccc(OC)cc1)c1nc(C)nc2oc(C)cc12
CHEMBL202244,1677864,5.05,COC(=O)c1c(OCCN2CCCC2)c2ccccc2c2oc3c(c12)C(=O)c1ccccc1C3=O
CHEMBL5780712,27652655,7.26,C=CC(=O)N1CCCC(Nc2nc(Nc3ccccc3)ncc2C)C1
CHEMBL231885,1951297,6.15,CC(=O)N1CCN(Cc2ccn3ncnc(Nc4ccc5c(cnn5Cc5cccc(F)c5)c4)c23)CC1
CHEMBL3263378,14655705,5.55,COc1ccc(C2=NN(C3=NC(=O)CS3)C(c3ccc4ccccc4c3)C2)cc1
CHEMBL5590915,25947806,5.51,CCCCNc1nc2oc(C)c(C(=O)NNC(=O)c3cc4ccccc4oc3=O)c2c(=O)n1-c1ccccc1
CHEMBL5633818,26154070,7.44,COCCOc1cc2ncnc(Nc3ccc(C=O)c(O)c3)c2cc1OCCOC
CHEMBL3545308,16335936,8.26,C=CC(=O)Nc1cccc(Nc2nc(Nc3ccc(N4CCN(C(C)=O)CC4)cc3OC)ncc2C(F)(F)F)c1
CHEMBL5773834,28721912,6.89,C=CC(=O)N1CCC(Oc2cc3c(Nc4ccc(OC(F)(F)F)c(Cl)c4)c(C#N)cnc3cc2OC)CC1
CHEMBL3234757,14571469,6.8,CC(C)c1ccc(C(=O)Nc2ccc(CN3CCN(C)CC3)c(C(F)(F)F)c2)cc1NC(=O)c1cnc2[nH]ccc2c1
CHEMBL205776,1696691,7.18,CN1CCN(CCCOc2cc(OC3CCOCC3)c3c(Nc4ccc(F)c(Cl)c4)ncnc3c2)CC1
CHEMBL381306,1697598,5.22,Brc1ccc2c(c1)CNc1c(NCc3ccccc3)ncnc1O2
CHEMBL2105717,19211866,7.72,COc1cc2nccc(Oc3ccc(NC(=O)C4(C(=O)Nc5ccc(F)cc5)CC4)cc3)c2cc1OC
CHEMBL6041859,28403663,8.52,CC[C@@H](Nc1c(C#N)cnc2c(Cl)cc(N[C@H](C3=CN(C(C)(C)C)NN3)c3cccnc3)cc12)c1ccccc1
CHEMBL3759754,16461812,5.87,COc1cc2c(Nc3ccc(NC(=O)c4ccc(Cl)cc4)cc3)ncnc2cc1OCCCN1CCOCC1
CHEMBL3814882,16612192,9.11,O=C(NCCN1CCCCC1)Nc1ccc2ncnc(Nc3cccc(Br)c3)c2c1
CHEMBL3612594,15698274,7.7,CCOC(=O)CCCn1c(=O)oc2cc3ncnc(Nc4ccc(O)cc4)c3cc21
CHEMBL3655342,26576582,9.0,CN(C)C(=O)N1CCN(C/C=C/C(=O)N2CCc3c(sc4ncnc(Nc5ccc(F)c(Cl)c5)c34)C2)CC1
CHEMBL5785458,26961319,7.71,CN(C)C/C=C/C(=O)N1CC[C@@H](n2nc(C(=O)Nc3nc4cc(-c5ccccc5)ccc4o3)c3c(N)ncnc32)C1
CHEMBL5762610,27071222,6.26,CN1CCN([C@@H]2CCCN(c3cnc(C(N)=O)c(Nc4ccc(C5(C)CCN(C6CCC6)CC5)cc4)n3)C2)C1=O
CHEMBL5746961,28405970,8.7,COC1=C([C@@H](Nc2cc(Cl)c3ncc(C#N)c(NCC(C)(C)C)c3c2)c2ccc(F)nc2C)NNN1C12CC(C1)C2
CHEMBL5436096,25535987,7.64,CN(Cc1ccccc1)c1ncnc2[nH]c(-c3ccc(O)cc3)cc12
CHEMBL3235199,14568935,5.39,Cc1ncc([N+](=O)[O-])n1CC(=O)N/N=C/c1cc2ccccc2nc1Oc1ccc(Cl)cc1
CHEMBL5873071,28403225,8.7,CC(C)N1C=C([C@@H](Nc2cc(Cl)c3ncc(C#N)c(Nc4ccc(F)c(Cl)c4)c3c2)c2cccc3c2CN(C(=O)CO)C3)NN1
CHEMBL1828882,6358488,4.66,COc1ccc(CC(=O)NS(=O)(=O)c2ccc(F)cc2)cc1
CHEMBL3297900,14752153,7.13,CCCN(c1ccc(OC)cc1)c1nc(C)nc2oc(C)cc12
CHEMBL3233779,14586677,8.7,COC(CN(C)C/C=C/C(=O)Nc1cc2c(Nc3ccc(F)c(Cl)c3)ncnc2s1)OC
CHEMBL3958631,28722272,7.68,C=CC(=O)N1CCC(Oc2cc3c(Nc4ccc(Br)c(Cl)c4)ncnc3cc2OC)CC1
CHEMBL5208056,24749179,8.22,O=C(Nc1nccs1)C(c1ncn2c1C[C@@H](F)C2)n1cc2c(Cl)cc(-c3ccc(N4CCOCC4)cc3)c(Cl)c2n1
CHEMBL3671533,26587532,8.05,C=CC(=O)Nc1cc2c(Nc3ccc(Br)cc3F)ncnc2cc1OCCNC(=O)CCN(C)C
CHEMBL5996357,28403168,8.22,CC(C)(C)CNc1c(C#N)cnc2c(Cl)cc(N[C@H](C3=CN(C4CC4)NN3)c3cccc4c3CN(C3COC3)C4)cc12
CHEMBL4208224,18535072,5.77,Cc1c2cc(Cl)ccc2n2cc(Cc3ccccc3)[nH]c(=O)c12
CHEMBL4288648,18798651,6.12,O=C1Nc2ccc(S(=O)(=O)N3CCOCC3)cc2/C1=N/c1ccc(O)cc1
CHEMBL6014278,26749922,7.03,O=C1CCc2c(Oc3ccc4c(c3)[C@H]3[C@H](NC(=O)c5ccc(F)cc5)[C@H]3O4)ccnc2N1
CHEMBL6010216,26961352,7.63,CCN(CC)C/C=C/C(=O)N1CC[C@@H](n2cc(C(=O)Nc3nc4cc(-c5ccccc5)ccc4o3)c3c(N)ncnc32)C1
CHEMBL3085381,2047161,6.89,CCN(CC)[C@@](C)(CCc1ncnc2cc(OC)c(OC)cc12)Cc1ccccc1
CHEMBL5875975,27070844,6.26,CC[C@@H]1[C@H](NC(=O)N(C)C)CCCN1c1cnc(C(N)=O)c(Nc2ccc(C3CCN(C4CCC4)CC3)cc2)n1
CHEMBL489147,2202766,5.22,COc1cc(C(C#N)=C(C#N)C#N)cc(O)c1O
CHEMBL3233761,14586657,6.1,CN(C)CCCC(=O)Nc1cc2c(Nc3ccc(F)c(Cl)c3)ncnc2s1
CHEMBL380972,1697602,6.47,COc1cc2c(cc1OC)Oc1ncnc(Nc3cccc(Br)c3)c1NC2
CHEMBL4066504,18048478,7.6,Fc1ccc(NC(=S)Nc2ccc3ncnc(Nc4cccc(Br)c4)c3c2)cc1Cl
CHEMBL3219128,14533866,7.38,C=CC(=O)Nc1cccc(N2C(=O)C(C)N(C)C(=O)c3cnc(Nc4ccc(N5CCN(C)CC5)cc4OC)nc32)c1
CHEMBL5739782,28517234,5.17,C=CC(=O)N1CCC[C@H](Nc2nc(-c3cnn(C)c3)c3c(c2F)CNC3=O)[C@@H]1C
CHEMBL1173783,3364627,5.9,Cc1ncc([N+](=O)[O-])n1CCOC(=O)/C=C/c1ccc(OCc2ccccc2)cc1
CHEMBL3671570,26587646,8.15,C=CC(=O)Nc1cc2c(Nc3ccc(Br)cc3F)ncnc2cc1OCCNC(=O)CN1CCCCC1
CHEMBL5439126,25536087,7.28,Cc1cccc(CN(C)c2ncnc3[nH]c(-c4ccc(C(=O)O)cc4)cc23)c1
CHEMBL190567,1495547,6.82,COCC(=O)Nc1ccc2ncnc(Nc3cccc(I)c3)c2c1
CHEMBL393264,2038917,7.3,CC1(N)CCN(Cc2ccn3ncnc(Nc4ccc5c(cnn5Cc5cccc(F)c5)c4)c23)CC1
CHEMBL53156,1083485,7.7,CNc1ccc2ncnc(Nc3cccc(Br)c3)c2n1
CHEMBL5184610,24907655,8.87,CCOc1cc2ncnc(Nc3ccc(Oc4cc5nncn5cn4)c(C)c3)c2cc1NC(=O)/C=C/[C@H]1CCCN1C
CHEMBL5193149,24741564,9.92,COc1cc(N2CCC(N3CC[C@H](N(C)C)C3)CC2)c(C)cc1Nc1ncc(Br)c(Nc2ccc3c(c2P(C)(C)=O)OCCO3)n1
CHEMBL2029440,10883647,8.69,C=CC(=O)Nc1cccc(N2C(=O)N(c3ccc(Oc4ccccc4)cc3)Cc3cnc(Nc4ccc(N5CCN(C)CC5)cc4OC)nc32)c1
CHEMBL3622636,15743477,7.04,COCCOc1cc2ncnc(Nc3ccc(OCc4cccc(F)c4)cc3)c2cc1NC(=O)/C=C/CN(C)C
CHEMBL3671580,26587676,7.92,C=CC(=O)Nc1cc2c(Nc3ccc(F)c(Cl)c3)ncnc2cc1OCCNC(C)=O
CHEMBL3612572,15711398,5.26,COCCn1c(=O)oc2cc3ncnc(Nc4ccc(OC)c(OC)c4)c3cc21
CHEMBL5979309,27652892,6.26,C=CC(=O)N(C)Cc1ccc(Oc2nc(Nc3cccc(OCCCS(C)(=O)=O)c3)ncc2F)cc1
CHEMBL5537023,25866187,6.92,C=CC(=O)N1CC[C@H](n2cc(-c3ccncn3)c(-c3cccc(/C=C/c4ncc(C5CC5)o4)c3)n2)C1
CHEMBL5281266,25018379,7.64,C=CC(=O)Nc1cc(Nc2ncc(C(=O)CC)c(-c3cn4c5c(cccc35)CCC4)n2)c(OC)cc1N(C)CCN(C)C
CHEMBL5950367,27070646,5.26,CN(C)C(=O)N[C@@H]1CCCN(c2cnc(C(N)=O)c(Nc3cnn(C4CCN(C(=O)OC(C)(C)C)CC4)c3)n2)C1
CHEMBL5950214,27653237,7.26,C=CC(=O)Nc1cccc(Nc2nc(Nc3ccc(O[C@@H]4CCOC4)c(F)c3)ncc2F)c1
CHEMBL3975598,16847201,6.21,COC(=O)CNC(=O)c1ccc(Nc2ncnc3cc(OCCCN4CCN(C)CC4)c(OC)cc23)cc1
CHEMBL5401943,25482730,6.58,CC(=O)c1ccc(Nc2nccc(-c3cn(C)c4ccccc34)n2)cc1OCCOCCn1ccnc1[N+](=O)[O-]
CHEMBL5981434,28403273,7.96,CC(C)N1C=C([C@@H](Nc2cc(Cl)c3ncc(C#N)c(Nc4ccc(F)c(Cl)c4)c3c2)c2ccc3ncsc3c2)NN1
CHEMBL5853477,26961370,7.91,C=CC(=O)N1CC(Cn2nc(C(=O)Nc3nc4ccccc4o3)c3c(N)ncnc32)C1
CHEMBL247024,2045384,5.6,N#Cc1cnc2ccc(-c3ccc(CN4CCOCC4)cc3)cc2c1N[C@@H]1C[C@H]1c1ccccc1
CHEMBL395883,2038913,6.37,COc1cn2ncnc(Nc3ccc4c(cnn4Cc4cccc(F)c4)c3)c2c1COC[C@@H]1CNCCO1
CHEMBL5172236,24670264,8.19,C=CC(=O)N1CCC(Oc2nc(Nc3ccc(N4CCOCC4)cc3)nc3ccsc23)CC1
CHEMBL3671540,26587553,6.81,C=CC(=O)Nc1cc2c(Nc3ccc(F)cc3F)ncnc2cc1OCCNC(=O)CN(C)C
CHEMBL196925,1601106,6.92,CCOC(=O)c1cn2ncnc(Nc3ccc4c(cnn4Cc4ccccc4)c3)c2c1CC
CHEMBL202398,1681985,7.4,CCCCN(CC#CC(=O)Nc1ccc2ncnc(Nc3ccc(F)c(Cl)c3)c2c1)CCCC
CHEMBL5875973,26749976,7.89,O=C1CCc2c(Oc3ccc4c(c3)[C@H]3[C@H](NC(=O)c5ccc(C(F)(F)F)cc5)[C@H]3O4)ccnc2N1
CHEMBL1958038,8049011,5.19,O=C1CSC(N2N=C(c3ccc(Br)cc3)CC2c2ccc(F)cc2)=N1
CHEMBL5420945,25665177,7.2,CN1CCN(c2ccc(Nc3nccc(-n4ccnc4-c4ccc(F)cc4)n3)cc2)CC1
CHEMBL5437343,25691190,8.22,C=CC(=O)Nc1cccc(-c2c(-c3ccc(N4CCN(C)CC4)cc3)oc3ncnc(NC4CCCCC4)c23)c1
CHEMBL4514393,19287502,6.98,CC(C)=CC[C@@H](OC(=O)/C=C\C(=O)c1ccc(C)cc1Cl)C1=CC(=O)c2c(O)ccc(O)c2C1=O
CHEMBL241919,1943185,7.6,CCOc1cc2ncnc(NC3=CC(=O)C(OCc4cccc(C)c4)=CC3=O)c2cc1NC(=O)/C=C/CN(C)C
CHEMBL5770169,26811040,8.54,COC[C@H]1CCN1C/C=C/C(=O)Nc1cc2c(Nc3ccc(F)c(Cl)c3)ncnc2cc1OC[C@H]1COCCO1
CHEMBL5864323,28404353,8.52,Cn1ncc2c([C@H](Nc3cc(Cl)c4ncc(C#N)c(NCC(C)(C)C)c4c3)C3=CN(C4CC4)NN3)cccc21
CHEMBL5933379,28333322,5.0,O=C1CCC(N2C(=O)c3cccc(NCCOCCOCC#Cc4cccc5c4C(=O)N([C@@H](C(=O)Nc4nccs4)c4cc(F)ccc4O)C5)c3C2=O)C(=O)N1
CHEMBL5890920,28170449,5.74,COc1cc(OC2CCN(C)CC2(F)F)c2c(Nc3ccc(Oc4ccn5ccnc5c4)c(C)c3)ncnc2c1
CHEMBL5794373,28404242,7.89,CC(C)N1C=C([C@@H](Nc2cc(Cl)c3ncc(C#N)c(Nc4ccc(F)c(Cl)c4)c3c2)c2cc(C#N)cs2)NN1
CHEMBL3958006,16668435,8.7,O=C(/C=C/CN1CCOCC1)Nc1cc2c(Nc3ccc(F)c(Cl)c3)ncnc2cn1
CHEMBL5563672,25979177,8.65,CN1CCC[C@@H]1/C=C/C(=O)Nc1ccc2ncnc3c2c1CCN3c1ccc(OCc2ccccn2)c(Cl)c1
CHEMBL3357636,15112250,9.17,COc1cc2ncnc(Nc3ccc(F)c(Cl)c3)c2cc1NC(=O)/C(F)=C\CN1CCCCC1
CHEMBL5917549,27737831,7.26,COc1ccccc1C(=O)NCc1ccc(-n2nc(C3CCCC3)c3ncnc(N)c32)cc1
CHEMBL3936761,23299092,7.67,C=CC(=O)N1CCC([C@@H]2CCNc3c(C(N)=O)c(-c4ccc(Oc5ccccc5)cc4)nn32)CC1
CHEMBL28418,893014,7.75,C=CC(=O)Nc1ccc2ncnc(Nc3ccc(F)c(Cl)c3)c2n1
CHEMBL5950577,28405652,8.4,Cc1nc(F)ccc1[C@H](Nc1cc(C#N)c2ncc(C#N)c(NCC(C)(C)C)c2c1)C1=C(C2CC2)N(C2CC2)NN1
CHEMBL5419520,25536012,7.19,CN(c1ncnc2[nH]c(-c3ccc(CO)cc3)cc12)[C@@H](CO)c1ccccc1
CHEMBL273789,2390140,6.63,CS(=O)(=O)CCN(CCCCOc1ccc2ncnc(Nc3ccc(OCc4ccccc4)cc3)c2c1)C(=O)C(F)(F)F
CHEMBL3218001,14543395,5.89,C#Cc1cccc(Nc2ncnc3ccc(S(=O)(=O)n4ccc(/C=C/C(=O)Nc5ccccc5N)c4)cc23)c1
CHEMBL5633067,26154041,7.46,COCCOc1cc2ncnc(Nc3cccc(OS(=O)(=O)F)c3)c2cc1OCCOC
CHEMBL372112,1601102,7.3,CCOC(=O)c1cn2ncnc(Nc3ccc4[nH]ncc4c3)c2c1CC
CHEMBL31876,567342,6.48,CC#CC(=O)Nc1ccc2ncc(C#N)c(Nc3ccc(F)c(Cl)c3)c2c1
CHEMBL3087206,13826576,7.39,C=CC(=O)N1CCC[C@@H](N2C(=O)N(Cc3ccccc3)Cc3cnc(Nc4ccc(N5CCN(C)CC5)cc4OC)nc32)C1
CHEMBL5830681,28405991,5.91,Cc1nc(F)ccc1[C@H](Nc1cc(Cl)c2ncc(C#N)c(NCC(C)(C)C)c2c1Br)C1=C(F)N(C2(C(F)F)CC2)NN1
CHEMBL5575614,25979163,8.08,COc1cccc(-c2c(NC(=O)/C=C/[C@H]3CCCN3C)ccc3ncnc(Nc4ccc(OCc5cccc(F)c5)c(Cl)c4)c23)c1
CHEMBL30973,572507,7.43,CN(C)C/C=C/C(=O)Nc1ccc2ncc(C#N)c(Nc3cccc(Br)c3)c2c1
CHEMBL3403510,15175245,7.04,COc1ccc(N(C)c2nc(C)nc3oc(C)cc23)cc1OC
CHEMBL5851491,28405664,8.15,Cc1nc(F)ccc1[C@H](Nc1cc(C#N)c2ncc(C#N)c(NCC(C)(C)C(F)(F)F)c2c1)C1=C(F)N(C23CC(C2)C3)NN1
CHEMBL4204983,18539785,7.61,CN(C)CCN(C)c1nc(Nc2ccc(F)cc2)nc2cnc(Nc3ccc(N4CCC(N(C)C)CC4)cn3)cc12
CHEMBL1958021,8048994,5.46,O=C1CSC(N2N=C(c3ccccc3)CC2c2ccc(Cl)cc2)=N1
CHEMBL3752008,16435153,7.83,O=C(Nc1ccncc1)Nc1cc(-c2cncnc2)cc(C(F)(F)F)c1
CHEMBL3671554,26587595,7.58,C=CC(=O)Nc1cc2c(Nc3ccc(Br)cc3F)ncnc2cc1OCCCNCC(C)=O
CHEMBL3699585,16315164,7.7,C=CC(=O)Nc1cccc(Nc2nc(Nc3ccc(N4CCCN(C(C)=O)CC4)cc3OC)ncc2C(F)(F)F)c1
CHEMBL4088277,18039970,8.96,C=CC(=O)Nc1cc(Nc2n[nH]c3cc(-c4cncc5ccccc45)ccc23)c(OC)cc1N(C)CCN(C)C
CHEMBL4557005,19293623,7.03,C=CC(=O)Nc1cc(Nc2nc(C)cc(-c3cn(C)c4ccccc34)n2)c(OC)cc1N(C)CCN(C)C
CHEMBL5922999,28517246,5.38,C=CC(=O)N1CCC[C@H](Nc2nc(Nc3ccc(N4CCOCC4)cc3)c3c(c2F)CNC3=O)C1
CHEMBL5821888,28405565,7.66,Cc1ccc([C@H](Nc2cc(C#N)c3ncc(C#N)c(NCC(C)(C)C)c3c2)C2=CN(C3(C(F)(F)F)CC3)NN2)cn1
CHEMBL3671582,26587682,7.31,C=CC(=O)Nc1cc2c(Nc3ccc(Cl)cc3Cl)ncnc2cc1OCCNC(C)=O
CHEMBL5842313,28404161,8.52,CCCN1CCC(N2C=C([C@@H](Nc3cc(Cl)c4ncc(C#N)c(Nc5ccc(F)c(Cl)c5)c4c3)c3cncs3)NN2)CC1
CHEMBL1172781,12722998,7.28,OC[C@@H](Nc1ncnc2oc(-c3ccccc3)c(-c3ccccc3)c12)c1ccccc1
CHEMBL3753461,16444040,6.55,C=CC(=O)Nc1cccc(-n2c(=O)cc(C)c3c(C)nc(Nc4ccc(N5CCN(C)CC5)cc4OC)nc32)c1
CHEMBL5283216,25018377,7.46,C=CC(=O)Nc1cc(Nc2ncc(C#N)c(-c3cn4c5c(cccc35)CCC4)n2)c(OC)cc1N(C)CCN(C)C
CHEMBL5932679,26749466,6.6,O=C1CCc2c(Oc3ccc4c(c3)[C@H]3[C@H](NC(=O)c5ccc(CN6CCN(CC(F)(F)F)CC6)c(C(F)(F)F)c5)[C@H]3O4)ccnc2N1
CHEMBL7917,1454928,8.3,COc1cc2ncnc(Nc3cccc(Cl)c3)c2cc1OC
CHEMBL3758770,16457561,9.3,COc1cc(C(=O)NCCN(C)C)ccc1-c1cc2c(N[C@H](C)c3ccccc3)ncnc2s1
CHEMBL3759022,16457568,8.3,COc1cc(CO)ccc1-c1cc2c(NCc3ccccc3)ncnc2s1
CHEMBL427671,1951262,7.09,Cc1ccn2ncnc(Nc3ccc4c(cnn4Cc4cccc(F)c4)c3)c12
CHEMBL5561503,25870223,5.86,C=CC(=O)N1CCC[C@@H](n2nc(-c3ccc(Oc4ccn5ncnc5c4)c(C)c3)c3c(N)ncnc32)C1
CHEMBL3355883,14983527,7.42,COc1cc2ncnc(Nc3ccc(OCc4cccc(F)c4)c(Cl)c3)c2cc1OCCCn1ccnc1[N+](=O)[O-]
CHEMBL4780855,22968052,6.64,CN(C)CCNc1ccc(Nc2nc(Oc3ccc4ccc(=O)[nH]c4c3)c3sccc3n2)cc1F
CHEMBL3944095,16668234,6.42,CCC(=O)Nc1cc2c(Nc3ccc(NCc4ccccc4)cc3)ncnc2cc1OC
CHEMBL3671492,26587406,8.05,C=CC(=O)Nc1cc2c(Nc3ccc(Br)cc3F)ncnc2cc1OCCN(C)C
CHEMBL4205392,18450571,8.1,C=CC(=O)N[C@@H]1CN(c2nc(Nc3cn(C)nc3OC)c3ncn(CC)c3n2)C[C@H]1F
CHEMBL5950205,28405679,8.7,Cc1nc(F)ccc1[C@H](Nc1cc(C#N)c2ncc(C#N)c(NCC(C)(C)C)c2c1)C1=CN(CC2(C)CC2)NN1
CHEMBL6051697,28405838,8.7,CC1(N2C=C([C@@H](Nc3cc(Cl)c4ncc(C#N)c(NCC(C)(C)C(F)(F)F)c4c3)c3ccc(F)c4ncccc34)NN2)CC1
CHEMBL507827,2390194,8.76,O=C(/C=C/C(F)(F)F)Cc1ccc2ncnc(Nc3cccc(Br)c3)c2c1
CHEMBL4065288,18048489,7.99,S=C(Nc1cccnc1)Nc1ccc2ncnc(Nc3cccc(Br)c3)c2c1
CHEMBL5784215,28517066,5.72,C=CC(=O)N1CC(Nc2nc(Nc3ccc(OCCOC)cc3)c3c(c2F)CNC3=O)C1
CHEMBL3671522,26587496,7.16,C=CC(=O)Nc1cc2c(Nc3ccc(Br)cc3F)ncnc2cc1OCCNC(=O)C(=C)C
CHEMBL460736,2390292,8.07,CN(N)C/C=C/C(=O)Nc1cc2c(Nc3cccc(Br)c3)ccnc2cn1
CHEMBL5185864,24919482,8.57,CCS(=O)(=O)n1cc(-c2nc(Nc3cc(C)c(N4CCC(N5CCN(C)CC5)CC4)cc3OC)ncc2Cl)c2ccccc21
CHEMBL5901867,28405697,9.0,Cc1nc(F)ccc1[C@H](Nc1cc(C#N)c2ncc(C#N)c(NCC(C)(C)C)c2c1)C1=CN(C2CC23CC3)NN1
CHEMBL521572,2390241,8.8,OCC(O)CN1Cc2cc3c(Nc4cccc(Br)c4)ncnc3cc21
CHEMBL2325096,12657560,6.52,Fc1ccc(C2=NN(c3ccccc3)C(c3ccc4ccccc4c3)C2)cc1
CHEMBL4759003,22835809,10.0,COc1cc(CNCCN(C)C)ccc1-c1cc2c(N[C@H](C)c3ccccc3)ncnc2[nH]1
CHEMBL2347960,12723004,7.54,CN(C)CCCC(=O)Nc1cccc(-c2c(-c3ccccc3)oc3ncnc(N[C@H](CO)c4ccccc4)c23)c1
CHEMBL5193594,24749180,8.15,Cc1c(-c2ccc(N3CCOCC3)cc2)cc(C(F)F)c2cn(C(C(=O)Nc3nccs3)c3ncn4c3C[C@@H](F)C4)nc12
CHEMBL3786802,16540075,8.1,C=CC(=O)N1C[C@H](COc2nc(Nc3cnn(C)c3)nc3[nH]cc(Cl)c23)[C@@H](C(F)(F)F)C1
CHEMBL4066951,18243191,7.81,Nc1cccc(-c2cc3c(-c4[nH]c(-c5ccccc5)nc4-c4ccc(F)cc4)ccnc3[nH]2)c1
CHEMBL4080720,17956905,9.3,COc1cc2ncnc(Nc3ccc(F)c(Cl)c3)c2cc1OCCCOP(N)(=O)N(CCCl)CCCl
CHEMBL6061137,27071267,6.26,CCC(=O)N1CCC(C)(c2ccc(Nc3nc(N4CCC[C@@H](N5CCN(C)C5=O)C4)cnc3C(N)=O)cc2)CC1
CHEMBL5773851,27652790,6.26,Cc1cccc(Nc2nc(Nc3cccc(NC(=O)/C=C/CN4CCOCC4)c3)ncc2F)c1
CHEMBL5837340,28404563,7.51,CC(C)(C)CNc1c(C#N)cnc2c(Cl)cc(N[C@H](C3=CN(C4(C(F)(F)F)CC4)NN3)c3cnn4ncccc34)cc12
CHEMBL251315,2047150,6.18,CCOc1cc2ncnc(C#C[C@](C)(Cc3ccccc3)N3CCC(C(=O)O)CC3)c2cc1OCC
CHEMBL3814211,16612217,6.5,NC(=O)Nc1ccc2ncnc(Nc3ccc(F)c(Cl)c3)c2c1
CHEMBL5612418,26111496,4.64,N#Cc1ccc(/C=N/NC(=O)Cc2csc3nc(-c4ccc(C#N)cc4)cn23)cc1
CHEMBL3741796,16404685,5.25,C=CC(=O)Nc1cccc(Nc2nc(N/N=C(\C)c3ccc(C)cc3)ncc2Cl)c1
CHEMBL5880998,28405724,8.7,Cn1ccc2c([C@H](Nc3cc(C#N)c4ncc(C#N)c(NCC(C)(C)C)c4c3)C3=CN(C4(C5CC5)CC4)NN3)cccc2c1=O
CHEMBL3678957,16290567,7.47,CC(C)n1c(Nc2ccc(C(F)(F)F)cc2)nc2cnc(Nc3ccc(N4CCN(C)CC4)cc3)nc21
CHEMBL3360614,14974594,7.78,COc1cc2c(Nc3ccc(OCc4cccc(F)c4)c(Cl)c3)ncnc2cc1OCCCCCn1ccnc1[N+](=O)[O-]
CHEMBL5631037,26142963,8.9,COc1cc(N(C)CCN(C)C)c(NC(=O)/C=C/CN(C)C)cc1Nc1nccc(-c2ncc3c(C)cccn23)n1
CHEMBL4540070,19112704,5.54,COc1cccc(/C=C/C(=O)c2ccc(NC(=O)c3cc4cc5cc(C)ccc5nc4s3)cc2)c1
CHEMBL6039698,28405253,8.52,Cn1ccc2c([C@H](Nc3cc(Cl)c4ncc(C#N)c(NCC(C)(C)C(F)(F)F)c4c3)C3=CN(C4(C(F)F)CC4)NN3)cccc2c1=O
CHEMBL3797963,16581393,8.14,C=CC(=O)Nc1cccc(Oc2nc(Nc3ccc(N4CCN(S(C)(=O)=O)CC4)cc3OC)ncc2SC)c1
CHEMBL359830,2390162,5.0,O=C(Nc1ccc(F)cc1)Nc1ncnc2nn3ccccc3c12
CHEMBL4583178,19310292,7.72,O=C(/C=C/CN1CCOCC1)Nc1cccc(-c2c(-c3ccccc3)oc3ncnc(N[C@H](CO)c4ccccc4)c23)c1
CHEMBL5188618,24823390,7.77,COc1cc(N(C)CCN(C)C)c(NC(=O)c2cnccn2)cc1Nc1nccc(-c2cn(C)c3ccccc23)n1
CHEMBL3416602,15229716,6.81,CC(Nc1ncnc2sc(Br)cc12)c1ccccc1
CHEMBL5397557,25535995,9.0,OCc1ccc(-c2cc3c(NCc4ccccc4)ncnc3[nH]2)cc1
CHEMBL3671549,26587580,7.11,C=CC(=O)Nc1cc2c(Nc3ccc(Br)c(F)c3)ncnc2cc1OCCNC(=O)CN(C)C
CHEMBL4079829,18029900,5.08,Nc1nc(N)c2c(n1)[nH]c1cccc(Sc3ccc(Cl)cc3)c12
CHEMBL4789312,22835819,8.66,OC[C@@H](Nc1ncnc2[nH]c(-c3cccnc3)cc12)c1ccccc1
CHEMBL5950429,26750171,8.66,CCN1CCN(Cc2ccc(C(=O)NC3C4Oc5c(C)cc(Oc6ccnc7c6CCC(=O)N7)cc5C34)cc2C(F)(F)F)CC1
CHEMBL5198812,24848236,9.05,CN1CCC(c2ccc(-c3ccc4c(c3)C(=O)N(C(C(=O)Nc3nccs3)c3ccccc3)C4)cc2)CC1
CHEMBL5591805,25979160,8.89,COc1cccc(-c2c(NC(=O)/C=C/CN(C)C)ccc3ncnc(Nc4ccc(OCc5cccc(F)c5)c(Cl)c4)c23)c1
CHEMBL510155,2390164,7.35,C=CC(=O)Nc1ccc2ncnc(Cc3ccc(CN(C)C)c(Br)c3)c2c1
CHEMBL2385967,13322664,5.64,CN1CCN(Cc2ccc(C(=O)Nc3ccc(-c4cncc(C#N)c4Nc4ccc(OCc5ccccn5)c(Cl)c4)cc3)cc2)CC1
CHEMBL4552429,18896906,7.46,C=CC(=O)Nc1cc(Nc2nc3c(c(-c4cn(C)c5ccccc45)n2)CSCC3)c(OC)cc1N(C)CCN(C)C
CHEMBL3758278,16457551,8.7,COc1cc(C(N)=O)ccc1-c1cc2c(N[C@H](C)c3ccccc3)ncnc2s1
CHEMBL3671565,26587628,7.12,C=CC(=O)Nc1cc2c(Nc3ccc(Br)cc3F)ncnc2cc1OCCNC(=O)N1CCN(C(C)=O)CC1
CHEMBL5937803,26961262,6.84,CN(C)C/C=C/C(=O)N1CCC[C@@H](n2nc(C(=O)Nc3nc4cc(Cl)ccc4o3)c3c(N)ncnc32)C1
CHEMBL3655354,26576621,8.19,CC(C)N(C)C/C=C/C(=O)N1CCc2c(sc3ncc(C#N)c(Nc4ccc5c(cnn5Cc5cccc(F)c5)c4)c23)C1
CHEMBL4083224,18172275,6.68,CCC(=O)N1CC[C@H](N2C(=O)N(c3cc(OC)ccc3F)Cc3cnc(Nc4ccc(N5CCCN(C)CC5)c(C)c4)nc32)C1
CHEMBL3985086,16756451,6.96,C=CC(=O)Nc1cccc(Nc2nc(Nc3ccc(Cn4ccnc4)cc3OC)ncc2Cl)c1
CHEMBL3098313,13868174,4.74,CN(C)S(=O)(=O)c1ccc(Nc2nc(Cl)nc3cc4c(cc23)OCO4)cc1
CHEMBL372692,1601152,5.8,CCc1c(CC(=O)O)cn2ncnc(Nc3ccc4c(cnn4Cc4ccccc4)c3)c12
CHEMBL381604,1710017,7.5,Nc1nccc(C#Cc2cncnc2Nc2ccc(OCc3cccc(F)c3)c(Cl)c2)n1
CHEMBL5398686,25536001,7.77,[2H]C([2H])([2H])N(Cc1ccccc1)c1ncnc2[nH]c(-c3ccc(CO)cc3)cc12
CHEMBL5631951,26154071,7.43,COCCOc1cc2ncnc(Nc3cccc(S(=O)(=O)F)c3)c2cc1OCCOC
CHEMBL5786339,28403348,8.17,N#CCC[C@@H](Nc1c(C#N)cnc2c(Cl)cc(N[C@@H](C3=CN(C4CC4)NN3)c3ccc(F)nc3)cc12)c1ccccc1
CHEMBL5785533,28405721,8.52,Cn1ccc2c([C@H](Nc3cc(C#N)c4ncc(C#N)c(NCC(C)(C)C)c4c3)C3=CN(C(CF)CF)NN3)cccc2c1=O
CHEMBL5858538,27653204,7.26,C=CC(=O)Nc1cccc(Nc2nc(Nc3cccc(OC)c3)ncc2C(F)(F)F)c1
CHEMBL5802555,28883414,6.33,C=CC(=O)N1CCC(Nc2cncc(-c3cnc(Oc4cccc(Cl)c4)nc3)c2)CC1
CHEMBL6031178,28403141,7.28,CC(C)Oc1ccc([C@H](Nc2cc(Cl)c3ncc(C#N)c(Nc4ccc(F)c(Cl)c4)c3c2)C2=CN(C3CCN(C(C)(C)C)CC3)NN2)cn1
CHEMBL4786797,22896505,6.3,Oc1c(Br)cccc1Nc1ncnc2cc3c(cc12)OCCO3
CHEMBL4743464,22896497,7.66,N#Cc1cccc(Nc2ncnc3cc4c(cc23)OCCO4)c1F
CHEMBL3805280,16588569,6.41,COCCOc1cc2ncnc(Nc3ccc(F)c(C#N)c3)c2c2c1OCCO2
CHEMBL5191556,24670258,7.99,C=CC(=O)N1CCC(Oc2nc(Nc3ccc(N4CCN(C)CC4)c(F)c3)nc3ccsc23)CC1
CHEMBL5197154,24848243,8.92,CN1CCC(c2ccc(-c3ccc4c(=O)n(C(C(=O)Nc5nccs5)c5ccccc5)ccc4c3)cc2)CC1
CHEMBL5832671,28404746,8.3,Cc1nc(F)ccc1[C@H](Nc1cc(Cl)c2ncc(C#N)c(NCC(C)(C)C)c2c1)C1=CN(C2(C(=O)N3CCCC3)CC2)NN1
CHEMBL5095169,24824831,8.96,CO[C@@H]1CCN(c2nccc(Nc3cc4c(C(C)C)ccc(N5C[C@H](CS(C)(=O)=O)[C@H]5C)c4cn3)n2)C[C@@H]1F
CHEMBL5416252,25665208,8.1,CCS(=O)(=O)N1CCC(c2nc(-c3ccc(F)cc3)c(-c3ccnc(Nc4ccc(N5CCNCC5)cc4)n3)s2)CC1
CHEMBL5203195,24670265,8.02,C=CC(=O)N1CCC(Oc2nc(Nc3ccc(N4CCN(C)CC4)c(F)c3)ncc2Cl)CC1
CHEMBL4752022,22848912,7.66,CN1CCN(c2ccc(Nc3ncc4nc(Nc5ccc(F)cc5)n([C@@H]5CCN(S(=O)(=O)C6CC6)C5)c4n3)cc2)CC1
CHEMBL4750734,22892161,7.14,Cn1c(-c2csc(N/N=C\c3ccc([N+](=O)[O-])o3)n2)nc2ccccc21
CHEMBL5593471,25979159,8.97,CN(C)C/C=C/C(=O)Nc1ccc2ncnc(Nc3ccc(OCc4cccc(F)c4)c(Cl)c3)c2c1-c1ccccc1
CHEMBL5954631,27653306,6.26,C=CC(=O)N1CCC[C@@H](Nc2nc(Nc3ccc(OCCOC)c(F)c3)ncc2F)C1
CHEMBL5815729,26839114,6.5,Fc1ccc(Nc2ncnc3ccc(N[C@@H](c4ccc(Cl)cc4)c4cn(C5CCN(C6COC6)CC5)nn4)cc23)cc1Cl
CHEMBL275762,1495550,10.15,O=C(CCl)Nc1ccc2ncnc(Nc3cc(Cl)c(Cl)cc3F)c2c1
CHEMBL5801199,28620689,5.27,COc1cc(C2CCN(C3CCNCC3)CC2)ccc1Nc1ncc(Cl)c(Nc2ccccc2NS(C)(=O)=O)n1
CHEMBL5909001,27737939,6.26,COc1ccccc1C(=O)NCc1ccc(-c2nn([C@@H]3C=C[C@@H](O)C3)c3ncnc(N)c23)cc1
CHEMBL2316154,12615149,5.41,COc1cc(/C=C2\CCC/C(=C\c3ccc(N(C)C)cc3)C2=O)cc(OC)c1
CHEMBL5747033,27619457,6.37,C=CC(=O)Nc1cccc(Nc2nc(Nc3ccc(C4CCN(C(C)=O)CC4)cc3OC)ncc2C(F)(F)F)n1
CHEMBL5271151,25105720,9.22,C=CC(=O)Nc1cc(Nc2ncc(Br)c(Nc3ccc4c(c3)CCC4)n2)ccc1N(C)CCN(C)C
CHEMBL248220,2045395,5.79,COc1cc2ncc(C#N)c(N[C@@H]3C[C@H]3c3ccccc3)c2cc1OCc1ccccc1
CHEMBL3758762,16457577,8.15,C[C@@H](Nc1ncnc2sc(-c3ccc(C(N)=O)cc3)cc12)c1ccccc1
CHEMBL5206110,24871191,9.15,COc1cc2ncnc3c2cc1OCCOCCOCCOc1ccc(Cl)cc1N3
CHEMBL3622628,15743485,6.78,C=CC(=O)Nc1cc2c(Nc3ccc(F)c(C#N)c3)ncnc2cc1O[C@H]1CCOC1
CHEMBL5943220,27069938,5.26,CN(C)C(=O)N[C@@H]1CCCN(c2cnc(C(N)=O)c(Nc3ccc(C4CCN(C5CCCC5)CC4)cc3)n2)C1
CHEMBL3233782,14586680,7.42,O=C(/C=C/CN1CC(O)C1)Nc1cc2c(Nc3ccc(F)c(Cl)c3)ncnc2s1
CHEMBL5393923,25481292,10.22,COc1cc(N2CCC(N3CC(C)(CO)C3)CC2)c(C)cc1Nc1ncc(Br)c(Nc2ccc3nccnc3c2P(C)(C)=O)n1
CHEMBL3814956,16612224,7.21,O=C(NCCN1CCCCC1)Nc1ccc2ncnc(Nc3ccc(F)c(Cl)c3)c2c1
CHEMBL5174232,24823384,6.41,COc1cc(N(C)CCN(C)C)c(NC(=O)c2ccncc2)cc1Nc1nccc(-c2cn(C)c3ccccc23)n1
CHEMBL5755194,28403762,8.0,Cc1ncccc1[C@H](Nc1cc(Cl)c2ncc(C#N)c(Nc3cccc(Cl)c3)c2c1)C1=CN(C(C)C)NN1
CHEMBL5947228,28404830,7.85,Cc1nc(F)ccc1[C@H](Nc1cc(Cl)c2ncc(C#N)c(N[C@H](C)C(C)(C)C)c2c1)C1=CN(C2(C(F)(F)F)CC2)NN1
CHEMBL2179119,18243210,6.04,Oc1ccc(-c2nc(-c3ccc(F)cc3)c(-c3ccnc4[nH]c(-c5ccccc5)cc34)[nH]2)cc1
CHEMBL5920201,28405043,8.4,CC(C)(C)CNc1c(C#N)cnc2c(Cl)cc(N[C@H](C3=CN(C4(C(F)F)CC4)NN3)c3ccc(F)c4ncccc34)cc12
CHEMBL2031309,10888048,8.7,CCOc1cc2ncc(C#N)c(Nc3ccc(F)c(Cl)c3)c2cc1NC(=O)CCN1CCOCC1
CHEMBL2437461,13483487,5.96,C=CC(=O)Nc1ccc(-n2c(=O)cnc3cnc(Nc4ccc(N5CCN(C)CC5)cc4)nc32)cc1
CHEMBL5817731,28403360,8.85,N#CCCC(Nc1c(C#N)cnc2c(Cl)cc(N[C@H](C3=CN(C4CC4)NN3)c3csc4c3CCN(C3COC3)C4)cc12)c1ccccc1
CHEMBL5939764,28405064,7.37,Cc1ccnc2cccc([C@H](Nc3cc(Cl)c4ncc(C#N)c(NCC(C)(C)C)c4c3)C3=CN(C4(C(F)(F)F)CC4)NN3)c12
CHEMBL4780903,22848916,6.91,CN1CCN(c2ccc(Nc3ncc4nc(Nc5ccc(F)cc5)n([C@H]5CCN(C(=O)OC(C)(C)C)C5)c4n3)cc2)CC1
CHEMBL5874033,28403702,7.14,CC(N1C=C([C@@H](Nc2cc(Cl)c3ncc(C#N)c(Nc4cnc(F)c(F)c4)c3c2)c2cccnc2)NN1)C(F)(F)F
CHEMBL4062830,18172243,7.28,CCCN1CC[C@H](N2C(=O)N(c3ccccc3Cl)Cc3cnc(Nc4ccc(N5CCN(C)CC5)c(C)c4)nc32)C1
CHEMBL4161396,18427557,7.34,COc1cc2ncnc(N3CCc4ccccc43)c2cc1NC(=O)/C=C/CN1CCCCC1
CHEMBL5990188,28403270,8.309999999999999,CC(C)(C)N1CCC(N2C=C([C@@H](Nc3cc(Cl)c4ncc(C#N)c(Nc5ccc(F)c(Cl)c5)c4c3)c3cccc4c3CCN4)NN2)CC1
CHEMBL4078914,17998449,8.48,C=CC(=O)Nc1cc(-n2c(=O)cc(C)c3cnc(Nc4ccc(N5CC(C)N(C)C(C)C5)cc4OC)nc32)cc(C(F)(F)F)c1
CHEMBL2029442,10883988,6.32,COc1cc(N2CCN(C)CC2)ccc1Nc1ncc2c(n1)N(c1cccc(N)c1)C(=O)N(C)C2
CHEMBL2070194,10988318,5.89,O=C(Nc1ccc2ncnc(Nc3cccc(Cl)c3)c2c1)c1cccc2c1OCCO2
CHEMBL5780851,27652778,6.26,C=C(Cn1cccn1)C(=O)Nc1cccc(Nc2ncc(F)c(Nc3cccc(C)c3)n2)c1
CHEMBL4216025,18456117,4.82,COc1cc(N2CCN(C)CC2)ccc1Nc1ncc(Cl)c(Oc2ccc(N=[N+]=[N-])cc2)n1
CHEMBL5920911,27737759,6.26,CCOC(=O)C1CCC(n2nc(-c3ccc(CNC(=O)c4ccccc4OC)cc3)c3c(N)ncnc32)CC1
CHEMBL1088901,3261312,6.72,CN(C)CCCC(=O)Nc1ccc2ncnc(Nc3cccc(Br)c3)c2c1
CHEMBL4279016,18722863,9.15,C=C=CC(=O)Nc1cc(Nc2nccc(-c3cn(C)c4ccccc34)n2)c(OC)cc1N1CCC(N2CCN(C)CC2)CC1
CHEMBL3671528,26587517,6.7,C=CC(=O)Nc1cc2c(Nc3ccc(Br)cc3F)ncnc2cc1OCCNC(=O)CN(C)CC
CHEMBL5408941,25533394,7.04,CN(C)CCn1ncc2cc(Nc3ncc(C(F)(F)F)c(-c4cn(C)c5ccccc45)n3)cc(Cl)c21
CHEMBL4096329,18029899,4.68,COc1ccc(Sc2cccc3[nH]c4nc(N)nc(N)c4c23)cc1
CHEMBL5089073,24343046,7.43,C=CC(=O)N1CCC2(CC1)CNC(=O)c1cc(-c3ccnc(Nc4ccccc4OC)c3)[nH]c12
CHEMBL3344218,15130262,7.03,CCCCC(=O)ON[C@H](CS(C)(=O)=O)c1ccc(-c2ccc3ncnc(Nc4ccc(OCc5cccc(F)c5)c(Cl)c4)c3c2)o1
CHEMBL4575267,19122081,7.58,C=CC(=O)Nc1cc2c(Nc3ccc(F)c(Cl)c3)ncnc2cc1OCc1cn(-c2ccccc2)nn1
CHEMBL3671560,26587613,6.53,C=CC(=O)Nc1cc2c(Nc3ccc(Br)cc3F)ncnc2cc1OCCNc1nccs1
CHEMBL2337363,12684836,4.2,Nc1nc(Nc2ccc(Cl)cc2)c2c(n1)[nH]c1cccc(Cl)c12
CHEMBL5398800,25482731,5.88,Cc1ccc(OCCOCCn2ccnc2[N+](=O)[O-])cc1Nc1nccc(-c2cn(C)c3ccccc23)n1
CHEMBL4079501,18039945,8.3,C=CC(=O)Nc1cc(Nc2n[nH]c3cc(-c4ccncc4)ccc23)c(OC)cc1N(C)CCN(C)C
CHEMBL6011434,28405418,8.52,Cn1ccc2c([C@H](Nc3cc(Cl)c4ncc(C#N)c(NCC(C)(C)C)c4c3)C3=CN(C4(C5CC5)CC4)NN3)cccc2c1=O
CHEMBL5943525,28517207,5.86,C=CC(=O)N1CCCC(N(CC)c2nc(Nc3ccc(N4CCOCC4)cc3)c3c(c2F)CNC3=O)C1
CHEMBL6048989,28404167,8.4,N#Cc1cnc2c(Cl)cc(N[C@H](C3=CN(C4CCNCC4)NN3)c3cncs3)cc2c1Nc1ccc(F)c(Cl)c1
CHEMBL1946845,8025235,4.51,CNc1nc(N/N=C\c2ccc(OC)cc2)nc(Nc2ccccc2)n1
CHEMBL3233768,14586664,5.19,C/C=C(\C)C(=O)Nc1cc2c(Nc3ccc(F)c(Cl)c3)ncnc2s1
CHEMBL5927148,27738119,6.26,Nc1ncnc2c1c(-c1ccc(CNC(=O)c3cccc4cccnc34)cc1)nn2C1CCCC1
CHEMBL4475780,19172986,6.63,C=CC(=O)N(c1ccc(Cl)cc1F)c1ncnc2cc(OC)c(OCCCN3CCOCC3)cc12
CHEMBL5920011,28404116,8.3,CC(C)N1C=C([C@@H](Nc2cc(Cl)c3ncc(C#N)c(Nc4ccc(F)c(Cl)c4)c3c2)c2cscn2)NN1
CHEMBL5174629,24824813,6.68,CC(C)c1cnc(N2CC[C@@H]2C)c2cnc(Nc3ccnc(N4CC[C@@H](O)[C@@](C)(F)C4)n3)cc12
CHEMBL4090330,18039957,5.58,C=CC(=O)Nc1cc(Nc2n[nH]c3ccccc23)ccc1N(C)CCN(C)C
CHEMBL3233774,14586672,8.0,O=C(/C=C/CNCC1COC1)Nc1cc2c(Nc3ccc(F)c(Cl)c3)ncnc2s1
CHEMBL5938912,26811064,7.97,O=C(/C=C/CN1CCC1CO)Nc1cc2c(Nc3ccc(F)c(Cl)c3)ncnc2cc1OC[C@H]1[C@@H]2COC[C@@H]21
CHEMBL5922445,27653054,6.26,C=CC(=O)N1CCC[C@@H](Oc2nc(Nc3cccc(OC)c3)ncc2F)C1
CHEMBL5431583,25535984,7.7,CN(Cc1ccccc1)c1ncnc2[nH]c(-c3ccc(CO)cc3)cc12
CHEMBL5758432,28620839,5.75,COc1cc(N2CCNCC2)ccc1Nc1ncc(Br)c(Nc2ccccc2NS(N)(=O)=O)n1
CHEMBL6055007,27069854,6.26,CCC(=O)N1CCC(c2ccc(Nc3nc(N4CCC[C@@H](NC(=O)N5CCCCC5)C4)cnc3C(N)=O)cc2)CC1
CHEMBL5077378,24349080,8.89,COc1cc(N2CCC(N3CCN(C)CC3)CC2)c(-c2cn[nH]c2)cc1Nc1ncc(Cl)c(Nc2ccccc2P(C)(C)=O)n1
CHEMBL4472571,18896911,5.76,COc1cc(N(C)CCN(C)C)c(NC(=O)/C=C\C(C)C)cc1Nc1nc2c(c(-c3cn(C)c4ccccc34)n1)CS(=O)(=O)CC2
CHEMBL5902375,27653024,6.26,C=CC(=O)N1CCCC(Oc2nc(Nc3ccc(OC)cc3)ncc2F)C1
CHEMBL1923007,10949888,7.47,OCCn1ccc2ncnc(Nc3ccc(Oc4cccc(C(F)(F)F)c4)c(Cl)c3)c21
CHEMBL5205022,24833318,8.03,C=CC(=O)Nc1cccc(-c2c(-c3ccc(N4CCN(C)CC4)cc3)[nH]c3ncnc(OCCCC)c23)c1
CHEMBL6025187,26750093,8.29,CN1CCN(c2ccc(C(=O)N[C@@H]3[C@H]4Oc5ccc(Oc6ccnc7c6CCC(=O)N7)cc5[C@@H]34)cc2C(F)(F)F)CC1
CHEMBL6023228,28404719,8.4,Cc1nc(F)ccc1[C@H](Nc1cc(Cl)c2ncc(C#N)c(NCC(C)(C)C)c2c1)C1=CN(C(C)(C)C(F)F)NN1
CHEMBL6000425,28405853,7.89,COc1nccc2c([C@H](Nc3cc(Cl)c4ncc(C#N)c(NCC(C)(C)C(F)(F)F)c4c3)C3=CN(C4(C5CC5)CC4)NN3)cccc12
CHEMBL3612590,15698270,6.89,CCOC(=O)CCCn1c(=O)oc2cc3ncnc(Nc4ccc5[nH]ncc5c4)c3cc21
CHEMBL554,22408224,7.62,CS(=O)(=O)CCNCc1ccc(-c2ccc3ncnc(Nc4ccc(OCc5cccc(F)c5)c(Cl)c4)c3c2)o1
CHEMBL4753008,22835836,6.05,Cn1c(-c2ccccc2)cc2c(N[C@H](CO)c3ccccc3)ncnc21
CHEMBL5971649,28405571,7.8,Cc1nc(C#N)ccc1[C@H](Nc1cc(C#N)c2ncc(C#N)c(NCC(C)(C)C)c2c1)C1=CN(C2(C(F)(F)F)CC2)NN1
CHEMBL4060198,18172246,7.75,CCC(=O)N1CC[C@H](N2C(=O)N(c3ccccc3F)Cc3cnc(Nc4ccc(N5CCN(C)CC5)c(C)c4)nc32)C1
CHEMBL5193451,24907644,8.55,Cc1cc(Nc2ncnc3cc(O)c(NC(=O)/C=C/[C@H]4CCCN4C)cc23)ccc1Oc1ccn2ncnc2c1
CHEMBL2048788,10949887,7.48,CC(C)(C)NC(=O)c1cccc(Oc2ccc(Nc3ncnc4ccn(CCO)c34)cc2Cl)c1
CHEMBL4094823,17989463,7.49,O=C(Nc1ccc2ncnc(Nc3cccc(Cl)c3)c2c1)C1CCC2(CC1)OOC1(O2)C2CC3CC(C2)CC1C3
CHEMBL4453068,22896495,7.31,C#Cc1cccc(Nc2ncnc3cc4c(cc23)OCCO4)c1
CHEMBL5595344,26009453,8.7,C=CCCN(C)CCN(C)c1cc(OC)c(Nc2nccc(-c3cn(C)c4ccccc34)n2)cc1NC(=O)C=C
CHEMBL5175489,24907656,8.83,C=CC(=O)Nc1cc2c(Nc3ccc(Oc4cc5nncn5cn4)c(C)c3)ncnc2cc1OCC
CHEMBL80745,2202717,6.0,COc1cc(/C=C(\C#N)C(N)=C(C#N)C#N)cc(O)c1O
CHEMBL5881569,27750548,6.71,C=CC(=O)Nc1cc(Nc2ncc(Cl)c(-c3c(C)nn(C)c3C)n2)c(OC)cc1N(C)CCN(C)C
CHEMBL5811714,28404620,8.0,Cc1nc(F)ccc1[C@H](Nc1cc(Cl)c2ncc(C#N)c(NCC(C)(C)CC#N)c2c1)C1=CN(C2(C(F)F)CC2)NN1
CHEMBL401251,2045390,7.28,COCCOc1cc2ncc(C#N)c(N[C@@H]3C[C@H]3c3ccccc3)c2cc1OC
CHEMBL5916523,28403408,8.7,CC[C@@H](Nc1c(C#N)cnc2c(Cl)cc(N[C@@H](C3=CN(C4CC4)NN3)c3ccc(F)nc3)cc12)c1ccccc1
CHEMBL4077973,18248392,7.66,C=CC(=O)Nc1cc(Nc2cc(-c3cn4c5c(cccc35)CCC4)nc(OC)n2)c(OC)cc1N(C)CCN(C)C
CHEMBL3914607,16894466,7.0,COc1cc2ncnc(NCc3ccc(F)c(F)c3)c2cc1OCCCCCCC(=O)NO
CHEMBL5991165,27540842,6.51,NC(=O)c1c(-c2ccc(Oc3ccc(Cl)cn3)cc2)nn(C2CCCN(C(=O)/C=C/C(F)F)C2)c1N
CHEMBL246493,2038916,6.25,Fc1cccc(COc2ccc(Nc3ncnn4ccc(COC[C@@H]5CNCCO5)c34)cc2Cl)c1
CHEMBL5419670,25482733,5.39,Cn1cc(-c2ccnc(Nc3cccc(COCCOCCn4ccnc4[N+](=O)[O-])c3)n2)c2ccccc21
CHEMBL3133906,13974935,6.03,C=CC(=O)Nc1ccc2ncnc(Nc3ccc(OC)cc3OC)c2c1
CHEMBL3133901,13975603,5.66,C=CC(=O)Nc1ccc2ncnc(Nc3c(F)cccc3Br)c2c1
CHEMBL5773640,27652775,7.26,C=CC(=O)Nc1cccc(Nc2nc(Nc3ccc(OCCCS(C)(=O)=O)cc3)ncc2F)c1
CHEMBL6000527,27652871,7.26,C=CC(=O)N1CCOc2ccc(Nc3nc(Nc4ccc5c(c4)CC(=O)N5)ncc3C(C)=O)cc21
CHEMBL243837,1943188,7.91,CCOc1cc2ncnc(NC3=CC(=O)C(OCc4cccc(Cl)c4)=CC3=O)c2cc1NC(=O)/C=C/CN(C)C
CHEMBL2064382,10967420,5.85,CCOc1ccc(Nc2ncnc3cc4oc(=O)n(CCCN5CCOCC5)c4cc23)cc1
CHEMBL5854107,28405229,8.7,Cc1nc(F)ccc1[C@H](Nc1cc(Cl)c2ncc(C#N)c(NCC(C)(C)C)c2c1)C1=CN(C2CC2)NN1
CHEMBL5847293,28406009,6.0,Cc1nc(F)ccc1C(Nc1cc(C#CC(C)(C)O)c2ncc(C#N)c(NCC(C)(C)C)c2c1)C1=CN(C2(C(F)(F)F)CC2)NN1
CHEMBL4286871,18765235,6.77,CCNc1cc(Nc2cccc(Cl)c2)ncn1
CHEMBL3699618,16338110,8.26,C=CC(=O)Nc1cccc(Nc2nc(Nc3ccc(N4CCN(C(=O)CC(C)(C)C)CC4)cc3OC)ncc2C(F)(F)F)c1
CHEMBL6064874,26810974,7.67,COC[C@@H]1CCN1C/C=C/C(=O)Nc1cc2c(Nc3ccc(F)c(Cl)c3)ncnc2cc1OC
CHEMBL5169328,24902231,6.45,C=CCn1ccc2cc(Nc3ncnc4ccc(N)cc34)ccc21
CHEMBL5975928,28404053,7.47,CC(C)(C)N1CCC(N2C=C([C@@H](Nc3cc(Cl)c4ncc(C#N)c(Nc5ccc(F)c(Cl)c5)c4c3)c3cnc(Cl)cc3Cl)NN2)CC1
CHEMBL5878893,28404152,8.1,CC(C)(C)N1CCC(N2C=C([C@@H](Nc3cc(Cl)c4ncc(C#N)c(Nc5ccc(F)c(Cl)c5)c4c3)c3cncs3)NN2)CC1
CHEMBL460722,2390209,9.09,O=C(/C=C/C(=O)NCCCN1CCOCC1)Cc1cc2c(Nc3cccc(Br)c3)ncnc2cn1
CHEMBL342929,329898,5.16,CNC(=O)c1c(SSc2c(C(=O)NC)c3ccccc3n2C)n(C)c2ccccc12
CHEMBL5982314,28404377,9.0,Cc1nc(F)ccc1[C@H](Nc1cc(Cl)c2ncc(C#N)c(N[C@H](CCC#N)c3ccccc3)c2c1)C1=CN(C2CC2)NN1
CHEMBL3746564,16416940,4.97,CC(=O)N1N=C(c2ccc(I)cc2)CC1c1ccc(C(=O)OC(C)Cn2c([N+](=O)[O-])cnc2C)cc1
CHEMBL5746876,26749733,9.1,CN1CCN(Cc2ccc(C(=O)N[C@@H]3[C@H]4Oc5ccc(Oc6ccnc7c6CCC(=O)N7)cc5[C@@H]34)cc2Cl)CC1
CHEMBL5990005,28403669,8.7,CC[C@@H](Nc1c(C#N)cnc2c(Cl)cc(N[C@H](C3=CN(C4COC4)NN3)c3cccnc3)cc12)c1ccccc1
CHEMBL5394752,25533365,6.6,[2H]C([2H])([2H])n1cc(-c2ccnc(Nc3cc(NC(=O)/C=C/C)c4c(cnn4CCN(C)C)c3)n2)c2ccccc21
CHEMBL5989405,28403738,7.92,Cc1ncsc1[C@H](Nc1cc(Cl)c2ncc(C#N)c(Nc3ccc(Cl)c(Cl)c3F)c2c1)C1=CN(C2COC2)NN1
CHEMBL6010478,28404491,8.4,CC(C)(C)CNc1c(C#N)cnc2c(C#N)cc(N[C@H](C3=CN(C4(C(F)(F)F)CC4)NN3)c3cccc4ncccc34)cc12
CHEMBL4863078,23310019,6.96,C=CC(=O)N1CCC(c2cnn3c(C(N)=O)c(-c4ccc(Oc5ccccc5)cc4)[nH]c23)CC1
CHEMBL3612585,15698265,6.11,CCOC(=O)CCCn1c(=O)oc2cc3ncnc(Nc4ccc(OCc5nccc(OCC(F)(F)F)c5C)cc4)c3cc21
CHEMBL5558842,25864522,6.47,COc1cc2ncnc(Nc3ccc(F)c(Cl)c3)c2cc1OCCCCNCc1ccc(-c2cccc(-c3ccccc3)c2C)nc1OC
CHEMBL3774906,16499801,7.05,O=C1COc2cc3ncnc(Nc4cccc(Br)c4)c3cc2N1CCCN1CCOCC1
CHEMBL5169349,24824822,7.77,CC(C)c1cnc(N2CC(C#N)C2)c2cnc(Nc3ccnc(N4CC[C@@H](O)[C@@](C)(F)C4)n3)cc12
CHEMBL5927526,28404758,8.52,Cn1cc2c([C@H](Nc3cc(C#N)c4ncc(C#N)c(NCC(C)(C)C)c4c3)C3=CN(C4(C(F)(F)F)CC4)NN3)cccc2n1
CHEMBL2018752,10855809,6.0,CCOC(=O)Nc1ccc(Nc2ncnc3cc(OC)c(OC)cc23)cc1Cl
CHEMBL1829271,6358491,4.61,O=C(Cc1cccc(Br)c1)NS(=O)(=O)c1ccccc1
CHEMBL269620,276643,6.27,CS(=O)(=O)CCNc1nc(-c2ccc3ncnc(Nc4ccc(OCc5cccc(C(F)(F)F)c5)cc4)c3c2)cs1
CHEMBL5878717,28404554,9.0,Cc1nc(F)ccc1[C@H](Nc1cc(C#N)c2ncc(C#N)c(NCC(C)(C)C)c2c1)C1=CN(C2(C(N)=O)CC2)NN1
CHEMBL91867,1681989,9.7,CC#CC(=O)Nc1ccc2ncnc(Nc3cccc(Br)c3)c2c1
CHEMBL4173470,18423619,6.69,C=CC(=O)Nc1cc(Nc2nccc(Nc3ccccc3-n3nccn3)n2)c(OC)cc1N1CCC(N(C)C)CC1
CHEMBL291313,1154213,4.4,N#CC(C#N)=C1C(=O)Nc2ccc([N+](=O)[O-])cc21
CHEMBL5832906,27070457,5.26,CN(C)C(=O)N[C@@H]1CCCN(c2cnc(C(N)=O)c(Nc3ccc(C4(C(=O)N(C)C)CC4)cc3)n2)C1
CHEMBL2018751,10855808,5.21,COC(=O)Nc1ccc(Nc2ncnc3cc(OC)c(OC)cc23)cc1Cl
CHEMBL3932176,16668408,8.7,CCOc1cc2ncnc(Nc3ccc4c(cnn4Cc4ccccc4)c3)c2cc1NC(=O)/C=C/CN(C)C
CHEMBL3916644,16668225,6.29,CCC(=O)Nc1cc2c(Nc3ccc(Oc4ccc5c(c4)OCO5)cc3)ncnc2cc1OC
CHEMBL3676387,26587850,7.7,C=CC(=O)Nc1cc2c(Nc3ccc(Br)cc3F)ncnc2cc1OCC1CCN(C(=O)NCC)CC1
CHEMBL3623287,15745755,8.125,COc1cc2ncnc(Nc3cccc(Cl)c3F)c2cc1OC(=O)N1CCN(C)C2CC21
CHEMBL4789027,22835830,9.22,OCc1ccc(-c2cc3c(N[C@H](CO)c4ccccc4)ncnc3[nH]2)cc1F
CHEMBL4790568,22814388,9.0,C#CCn1cc(-c2ccnc(Nc3cc(NC(=O)C=C)c(N(C)CCN(C)C)cc3OC)n2)c2ccccc21
CHEMBL5747706,27652685,7.26,C=CC(=O)Nc1cccc(Nc2nc(Nc3ccc(O[C@H]4CCOC4)nc3)ncc2F)c1
CHEMBL3764312,16478371,8.35,COCCOc1cc2ncnc(Nc3ccc(NC(=O)C45CC6CC(CC(C6)C4)C5)cc3C)c2cc1OCCOC
CHEMBL4746488,22814206,7.97,COc1cccc2cc(N(C)c3nc(C)nc4ccccc34)ccc12
CHEMBL1379917,18765359,7.2,O=C(Nc1cc(N2CCOCC2)ncn1)c1ccc(F)cc1
CHEMBL3357646,15112240,8.59,O=C(Nc1cc2c(Nc3ccc(F)c(Cl)c3)ncnc2cc1O[C@H]1CCOC1)/C(F)=C\CN1CCCCC1
CHEMBL5795375,26839099,8.23,CCN1CCC(n2cc([C@@H](Nc3cc(Cl)c4ncnc(Nc5ccc(F)c(Cl)c5)c4c3)c3ccccc3)nn2)CC1
CHEMBL3612587,15698267,8.14,CCOC(=O)CCCn1c(=O)oc2cc3ncnc(Nc4cc(C(=O)OCC)ccc4O)c3cc21
CHEMBL5876051,28620725,6.16,COc1cc(N2CCC(N3CCN(C(C)=O)CC3)CC2)ccc1Nc1ncc(Cl)c(Nc2ccccc2NS(C)(=O)=O)n1
CHEMBL4868614,23195392,9.26,C#Cc1cccc(Nc2ncnc3cc(OC)c(OCCCCCCCN/C(=N\C#N)Nc4ccncc4)cc23)c1
CHEMBL6016572,27737552,5.26,CCOc1ccccc1C(=O)NCc1ccc(-c2nn(C3CCCC3)c3ncnc(N)c23)cc1
CHEMBL3087209,13826578,6.15,C=CC(=O)NC1CCC(N2C(=O)N(Cc3ccccc3)Cc3cnc(Nc4ccc(N5CCN(C)CC5)cc4OC)nc32)CC1
CHEMBL3671532,26587529,6.87,C=CC(=O)Nc1cc2c(Nc3ccc(Br)cc3F)ncnc2cc1OCCNC(=O)CNC
CHEMBL2408830,13380888,6.46,C=CC(=O)N1CCN(c2ccc(Nc3ncc(Cl)c(Oc4cccc(COc5no[n+]([O-])c5S(=O)(=O)c5ccccc5)c4)n3)c(OC)c2)CC1
CHEMBL3233770,14586666,7.4,O=C(CCl)Nc1cc2c(Nc3ccc(F)c(Cl)c3)ncnc2s1
CHEMBL5267338,25105735,7.31,CN1CCN(c2ccc(Nc3nccc(Nc4ccc5[nH]ccc5c4)n3)cc2)CC1
CHEMBL5174418,24833324,9.59,CCc1cc(Nc2ncc(Br)c(Nc3ccc4nccnc4c3P(C)(C)=O)n2)c(OC)cc1N1CCC(N2CCN(C)CC2)CC1
CHEMBL5792124,28404815,9.0,CC(C)(C)CNc1c(C#N)cnc2c(C#N)cc(N[C@H](C3=CN(C4(C#N)CC4)NN3)c3cccc4ncccc34)cc12
CHEMBL2347959,12722980,5.9,CC(C)CCCC(=O)Nc1cccc(-c2c(-c3ccccc3)oc3ncnc(N[C@H](CO)c4ccccc4)c23)c1
CHEMBL3901622,16739508,9.4,C[C@@H](Nc1ncnc2oc(-c3ccc(NCCN(C)C)cc3)cc12)c1ccccc1
CHEMBL497697,2567851,7.92,CN/N=C/c1c(N)ncnc1Nc1ccc2c(cnn2Cc2cccc(F)c2)c1
CHEMBL110065,6261343,4.48,CCOc1cc2c(Nc3cccc(Br)c3)c(C#N)cnc2cc1OC
CHEMBL3759356,16457537,8.1,C[C@@H](Nc1ncnc2sc(-c3cccc(C(=O)O)c3)cc12)c1ccccc1
CHEMBL5781756,28162781,8.1,C=CC(=O)N1CCCC(n2nc(-c3ccc(Oc4ccc(Cl)cc4)cc3)c(C(N)=O)c2N)C1
CHEMBL5589706,25955069,5.82,C=CC(=O)Nc1cc2c(Oc3ccc(NC(=O)NCCc4csc(Br)c4)cc3F)ncnc2cc1OC
CHEMBL3918367,16752242,5.86,Cc1cccc2c1nc(NC(=O)c1cccc(C(F)(F)F)c1)n2[C@H]1CC[C@H](O)CC1
CHEMBL5929000,26941036,8.52,C=CC(=O)Nc1cc(Nc2ncc3ccc(-c4cnc5ccccc5c4)n3n2)c(OC)cc1N(C)CCN(C)C
CHEMBL1095445,3299622,4.57,Nc1nc(Nc2cccc(C(F)(F)F)c2)c2cc(Cc3ccc(Cl)cc3Cl)[nH]c2n1
CHEMBL205652,1710034,6.5,Fc1cccc(COc2ccc(Nc3ccncn3)cc2Cl)c1
CHEMBL3921446,16668443,7.0,CN1CCN(C/C=C/C(=O)Nc2cc3c(Nc4ccc(Cc5ccccn5)cc4)ncnc3cn2)CC1
CHEMBL5070579,24413797,7.65,C#CCN(C)CCN(C)c1cc(OC)c(Nc2nccc(Nc3ccn(C)n3)n2)cc1NC(=O)C=C
CHEMBL4168254,18427559,8.3,CN(C)C/C=C/C(=O)Nc1cc2c(N3CCc4ccccc43)ncnc2cc1O[C@@H]1CCOC1
CHEMBL3233786,14586684,8.4,O=C(/C=C/CN1CCC(F)CC1)Nc1cc2c(Nc3ccc(F)c(Cl)c3)ncnc2s1
CHEMBL5847879,27750686,7.85,C=CC(=O)Nc1cc(Nc2ncc(Cl)c(-c3cnc4c(c3)c(Cl)cn4C)n2)c(OC)cc1N(C)CCN(C)C
CHEMBL1089524,3261323,9.3,CN(C)CCCC(=O)Nc1ccc2nccc(Nc3cccc(Br)c3)c2c1
CHEMBL5570486,25955016,5.63,C=CC(=O)Nc1cc2c(Oc3ccc(NC(=O)NCCc4ccc(OC)c(OC)c4)cc3F)ncnc2cc1OC
CHEMBL6057992,28404470,6.79,CC(C)(C)CNc1c(C#N)cnc2c(Cl)cc(N[C@H](C3=CN(C4(C(F)(F)F)CC4)NN3)c3cccc4cnccc34)cc12
CHEMBL5279794,25018382,7.41,C=CC(=O)Nc1cc(Nc2ncc(C(=O)OC(C)C)c(-c3cn4c5c(cccc35)CCC4)n2)c(OC)cc1N(C)CCN(C)C
CHEMBL3233777,14586675,7.62,CN(C)C/C=C/C(=O)Nc1cc2c(Nc3ccc(F)c(Cl)c3)ncnc2s1
CHEMBL5202129,24848238,8.96,CN1CCN(c2ccc(-c3ccc4c(c3)CCN(C(C(=O)Nc3nccs3)c3cccc(F)c3)C4=O)cc2)CC1
CHEMBL2325109,12657575,5.52,NC(=S)N1N=C(c2ccccc2)CC1c1ccc2ccccc2c1
CHEMBL176891,1064734,8.88,CN(C)CCn1cnc2cc3ncnc(Nc4cccc(Br)c4)c3cc21
CHEMBL5612290,26111497,5.04,N#Cc1ccc(-c2cn3c(CC(=O)N/N=C/c4ccc(O)cc4)csc3n2)cc1
CHEMBL1830231,25043256,8.1,COc1cc(C(=O)c2csc(-c3ccc4[nH]ccc4c3)n2)cc(OC)c1OC
CHEMBL1090357,3240740,9.11,CN(C)CCc1ccc(Nc2nccc(-c3c(-c4cccc(NC(=O)c5c(F)cccc5F)c4)nc4sccn34)n2)cc1
CHEMBL5266481,25066914,5.48,C=CC(=O)N1CCC(C2CCNc3c(C(N)=O)c(-c4cc(OC)c(C)c(OC)c4)nn32)CC1
CHEMBL5881396,28403972,7.1,CC(C)N1C=C([C@@H](Nc2cc(Cl)c3ncc(C#N)c(Nc4ccc(F)c(Cl)c4)c3c2)c2cnc(Cl)cc2Cl)NN1
CHEMBL122721,1064377,4.57,CCCCCCCCCCCCCCNC(=O)c1cc(NCc2cc(O)ccc2O)ccc1O
CHEMBL5839323,28404236,8.7,N#Cc1cnc2c(Cl)cc(N[C@H](C3=CN(CCO)NN3)c3cccnc3)cc2c1Nc1ccc(F)c(Cl)c1
CHEMBL2426281,13446025,6.57,C=CC(=O)Nc1cccc(Nc2ncc(Cl)c(-c3c[nH]c4ccccc34)n2)c1
CHEMBL3699611,16265086,8.26,C=CC(=O)Nc1cccc(Oc2nc(Nc3ccc(N4CCCOCC4)cc3OC)ncc2Cl)c1
CHEMBL3707348,23299091,5.45,CC#CC(=O)N1CCC[C@H]1c1nc(-c2ccc(C(=O)Nc3ccccn3)cc2)c2c(N)nccn12
CHEMBL5559367,25866167,7.36,C=CC(=O)N1CC[C@H](n2cc(-c3ncnc4cc(OC)c(OC)cc34)c(-c3cccc(OC)c3)n2)C1
CHEMBL6043242,28332536,5.77,O=C1CCC(N2C(=O)c3cccc(NCCOCCOCCOc4ccc(-c5cc6c(NCc7ccccc7Cl)ncnc6[nH]5)cc4)c3C2=O)C(=O)N1
CHEMBL5854206,27750530,6.64,C=CC(=O)Nc1cc(Nc2ncc(Cl)c(-c3cnn(C)c3)n2)c(OC)cc1N1CCC(N(C)C)CC1
CHEMBL5281741,25078702,9.09,O=C(/C=C/C(F)(F)F)N1CCC(Oc2cc3c(Nc4ccc(Cl)c(Cl)c4F)ncnc3cc2O[C@H]2CCOC2)CC1
CHEMBL3234737,14571449,6.24,Cc1ccc(C(=O)Nc2ccc(CN3CCN(C)CC3)c(C(F)(F)F)c2)cc1NC(=O)c1ccccn1
CHEMBL3263963,14652516,6.78,COc1cc2c(Oc3ccc(NS(=O)(=O)c4cccc(-c5ccoc5)c4)cc3F)ccnc2cc1OCCCN1CCN(C)CC1
CHEMBL5419002,25665207,7.15,CCS(=O)(=O)N1CCC(c2nc(-c3ccc(F)cc3)c(-c3ccnc(Nc4ccc5c(ccn5CCN5CCOCC5)c4)n3)s2)CC1
CHEMBL2018753,10855810,6.0,CCCOC(=O)Nc1ccc(Nc2ncnc3cc(OC)c(OC)cc23)cc1Cl
CHEMBL1958026,8048999,4.77,O=C1CSC(N2N=C(c3ccc(F)cc3)CC2c2ccc(F)cc2)=N1
CHEMBL5174109,24756990,6.52,CN(C)CCN(C)c1ccc(Nc2ncc3cc(CNc4ccccc4)n(C4CCCC4)c3n2)cc1
CHEMBL2029436,10883643,9.29,C=CC(=O)Nc1cccc(N2C(=O)N(c3ccccc3)Cc3cnc(Nc4ccc(N5CCN(C)CC5)cc4OC)nc32)c1
CHEMBL3739812,16404681,5.82,C=CC(=O)Nc1cccc(Nc2nc(N/N=C/c3ccccc3F)ncc2Cl)c1
CHEMBL5863307,27069842,5.26,NC(=O)c1ncc(N2CCC[C@@H](NC(=O)N3CCCCC3)C2)nc1Nc1ccc(C2CCN(C=O)CC2)cc1
CHEMBL419185,6261328,5.5,COc1cc2ncc(C#N)c(Nc3cc(Cl)c(O)c(Cl)c3)c2cc1OC
CHEMBL4868965,23276948,5.87,COc1ccc(C(Nc2ccc([N+](=O)[O-])cc2)n2c(=O)ccc3cc(O)ccc32)cc1
CHEMBL5998298,26961322,7.77,CN(C)C/C=C/C(=O)N1CC[C@@H](n2nc(C(=O)Nc3nc4cc(C(F)(F)F)ccc4o3)c3c(N)ncnc32)C1
CHEMBL5190227,24871169,5.2,COc1cc2ncnc3c2cc1OCCOCCOc1cc(Cl)cc(c1)N3
CHEMBL2031298,10888037,9.57,O=C(CCN1CCCCC1)Nc1ccc2ncnc(Nc3cccc(Br)c3)c2c1
CHEMBL3981551,16668444,7.96,CN(C)C/C=C/C(=O)Nc1cc2c(Nc3ccc(OCc4cccc(F)c4)c(Cl)c3)ncnc2cn1
CHEMBL3815161,16612248,7.28,O=C(NCCN1CCOCC1)Nc1ccc2ncnc(Nc3ccc(F)c(Cl)c3)c2c1
CHEMBL3928512,16739510,8.7,C[C@@H](Nc1ncnc2oc(-c3ccccc3O)cc12)c1ccccc1
CHEMBL3671569,26587640,6.43,C=CC(=O)Nc1cc2c(Nc3ccc(Br)cc3F)ncnc2cc1OCCNC(=O)c1ccc[nH]1
CHEMBL5761989,28403402,8.18,CC(C)(C)CNc1c(C#N)cnc2c(Cl)cc(N[C@@H](C3=CN(C4CC4)NN3)c3cccnc3F)cc12
CHEMBL3623278,15745746,8.18,COc1cc2ncnc(Nc3cccc(Cl)c3F)c2cc1CN1CCOCC1
CHEMBL3799255,16581398,8.36,C=CC(=O)Nc1cccc(Oc2nc(Nc3ccc(N4CCN(C(=O)C(F)(F)F)CC4)cc3OC)ncc2SC)c1
CHEMBL5286853,25089033,5.34,COc1cc(/C=C2\CCc3c(O)cccc3\C2=N\O)c(Br)c(OC)c1OC
CHEMBL1828867,6358472,5.29,O=C(Cc1ccc(F)cc1)NS(=O)(=O)c1ccc(F)cc1
CHEMBL324439,6261352,4.15,COc1cc2c(C#N)cnc(Nc3cccc(Br)c3)c2cc1OC
CHEMBL3912723,16809236,7.38,O=C1CS/C(=N/Nc2nncc3ccccc23)N1c1ccc(Cl)cc1
CHEMBL3905411,16808782,7.28,CCCCNC(=S)NNc1nncc2ccccc12
CHEMBL5840835,27652802,5.26,C=CC(=O)N1Cc2ccc(Nc3ncc(F)c(Nc4cccc(C#N)c4)n3)cc2C1
CHEMBL5076881,24413809,7.24,C=CC(=O)Nc1cc(Nc2nccc(Nc3cn(C)c4ccccc34)n2)c(OC)cc1N(C)CCN(C)C(=O)C#CC
CHEMBL3890186,16668419,8.1,COCCOc1cc2ncnc(Nc3ccc4c(cnn4Cc4ccccc4)c3)c2cc1NC(=O)/C=C/CN1CCCC1
CHEMBL5977568,28170485,5.86,COc1cc(O[C@H]2CCN(C)CC2(F)F)c2c(Nc3cc(C)c(Oc4ccn5ncnc5c4)cc3F)ncnc2c1
CHEMBL5940715,28403858,8.22,N#Cc1cnc2c(Cl)cc(N[C@H](C3=CNNN3)c3cccnc3)cc2c1Nc1cccc(Cl)c1F
CHEMBL4793338,22921889,9.48,C=CC(=O)Nc1cc2c(Nc3ccc(F)c(Cl)c3)ncnc2cc1OCc1cn(CCC(=O)NO)nn1
CHEMBL3233780,14586678,6.86,CCN(CC)CCN(C)C/C=C/C(=O)Nc1cc2c(Nc3ccc(F)c(Cl)c3)ncnc2s1
CHEMBL5828371,26941060,6.98,C=CC(=O)Nc1cc(Nc2ncc3ccc(C)n3n2)c(OC)cc1N1CCC(N(C)C)CC1
CHEMBL5780871,28405265,8.15,Cn1cnc2c([C@H](Nc3cc(Cl)c4ncc(C#N)c(NCC(C)(C)C)c4c3)C3=CN(C45CC(C4)C5)NN3)cccc2c1=O
CHEMBL4453429,19073807,7.36,COc1cc2c(Nc3ccc(Br)cc3F)ncnc2cc1OCCNC(=O)Cn1cnc([N+](=O)[O-])n1
CHEMBL3909438,16752248,6.55,Cc1ccc2nc(NC(=O)c3cccc(C(F)(F)F)c3)n([C@H]3CC[C@H](O)CC3)c2c1
CHEMBL515401,2503067,6.68,COc1cc2ncnc(-c3c[nH]c4cc(F)c(Cl)cc34)c2cc1OC
CHEMBL1173652,3364622,5.11,Cc1ncc([N+](=O)[O-])n1CCOC(=O)/C=C/c1ccccc1
CHEMBL3764603,16478373,8.79,COCCOc1cc2ncnc(Nc3cccc(NC(=O)C45CC6CC(CC(C6)C4)C5)c3)c2cc1OCCOC
CHEMBL5790950,28405046,8.52,Cc1nc(F)ccc1[C@H](Nc1cc(Cl)c2ncc(C#N)c(NCC(C)(C)C)c2c1)C1=CN(Cc2c(F)cccc2F)NN1
CHEMBL6005198,28722542,6.2,C=CC(=O)N1CC(Oc2cc3c(Nc4ccc(Cl)c(CO)c4)ncnc3cc2OC)C1
CHEMBL6036871,28405247,7.37,Cc1nc(F)ccc1[C@H](Nc1cc(Cl)c2ncc(C#N)c(NCC(C)(C)S(C)(=O)=O)c2c1)C1=CN(C2(C(F)(F)F)CC2)NN1
CHEMBL5769603,28403930,7.89,Cc1ccc([C@H](Nc2cc(Cl)c3ncc(C#N)c(Nc4ccc(F)c(Cl)c4)c3c2)C2=CN(C3CCN(C(C)(C)C)CC3)NN2)cn1
CHEMBL3633938,15774383,6.35,N#CC(C#N)=CNc1ccc2ncnc(Nc3ccc(OCc4cccc(F)c4)c(Cl)c3)c2c1
CHEMBL3355873,14983517,8.52,COc1cc2ncnc(Nc3ccc(F)c(Cl)c3)c2cc1OCCn1ccnc1[N+](=O)[O-]
CHEMBL3984008,16894457,7.0,C[C@@H](Nc1ncnc2ccc(OCCCCCCC(=O)NO)cc12)c1ccccc1
CHEMBL5754849,28697816,8.27,Nc1cc(-c2nc3sccn3c2-c2ccnc(NCCCNS(=O)(=O)c3ccc(F)cc3)n2)ccc1F
CHEMBL5958444,28517225,5.93,C=CC(=O)NC1CN(c2nc(Nc3ccc(N4CCOCC4)cc3)c3c(c2F)CNC3=O)CC1F
CHEMBL280757,873550,8.57,C=CC(=O)Nc1ccc2ncnc(Nc3ccc(F)c(Br)c3)c2c1
CHEMBL3676370,26587793,7.68,C=CC(=O)Nc1cc2c(Nc3ccc(Br)c(Cl)c3F)ncnc2cc1OCCNC(=O)CCOC
CHEMBL5776801,27070505,6.26,CN(C)C(=O)N[C@@H]1CCCN(c2cnc(C(N)=O)c(Nc3ccc(C4CCN(C5CC5)CC4)cc3)n2)C1
CHEMBL2437457,13483491,6.43,C=CC(=O)Nc1ccc(-n2c(=O)cnc3cnc(Nc4ccc(Cl)cc4)nc32)cc1
CHEMBL3818535,18994328,6.74,Cc1cc(=O)n2nc(SCc3ccc(Cl)cc3)nc2[nH]1
CHEMBL4061283,18052746,7.26,CC[C@H](C)[C@@H](NC(=O)OC(C)(C)C)C(=O)Nc1ccc2ncnc(Nc3cccc(Br)c3)c2c1
CHEMBL3786453,16540070,7.57,C=CC(=O)Nc1cccc(Oc2nc(Nc3ccn(C)n3)nc3[nH]ccc23)c1
CHEMBL5922274,28403375,8.35,N#Cc1cnc2c(Cl)cc(N[C@@H](C3=CN(C4CC4)NN3)c3ccc(F)nc3)cc2c1NC1C2CC3CC(C2)CC1C3
CHEMBL1958034,8049007,5.64,O=C1CSC(N2N=C(c3ccc(Cl)cc3)CC2c2ccc(Br)cc2)=N1
CHEMBL1172947,3364630,4.61,Cc1ncc([N+](=O)[O-])n1CCOC(=O)/C=C/c1ccccc1Br
CHEMBL4065970,18172235,7.54,CCCC(=O)N1CC[C@H](N2C(=O)N(c3ccccc3Cl)Cc3cnc(Nc4ccc(N5CCN(C)CC5)c(C)c4)nc32)C1
CHEMBL6030420,26811016,7.66,COC[C@@H]1CCN1C/C=C/C(=O)Nc1cc2c(Nc3ccc(F)c(Cl)c3)ncnc2cc1OCC1CC1
CHEMBL6044391,28405139,8.4,CC(C)(C)CNc1c(C#N)cnc2c(Cl)cc(N[C@H](C3=CN(C45CC(C4)C5)NN3)c3cccc4cnccc34)cc12
CHEMBL5982032,28404440,8.05,CC1(C)COCCC1Nc1c(C#N)cnc2c(C#N)cc(N[C@H](C3=CN(C4(C(F)(F)F)CC4)NN3)c3cccc4ncsc34)cc12
CHEMBL4851795,23256358,7.18,O=C(COc1ccc(Nc2ncc(Cl)c(Nc3ccccc3C(=O)NO)n2)cc1)NO
CHEMBL6009126,27750662,7.66,C=CC(=O)Nc1cc(Nc2nccc(-c3cnc4c(ccn4C)c3)n2)c(OC)cc1N(C)CCN(C)C(C)C
CHEMBL5266100,25018397,7.1,C=CC(=O)Nc1cc(Nc2ncc(C(=O)OC(C)C)c(-c3cn(C(C)=O)c4ccccc34)n2)c(OC)cc1N(C)CCN(C)C
CHEMBL3676378,26587817,7.64,C=CC(=O)Nc1cc2c(Nc3ccc(Br)cc3F)ncnc2cc1OCC(CC)NC(=O)CN(C)C
CHEMBL2031306,10888045,8.84,C=CC(=O)Nc1cc2c(Nc3ccc(F)c(Cl)c3)c(C#N)cnc2cc1OCC
CHEMBL4074726,17967063,4.13,c1ccc(-c2nnc(Cc3nc4ccccc4[nH]3)o2)nc1
CHEMBL3814694,16612229,7.1,Fc1ccc(Nc2ncnc3ccc(NC(=S)NCCN4CCCCC4)cc23)cc1Cl
CHEMBL5918833,28883438,4.54,C=CC(=O)N1CC[C@H](Nc2cncc(-c3cnc(Oc4cccc(OC(F)F)c4)nc3)c2)C1
CHEMBL3633145,16444051,9.3,C=CC(=O)Nc1cccc(-n2c(=O)c(Cc3ccccc3)cc3cnc(Nc4ccc(N5CCN(C)CC5)cc4OC)nc32)c1
CHEMBL4085902,18155523,5.54,COc1cc(Br)c(/C=C2\CC(C)CC(=C\c3nc(C)c(C)nc3C)/C2=N/O)cc1OC
CHEMBL5998056,27070295,5.26,CN(C)C(=O)N[C@@H]1CCCN(c2cnc(C(N)=O)c(Nc3ccc(OC4CCCC4)cc3)n2)C1
CHEMBL5898353,27652826,5.26,C=CC(=O)N(C)Cc1ccc(Nc2nc(Nc3ccc(OC)nc3)ncc2F)cc1
CHEMBL2441561,19445310,6.84,O=C(/C=C/CN1CCOCC1)N1CCOc2cc3ncnc(Nc4ccc(F)c(Cl)c4)c3cc21
CHEMBL5854771,28403900,8.05,Cc1ccc([C@H](Nc2cc(Cl)c3ncc(C#N)c(Nc4ccc(F)c(Cl)c4)c3c2)C2=CNNN2)cn1
CHEMBL3233766,14586662,6.11,O=C(CN1CCN(CCO)CC1)Nc1cc2c(Nc3ccc(F)c(Cl)c3)ncnc2s1
CHEMBL3741436,16404686,6.1,CN(C)C/C=C/C(=O)Nc1cccc(Nc2nc(N/N=C/c3ccccc3F)ncc2Cl)c1
CHEMBL3671484,26587379,8.22,C=CC(=O)Nc1cc2c(Nc3ccc(Br)cc3F)ncnc2cc1OCC1CCN(C(=O)CN(C)C)CC1
CHEMBL5844686,28403600,8.0,Cc1ncccc1[C@H](Nc1cc(Cl)c2ncc(C#N)c(N[C@H](C)c3ccccc3)c2c1)C1=CN(C2COC2)NN1
CHEMBL2032378,10883993,7.81,C=CC(=O)Nc1cccc(N2C(=O)N(C)Cc3cnc(Nc4ccc(N5CCCCC5)cc4OC)nc32)c1
CHEMBL201840,1677858,4.9,COC(=O)c1c(OC)c2ccccc2c2oc3c(c12)C(=O)c1ccccc1C3=O
CHEMBL2385960,13322669,7.35,Cc1ncnc(Nc2ccc(OCc3cccc(F)c3)c(Cl)c2)c1C#Cc1ccc(CNCCS(C)(=O)=O)o1
CHEMBL5844546,27652847,7.26,C=CC(=O)Nc1cccc(Nc2nc(Nc3ccc(OCCO)nc3)ncc2C(C)=O)c1
CHEMBL5285308,25098085,8.27,COc1cc(N2CCN(C)CC2)ccc1Nc1nccc(-c2cn(C)c3ccccc23)n1
CHEMBL3741490,16410641,9.0,C#Cc1cccc(Nc2ncnc3cc(OCCO)c(OCCOC)cc23)c1
CHEMBL206370,1697646,5.01,COc1ccc2c(c1)CNc1c(Nc3cccc(-c4ccccc4)c3)ncnc1O2
CHEMBL3344221,15130259,7.52,CN(C)[C@@H](CS(C)(=O)=O)c1ccc(-c2ccc3ncnc(Nc4ccc(OCc5cccc(F)c5)c(Cl)c4)c3c2)o1
CHEMBL5827300,26961403,7.96,C=CC(=O)N1CCC(n2nc(C(=O)Nc3nc4ccccc4o3)c3c(N)ncnc32)C1
CHEMBL522928,2390178,8.77,C=CC(=O)Nc1cc2c(Cc3ccc(F)c(Cl)c3)ncnc2cc1OCCOCCCCO
CHEMBL4103761,18172268,5.92,CCC(=O)N1CC[C@H](N2C(=O)N(c3cc(OC)ccc3F)Cc3cnc(Nc4ccc(N5CCN(C)CC5)c(Cl)c4)nc32)C1
CHEMBL5822553,28404095,7.39,CC(C)(C)N1CCC(N2C=C([C@@H](Nc3cc(Cl)c4ncc(C#N)c(Nc5ccc(F)c(Cl)c5)c4c3)c3csc4ccc(Cl)cc34)NN2)CC1
CHEMBL197689,1601133,7.16,CCc1c(C(=O)NC)cn2ncnc(Nc3ccc4c(cnn4Cc4ccccc4)c3)c12
CHEMBL3622650,15743461,8.28,O=C(/C=C/CN1CCCCC1)Nc1cc2c(Nc3ccc(F)c(Cl)c3)ncnc2cc1O[C@H]1CCOC1
CHEMBL5275916,25023163,7.34,CC(=O)N1CCOc2c1ccc1ncnc(Nc3cccc(Br)c3)c21
CHEMBL5875009,28722614,4.8,C=CC(=O)N1CCC(Oc2cc3c(Nc4cccc5cnn(C)c45)ncnc3cn2)C1
CHEMBL5773929,28405955,8.4,Cc1nc(F)ccc1[C@H](Nc1cc(Cl)c2ncc(C#N)c(NCC(C)(C)C)c2c1)C1=C(F)N(C)NN1
CHEMBL5809880,28405739,8.52,Cn1ccc2c([C@H](Nc3cc(C#N)c4ncc(C#N)c(NCC(C)(C)C(F)(F)F)c4c3)C3=CN(C4(C(F)(F)F)CC4)NN3)cccc2c1=O
CHEMBL6008298,28404584,8.1,CC(C)(C)CNc1c(C#N)cnc2c(Cl)cc(N[C@H](C3=CN(C4(C(F)F)CC4)NN3)c3cccc4[nH]ncc34)cc12
CHEMBL5414627,25533380,6.77,CN(C)CCn1ncc2cc(Nc3nccc(-c4cn(C)c5ccccc45)n3)cc(Cl)c21
CHEMBL5415418,25481282,9.4,CCc1cc(Nc2ncc(Cl)c(Nc3ccc4nccnc4c3P(C)(C)=O)n2)c(OC)cc1N1CCC(N2CC(N(C)C)C2)CC1
CHEMBL3416623,15229674,7.26,COc1ccccc1-c1cc2c(N[C@H](C)c3cccs3)ncnc2s1
CHEMBL5081817,24381012,7.47,CN1CCN(C2CCN(c3c(Cl)cc(Nc4ncc(Cl)c(Nc5ccccc5P(C)(C)=O)n4)cc3Cl)CC2)CC1
CHEMBL3914159,16895186,8.22,C=CC(=O)N1CC(Oc2cc3c(Nc4ccc(Cl)c(Cl)c4F)ncnc3cc2OC)C1
CHEMBL5574303,25955027,5.32,C/C=C/C(=O)Nc1cc2c(Oc3ccc(NC(=O)n4c(=O)c(-c5ccccc5)c(C)n4C)cc3F)cccc2cc1OC
CHEMBL3741762,16404687,6.17,CN(C)C/C=C/C(=O)Nc1cccc(Nc2nc(N/N=C/c3ccc(F)cc3)ncc2Cl)c1
CHEMBL5180778,24919439,8.33,CCS(=O)(=O)n1cc(-c2nc(Nc3cc(Cl)c(N4CCC(N5CCN(C)CC5)CC4)cc3C)ncc2Cl)c2ccccc21
CHEMBL5274692,25078696,9.81,C=CC(=O)N1CCC(Oc2cc3c(Nc4ccc(F)c(Cl)c4)ncnc3cc2O[C@H]2CCOC2)CC1
CHEMBL6036007,28404257,7.85,N#Cc1cnc2c(Cl)cc(N[C@H](C3=CN(C4CCNCC4)NN3)c3cc(Cl)cs3)cc2c1Nc1ccc(F)c(Cl)c1
CHEMBL5934428,28404125,8.4,CN(C)CCCN1C=C([C@@H](Nc2cc(Cl)c3ncc(C#N)c(Nc4ccc(F)c(Cl)c4)c3c2)c2cscn2)NN1
CHEMBL3219135,14533901,7.23,C=CC(=O)Nc1cccc(N2C(=O)C(Cc3ccc(Cl)cc3)N(C)C(=O)c3cnc(Nc4ccc(N5CCN(C)CC5)cc4OC)nc32)c1
CHEMBL4084996,17967065,6.01,Clc1ccc(-c2nnc(Cc3nc4ccc(Cl)cc4[nH]3)o2)cc1
CHEMBL5271155,25059906,7.47,COc1cc2c(Nc3ccc(Oc4ccccc4)cc3C)ncnc2cc1OCC1CCN(C)CC1
CHEMBL6003257,27653240,7.26,C=CC(=O)Nc1cccc(Nc2nc(Nc3ccc(OCCCS(C)(=O)=O)c(F)c3)ncc2F)c1
CHEMBL243410,1943193,6.55,CCOc1cc2ncnc(NC3=CC(=O)C(OC(CF)CF)=CC3=O)c2cc1NC(=O)/C=C/CN(C)C
CHEMBL3989970,18450686,8.3,C=CC(=O)N[C@@H]1CN(c2nc(Nc3cn(C)nc3OC)c3ncn(C)c3n2)C[C@H]1F
CHEMBL2048903,10949876,8.72,OCCn1ccc2ncnc(Nc3ccc(Oc4cccc5[nH]ncc45)c(Cl)c3)c21
CHEMBL3805260,16588556,6.44,CCOC(C)Oc1cc2ncnc(Nc3ccc(C)c([N+](=O)[O-])c3)c2c2c1OCCO2
CHEMBL3353405,15073196,5.4,C=CC(=O)Nc1cc(Nc2ncc(Cl)c(-c3cnn4ccccc34)n2)c(OC)cc1N1CC(N(C)C)C1
CHEMBL3786647,16540078,6.15,C=CC(=O)N1C[C@H](CO)[C@@H](COc2nc(Nc3cnn(C)c3)nc3[nH]cc(Cl)c23)C1
CHEMBL5206697,24871174,7.73,COc1cc2ncnc(Nc3cc(Cl)c(F)cc3O)c2cc1O
CHEMBL3235203,14568928,6.38,Cc1ccc2nc(Oc3ccc(F)cc3)c(/C=N/NC(=O)Cn3c([N+](=O)[O-])cnc3C)cc2c1
CHEMBL4280835,18787526,7.33,CS(=O)(=O)Nc1ccc(-c2cc3c(Nc4ccc(Oc5cccc(C(F)(F)F)c5)c(Cl)c4)ncnc3s2)cc1
CHEMBL5997382,28403630,8.7,CC[C@@H](Nc1c(C#N)cnc2c(Cl)cc(N[C@H](C3=CN([C@@H](C)CF)NN3)c3cccnc3)cc12)c1ccccc1
CHEMBL5188730,24902221,6.67,Nc1ccc2ncnc(Nc3ccc4ncccc4c3)c2c1
CHEMBL5918636,28405934,8.15,Cc1nc(F)ccc1[C@H](Nc1cc(Cl)c2ncc(C#N)c(NCC(C)(C)C(F)(F)F)c2c1)C1=C(F)N(C23CC(C2)C3)NN1
CHEMBL490687,2390308,5.12,C/C=C/C(=O)Nc1cc2c(Nc3ccc(F)c(Cl)c3)ccnc2cc1CC
CHEMBL3622640,15743473,8.52,COCCOc1cc2ncnc(Nc3ccc(Br)cc3F)c2cc1NC(=O)/C=C/CN(C)C
CHEMBL3233763,14586702,5.77,CN(C)CCCN(C)CC(=O)Nc1cc2c(Nc3ccc(F)c(Cl)c3)ncnc2s1
CHEMBL5191674,24848254,9.22,CN1CCC(c2ccc(-c3ccc4ncn(C(C(=O)Nc5nccs5)c5ccccc5)c(=O)c4n3)cc2)CC1
CHEMBL4447962,19310308,6.97,C=CC(=O)Nc1cccc(-c2c(C)sc3ncnc(N[C@H](CO)c4ccccc4)c23)c1
CHEMBL3986103,16668261,7.68,CCOc1cc2ncnc(Nc3ccc(NS(=O)(=O)c4ccccc4)cc3)c2cc1NC(=O)/C=C/CN1CCCC1
CHEMBL3623288,15745757,7.77,COc1cc2ncnc(Nc3cccc(Cl)c3F)c2cc1OC(=O)N1CCN(C)[C@@H](C)C1
CHEMBL5952854,26749481,7.87,CN1CCN(Cc2ccc(C(=O)N[C@@H]3[C@H]4Oc5ccc(Oc6ccnc7c6CCC(=O)N7)cc5[C@@H]34)cc2C(F)(F)F)CC1
CHEMBL5775729,28404911,8.7,Cn1ncc2c([C@H](Nc3cc(C#N)c4ncc(C#N)c(NCC(C)(C)C)c4c3)C3=CN(C4CC4)NN3)cccc21
CHEMBL4471491,19073798,9.16,COc1cc2c(Nc3ccc(Cl)c(Cl)c3F)ncnc2cc1OCCOCCNC(=O)Cn1cnc([N+](=O)[O-])n1
CHEMBL4789716,22894028,6.76,C=C(F)C(=O)Nc1cccc(Nc2nc(Nc3ccc(N4CCN(C(C)=O)CC4)c(C)c3)ncc2Cl)c1
CHEMBL5565454,25955019,5.33,CCC(=O)Nc1cc2c(Oc3ccc(NC(=O)NCCC4CCCCC4)cc3F)ncnc2cc1OC
CHEMBL184311,1462340,5.49,Cc1ccc2c(Nc3ccc(F)c(Cl)c3)ncnn12
CHEMBL5970361,27652958,7.26,C=CC(=O)Nc1cccc(Nc2nc(Nc3cccc(OC)c3)ncc2OC)c1
CHEMBL5871879,27322313,7.42,COc1cc(Nc2ncc(Cl)c(Nc3ccccc3C(=O)C(=O)N(C)C)n2)ccc1N1CCN(C)CC1
CHEMBL3633936,15774386,6.09,CCOC(=O)C(=CNc1ccc2ncnc(Nc3ccc(OCc4cccc(F)c4)c(Cl)c3)c2c1)C(=O)OCC
CHEMBL5835276,27071096,6.26,CN1CCN([C@@H]2CCCN(c3cnc(C(N)=O)c(Nc4ccc(C5CCNCC5)cc4)n3)C2)C1=O
CHEMBL3092305,13851946,6.58,COC(=O)/C=C/CNC(=O)Nc1cc2c(Nc3ccc(F)c(Cl)c3)ncnc2cc1O[C@H]1CCOC1
CHEMBL3904966,16895200,8.1,C=CC(=O)N1CC[C@H](Oc2cc3c(Nc4ccc(Br)c(Cl)c4F)ncnc3cc2OC)C1
CHEMBL5632485,26154069,6.71,COCCOc1cc2ncnc(Nc3ccc(O)c(C=O)c3)c2cc1OCCOC
CHEMBL5983676,27737741,6.26,COc1ccccc1C(=O)NCc1ccc(-c2nn(C3CCC(C(=O)O)CC3)c3ncnc(N)c23)cc1
CHEMBL5269375,25098084,8.47,COC(=O)c1cnc(Nc2ccc(N3CCN(C)CC3)cc2OC)nc1-c1cn(C)c2ccccc12
CHEMBL5568213,25866173,7.15,C=CC(=O)N1C[C@@H](n2cc(-c3ccncc3)c(-c3cccc(OCc4ccc5c(c4)CN(C)C5=O)c3)n2)C[C@H]1C
CHEMBL607707,586007,7.84,CCOc1cc2ncc(C#N)c(Nc3ccc(F)c(Cl)c3)c2cc1NC(=O)/C=C/CN(C)C
CHEMBL380247,1766882,7.75,CS(=O)(=O)CCNCc1ccc(-c2ccc3ncnc(Nc4ccc(OCc5ccccc5)c(Cl)c4)c3c2)o1
CHEMBL4245874,18676736,6.55,COc1ccc(Nc2ncnc3occ(C)c23)cc1
CHEMBL535,19110260,6.85,CCN(CC)CCNC(=O)c1c(C)[nH]c(/C=C2\C(=O)Nc3ccc(F)cc32)c1C
CHEMBL4782320,22965627,6.31,S=C(Nc1ccc2c(c1)OCO2)Nc1c2ccccc2nc2ccccc12
CHEMBL3775112,16499786,7.0,O=C1COc2cc3ncnc(Nc4cccc(Br)c4)c3cc2N1CCCN1CCCCC1
CHEMBL3960167,16752312,8.68,Cc1cc(C(=O)Nc2nc3cccc(C)c3n2[C@@H]2CCCCN(C(=O)/C=C/CN(C)C)C2)ccn1
CHEMBL29641,12712356,6.9,COc1cc2ncnc(Nc3cccc(SC)c3)c2cc1OC
CHEMBL4213741,18450559,6.55,C=CC(=O)N1CC[C@H](Nc2nc(Nc3ccc(N4CCN(C)CC4)cc3)c3ncn(C(C)C)c3n2)C1
CHEMBL5954442,26749538,8.01,O=C1CCc2c(Oc3ccc4c(c3)[C@H]3[C@H](NC(=O)c5ccc(CN6CCOCC6)c(C(F)(F)F)c5)[C@H]3O4)ccnc2N1
CHEMBL245799,2045386,5.28,N#Cc1cnc2ccc(-c3cccc(CN4CCOCC4)c3)cc2c1N[C@@H]1C[C@H]1c1ccccc1
CHEMBL4090686,18060745,8.15,CCC(=O)Nc1ccc(OC)c(Nc2cc(-c3[nH]c(CCCO)nc3-c3ccc(F)cc3)ccn2)c1
CHEMBL5896727,26749775,9.32,CC(C)(N)c1cc(C(=O)N[C@@H]2[C@H]3Oc4ccc(Oc5ccnc6c5CCC(=O)N6)cc4[C@@H]23)cc(C(F)(F)F)c1
CHEMBL5089161,24413790,7.95,C=CC(=O)Nc1cc(Nc2nccc(Nc3cn(C)c4ccccc34)n2)c(OC)cc1N(C)CCN(C)Cc1ccccc1
CHEMBL2408828,13380890,6.89,COc1cc(N2CCN(C)CC2)ccc1Nc1ncc(Cl)c(Oc2cccc(COc3no[n+]([O-])c3S(=O)(=O)c3ccccc3)c2)n1
CHEMBL5901017,28403621,8.15,N#Cc1cnc2c(Cl)cc(N[C@H](C3=CNNN3)c3cccnc3)cc2c1NC(CCO)c1ccccc1
CHEMBL5758862,28404713,7.89,Cn1ncc2c([C@H](Nc3cc(Cl)c4ncc(C#N)c(NCC(C)(C)C)c4c3)C3=CN(C4(C(F)(F)F)CC4)NN3)cccc21
CHEMBL1094475,3299623,4.26,C#Cc1cccc(Nc2nc(N)nc3[nH]c(Cc4ccc(Cl)cc4Cl)cc23)c1
CHEMBL5169346,24871190,7.42,COc1cc2ncnc3c2cc1OCCOCCOCCOc1cc(Cl)ccc1N3
CHEMBL3759085,16457542,6.56,C[C@@H](Nc1ncnc2sc(-c3ccccc3C(N)=O)cc12)c1ccccc1
CHEMBL4279709,25043257,5.26,FC(F)(F)c1ccc(/C=N/Nc2nc(-c3ccc(Cl)cc3Cl)cs2)cc1
CHEMBL4441392,18994323,7.25,Cc1cc(=O)n2nc(SCc3ccc(F)cc3)nc2[nH]1
CHEMBL3753874,16444047,7.75,C=CC(=O)Nc1cccc(-n2c(=O)cc(CCC)c3cnc(Nc4ccc(N5CCN(C)CC5)cc4OC)nc32)c1
CHEMBL5814794,28403336,8.7,N#CCCC(Nc1c(C#N)cnc2c(Cl)cc(N[C@H](C3=CN(C4C5CN(C6COC6)CC54)NN3)c3csc4c3CCN(C3COC3)C4)cc12)c1ccccc1
CHEMBL3671486,26587385,8.7,C=CC(=O)Nc1cc2c(Nc3ccc(Br)cc3F)ncnc2cc1OCCCNC(=O)CN(C)C
CHEMBL5401604,25482722,5.93,Cn1cc(-c2ccnc(Nc3ccc(OCCCCn4ccnc4[N+](=O)[O-])cc3)n2)c2ccccc21
CHEMBL3921816,16811411,8.24,COc1cc(Nc2ncnc3ccc(-c4cn(CCCCCC(=O)NO)nn4)cc23)ccc1Oc1ccccc1
CHEMBL206003,1710012,7.68,NCc1cccc(C#Cc2cncnc2Nc2ccc(OCc3cccc(F)c3)c(Cl)c2)n1
CHEMBL492399,22814201,8.55,COc1ccc(N(C)c2nc(C)nc3ccccc23)cc1
CHEMBL5932188,28406018,7.89,Cc1nc(F)ccc1[C@H](Nc1cc(Cl)c2ncc(C#N)c(NCC(C)(C)C)c2c1)C1=C2OCCCN2NN1
CHEMBL5913616,28405271,8.0,Cn1ccc2c([C@H](Nc3cc(Cl)c4ncc(C#N)c(NCC5(C(F)(F)F)CCC5)c4c3)C3=CN(C4(C(F)F)CC4)NN3)cccc2c1=O
CHEMBL3805325,16588567,7.56,C#Cc1cccc(Nc2ncnc3cc(OCC4CCCO4)c4c(c23)OCCO4)c1
CHEMBL4102942,17967066,4.35,Clc1ccc(-c2nnc(Cc3nc4ccc(Cl)cc4[nH]3)o2)c(Cl)c1
CHEMBL6032261,28721858,7.43,C=CC(=O)N1CCC(Oc2cc3c(Nc4ccc(Br)c(Cl)c4)c(C#N)cnc3cc2OC)CC1
CHEMBL4796407,22844235,7.75,CN(C)CCOc1cc2ncnc(Nc3ccc(F)c(Cl)c3)c2cc1NC(=O)c1cc([N+](=O)[O-])ccc1F
CHEMBL5203041,24741572,9.17,CCOC1CN(C2CCN(c3cc(OC)c(Nc4ncc(Br)c(Nc5ccc6ncnn6c5P(C)(C)=O)n4)cc3CC)CC2)C1
CHEMBL3416597,15229679,6.97,COc1ccccc1-c1cc2c(NCc3ccncc3)ncnc2s1
CHEMBL4787951,22835824,10.0,COc1cc(CNCCN2CCOCC2)ccc1-c1cc2c(N[C@H](CO)c3ccccc3)ncnc2[nH]1
CHEMBL5435941,25665215,7.24,CCS(=O)(=O)N1CCC(c2nc(-c3ccc(F)cc3)c(-c3ccnc(Nc4ccc(N5CCOCC5)cc4)n3)s2)CC1
CHEMBL245800,2045385,5.68,N#Cc1cnc2ccc(-c3ccc(CN)cc3)cc2c1N[C@@H]1C[C@H]1c1ccccc1
CHEMBL5612851,26110323,7.43,Cc1nc2cc(Br)c(Br)cc2c(=O)n1-c1ccc(Nc2nc(N3CCCCC3)nc(N3CCOCC3)n2)cc1
CHEMBL3680376,26581701,7.34,COc1cc2ncnc(Nc3ccc(F)c(Cl)c3)c2cc1NC(=O)/C=C/CN1CCCC(F)C1
CHEMBL3758351,16457571,8.7,COc1cc(CO)ccc1-c1cc2c(Nc3ccc(F)c(Cl)c3)ncnc2s1
CHEMBL5999776,28403129,7.96,CCN1Cc2cccc([C@H](Nc3cc(Cl)c4ncc(C#N)c(Nc5ccc(F)c(Cl)c5)c4c3)C3=CN(C4CCN(C(C)(C)C)CC4)NN3)c2C1
CHEMBL3964380,16668217,7.07,CCC(=O)Nc1cc2c(Nc3ccc4c(ccn4Cc4ccco4)c3)ncnc2cc1OC
CHEMBL2064398,10967435,5.35,C[C@@H](Nc1ncnc2cc3oc(=O)n(CCCN4CCOCC4)c3cc12)c1ccccc1
CHEMBL5633878,26164367,4.32,O=C(Nc1ccc(Nc2ncnc3[nH]ccc23)cc1)c1ccccc1
CHEMBL5982923,28517099,5.79,C=CC(=O)N1CCCC(Nc2nc(Nc3ccc(N4CCN(C)CC4)nc3)c3c(c2F)CNC3=O)C1
CHEMBL3622617,15743408,8.74,C#Cc1cccc(Nc2ncnc3cc(OCCOC)c(NC(=O)C=C)cc23)c1
CHEMBL3923228,16668410,8.52,CCOc1cc2ncnc(Nc3ccc4c(cnn4Cc4ccccc4)c3)c2cc1NC(=O)/C=C/CN1CCCC1
CHEMBL440298,1169053,5.96,N#C/C(=C\c1ccc(O)c(O)c1)C(=O)NCCCCc1ccccc1
CHEMBL5200783,24907661,5.74,COCC(=O)NC/C=C/c1ccc2ncc(C#N)c(Nc3ccc(Oc4cc5nncn5cn4)c(C)c3)c2c1
CHEMBL2346678,12722988,7.66,Nc1cccc(-c2c(-c3ccccc3)oc3ncnc(N[C@H](CO)c4ccccc4)c23)c1
CHEMBL4127809,18299297,8.49,C=CC(=O)N[C@H]1CCN(c2nc(Nc3ccccc3)nc3cnc(Nc4ccc(N5CCN(C)CC5)cn4)cc23)C1
CHEMBL5993343,28883540,5.47,C=CC(=O)N1CCC(Nc2cncc(-c3cnc(Nc4ccccn4)nc3)c2)CC1
CHEMBL3914322,16894742,7.0,C[C@@H](Nc1ncnc2[nH]c(-c3ccc(OCCCCCCC(=O)NO)cc3)cc12)c1ccc(F)cc1
CHEMBL4551557,19293675,6.23,C=CC(=O)Nc1cc(Nc2nc(C)cc(-c3cn(C)c4ccc(F)cc34)n2)c(OC)cc1N(C)CCN(C)C
CHEMBL6012901,27072047,5.26,CCC(=O)N1CCC(c2ccc(Nc3nc(N4CCC[C@@H](NC(=O)N5CCCCC5)C4)nnc3C(N)=O)cc2)CC1
CHEMBL3676339,26587697,7.85,C=CC(=O)Nc1cc2c(Nc3ccc(F)c(F)c3F)ncnc2cc1OCCNC(C)=O
CHEMBL4282482,18795774,5.14,Clc1ccc(-c2cn3nc(-c4ccccc4)nc3s2)cc1
CHEMBL4069586,18189823,6.92,C=CC(=O)N1CCC[C@@H](n2nc(C#CCC3CCCC3)c3c(N)ncnc32)C1
CHEMBL5939157,28404131,7.2,CCN1CCC(N2C=C([C@@H](Nc3cc(Cl)c4ncc(C#N)c(Nc5ccc(F)c(Cl)c5)c4c3)c3cccnc3)NN2)CC1
CHEMBL3918330,16668210,7.66,C/C=C/C(=O)Nc1cc2c(Nc3ccc(F)c(Cl)c3)ncnc2cc1OCCCN1CCOCC1
CHEMBL5926535,28405454,7.66,Cc1nc(F)ccc1C(Nc1cc(Cl)c2ncc(C#N)c(NCC(C)(C)C)c2c1)C1=CN(C)NN1
CHEMBL4447976,18955875,6.81,CCOCCOc1cc2ncnc(Nc3ccc(OCc4cccc(F)c4)c(Cl)c3)c2cc1NC(=O)/C=C/CN(C)C
CHEMBL3092323,13852040,6.32,COCCNC(=O)Nc1cc2c(Nc3ccc(F)c(Cl)c3)ncnc2cc1O[C@H]1CCOC1
CHEMBL3678946,16346938,9.0,CC(C)n1c(Nc2ccccc2)nc2cnc(Nc3ccc(C(=O)NC4CCN(C)CC4)cc3)nc21
CHEMBL6020683,28403261,6.63,CC(C)(C)N1CCC(N2C=C([C@@H](Nc3cc(Cl)c4ncc(C#N)c(Nc5ccc(F)c(Cl)c5)c4c3)c3ccc4c(c3)CNC4)NN2)CC1
CHEMBL1873475,23299090,8.77,C=CC(=O)N1CCC[C@@H](n2nc(-c3ccc(Oc4ccccc4)cc3)c3c(N)ncnc32)C1
CHEMBL4085352,18048482,7.22,FC(F)(F)c1cccc(NC(=S)Nc2ccc3ncnc(Nc4cccc(Br)c4)c3c2)c1
CHEMBL5961562,28722218,6.18,C=CC(=O)N1CCC(Oc2cc3c(Nc4ccc(Cl)c(CO)c4)ncnc3cc2OC)CC1
CHEMBL4276842,19408322,8.33,C=CC(=O)Nc1cccc(-n2c(=O)c(=O)n(C)c3cnc(Nc4ccc(N5CCN(C)CC5)cc4OC)nc32)c1
CHEMBL204570,1710013,7.4,OCc1cccc(C#Cc2cncnc2Nc2ccc(OCc3cccc(F)c3)c(Cl)c2)n1
CHEMBL5926423,28722092,6.64,C=CC(=O)N1CC(Oc2cc3c(Nc4cccc(-c5cnco5)c4)ncnc3cc2OC)C1
CHEMBL5569663,25979162,7.95,CN1CCC[C@@H]1/C=C/C(=O)Nc1ccc2ncnc(Nc3ccc(OCc4cccc(F)c4)c(Cl)c3)c2c1-c1ccccc1
CHEMBL5988366,28405226,8.52,Cc1nc(F)ccc1[C@H](Nc1cc(Cl)c2ncc(C#N)c(NCC(C)(C)C(F)(F)F)c2c1)C1=CN(C(C)(C)C)NN1
CHEMBL4094647,17967059,4.16,Nc1ccc(O)c(-c2nnc(Cc3nc4ccccc4[nH]3)o2)c1
CHEMBL3416599,15229719,6.62,Brc1cc2c(NCc3ccccc3)ncnc2s1
CHEMBL4067514,18048485,7.31,S=C(Nc1ccc2ncnc(Nc3cccc(Br)c3)c2c1)Nc1ccc(Cl)cc1Cl
CHEMBL5813402,28405922,8.4,Cc1nc(F)ccc1[C@H](Nc1cc(Cl)c2ncc(C#N)c(NCC(C)(C)C)c2c1)C1=C(F)N([C@@H](C)CF)NN1
CHEMBL5441026,25482724,6.63,Cn1cc(-c2ccnc(Nc3cccc(OCCCCn4cnc([N+](=O)[O-])c4)c3)n2)c2ccccc21
CHEMBL334439,335194,5.16,CCN(CC)CCn1c([Se][Se]c2c(C(=O)NC)c3ccccc3n2CCN(CC)CC)c(C(=O)NC)c2ccccc21
CHEMBL3133904,13975599,5.82,C=CC(=O)Nc1ccc2ncnc(Nc3cccc(C)c3F)c2c1
CHEMBL373207,1681987,8.51,CCN(CC)CC#CC(=O)Nc1ccc2ncnc(Nc3ccc(F)c(Cl)c3)c2c1
CHEMBL247710,2038914,7.42,NC1CCN(Cc2ccn3ncnc(Nc4ccc(OCc5cccc(F)c5)c(Cl)c4)c23)CC1
CHEMBL3233785,14586683,9.05,O=C(/C=C/CN1CC2CCC1C(=O)C2)Nc1cc2c(Nc3ccc(F)c(Cl)c3)ncnc2s1
CHEMBL603198,3055940,4.25,COc1ccccc1C(Cc1coc2nc(N)nc(N)c12)C1CC1
CHEMBL5894911,28403951,7.58,CC(C)(C)N1CCC(N2C=C([C@@H](Nc3cc(Cl)c4ncc(C#N)c(NC5CCCCCC5)c4c3)c3cccnc3)NN2)CC1
CHEMBL5824219,26961334,7.51,CCN(CC)C/C=C/C(=O)N1CC[C@@H](n2cc(C(=O)Nc3nc4cc(Cl)ccc4o3)c3c(N)ncnc32)C1
CHEMBL2437468,13483480,6.4,C=CC(=O)Nc1ccc(-n2c(=O)cnc3cnc(Nc4ccc(N5CCN(C)CC5)cc4OC)nc32)cc1
CHEMBL4440096,28162799,4.92,NC(=O)c1c(-c2ccc(Oc3ccc(F)cc3F)cc2)nn([C@@H]2CCCN(C(=O)/C=C/CO)C2)c1N
CHEMBL3948084,16668203,7.77,CCC(=O)Nc1cc2c(Nc3ccc4c(cnn4Cc4ccccc4)c3)ncnc2cc1OC
CHEMBL372523,1601137,6.68,CCc1c(NC(=O)OCc2ccccc2)cn2ncnc(Nc3ccc4c(cnn4Cc4ccccc4)c3)c12
CHEMBL5797150,28404593,8.7,Cc1nc(F)ccc1[C@H](Nc1cc(C#N)c2ncc(C#N)c(NCC(C)(C)C)c2c1)C1=CN(C2(CF)CC2)NN1
CHEMBL5812558,28405268,8.3,COc1ccc([C@H](Nc2cc(Cl)c3ncc(C#N)c(NCC(C)(C)C)c3c2)C2=CN(C3(C(F)F)CC3)NN2)c(C)n1
CHEMBL4468924,19445312,7.4,CC1CCN(C/C=C/C(=O)N2CCOc3cc4ncnc(Nc5ccc(F)c(Cl)c5)c4cc32)CC1
CHEMBL3798887,16581395,8.44,C=CC(=O)Nc1cccc(Oc2nc(Nc3ccc(N4CCN(C(=O)C(C)C)CC4)cc3OC)ncc2SC)c1
CHEMBL5796011,27737615,5.26,COc1cccc(F)c1C(=O)NCc1ccc(-c2nn(C3CCCC3)c3ncnc(N)c23)cc1
CHEMBL4226254,18577543,6.57,C=CC(=O)Nc1cccc(NC(=O)Nc2nc(Nc3ccc(N4CCC(N5CCOCC5)CC4)cc3OC)ncc2C(F)(F)F)c1
CHEMBL4079125,17967042,5.43,Clc1ccc(-c2nnc(Cc3nc4ccccc4[nH]3)o2)c(Cl)c1
CHEMBL77397,2202734,5.52,COc1cc(/C=C(\C)[N+](=O)[O-])ccc1OS(=O)(=O)c1ccc(C(=O)O)cc1
CHEMBL3087201,13826570,6.06,C=CC(=O)N1CC[C@H](N2C(=O)N(C(C)C)Cc3cnc(Nc4ccc(N5CCN(C)CC5)cc4OC)nc32)C1
CHEMBL3982619,16809235,7.35,O=C1CS/C(=N/Nc2nncc3ccccc23)N1c1ccccc1
CHEMBL6008376,26768638,8.74,COCCOc1cc2ncnc(Nc3ccc(F)c(Cl)c3)c2cc1NC(=O)/C=C/CN1C[C@@H]2OCCO[C@@H]2C1
CHEMBL5810622,28405868,8.0,COc1nccc2c([C@H](Nc3cc(Cl)c4ncc(C#N)c(NCC(C)(C)C)c4c3)C3=CN(C4(C5CC5)CC4)NN3)cccc12
CHEMBL5191510,24848232,9.52,CN1CCN(c2ccc(-c3ccc4c(c3)C(=O)N(C(C(=O)Nc3nccs3)c3cc(F)ccc3O)C4)cc2)CC1
CHEMBL3699600,16342116,8.26,C=CC(=O)Nc1cccc(Oc2nc(Nc3ccc(N4CCN(C(=O)C(F)(F)F)CC4)cc3OC)ncc2Cl)c1
CHEMBL5851650,28403588,8.4,CC(C)(C)CNc1c(C#N)cnc2c(Cl)cc(N[C@H](C3=CNNN3)c3cccnc3)cc12
CHEMBL606403,3126272,6.89,CC(C)c1nsc(C(=O)Nc2ccc3ncnc(Nc4cccc(Br)c4)c3c2)n1
CHEMBL1958212,8049016,5.97,Cc1ccc(C2=NN(C3=NC(=O)CS3)C(c3ccccc3)C2)cc1
CHEMBL3775664,16499796,7.28,O=C1COc2cc3ncnc(Nc4ccc(F)c(Cl)c4)c3cc2N1CCCN1CCOCC1
CHEMBL5438643,25665217,7.11,CCS(=O)(=O)N1CCC(c2nc(-c3ccc(F)cc3)c(-c3ccnc(Nc4ccc(N5CCOCC5)c(F)c4)n3)s2)CC1
CHEMBL5818001,26961382,7.24,C=CC(=O)N1CC(Cn2nc(C(=O)Nc3nc4cc(F)ccc4o3)c3c(N)ncnc32)C1
CHEMBL3818062,16631008,8.7,COc1cc2ncnc(Nc3ccc(F)c(Cl)c3)c2cc1NC(=O)[C@H]1NC(=O)O[C@@H]1C
CHEMBL5424597,25665220,6.39,CN(C)CCn1ccc2cc(Nc3nccc(-n4ccc(-c5ccc(F)cc5)n4)n3)ccc21
CHEMBL5574213,25955043,5.28,CCC(=O)Nc1cc2c(Oc3ccc(NC(=O)CCCc4ccc(F)cc4)cc3F)ncnc2cc1OC
CHEMBL3699591,16310230,7.19,C=CC(=O)Nc1cccc(Oc2nc(Nc3ccc(N4CCOCC4)cc3OC(F)F)ncc2C(F)(F)F)c1
CHEMBL382823,1715567,8.0,COCCN(Cc1cc2c(Nc3cccc(Cl)c3F)ncnc2cc1OC)[C@@H](C)C(N)=O
CHEMBL5981967,27653273,5.26,COCCOc1ccc(Nc2ncc(F)c(Nc3ccc(CC(=O)C=C(C)C)cc3)n2)cc1F
CHEMBL5915322,26941072,6.53,C=CC(=O)Nc1cc(Nc2ncc3c(C)cc(-c4cnn(C)c4)n3n2)c(OC)cc1N(C)CCN(C)C
CHEMBL5427561,25533344,6.75,C=CC(=O)Nc1cc(Nc2nccc(-c3cn(C)c4ccccc34)n2)cc2cnn(CCN(C)C)c12
CHEMBL5962642,26749961,7.12,O=C1CCc2c(Oc3ccc4c(c3)[C@H]3[C@H](NC(=O)c5cccc(F)c5)[C@H]3O4)ccnc2N1
CHEMBL5275574,25105711,5.11,CN1CCN(c2ccc(Nc3ncc(Br)c(Nc4ccc5ncccc5c4)n3)cc2)CC1
CHEMBL4060320,17956897,8.64,NP(=O)(OCCCCCOc1ccc2ncnc(Nc3cccc(Br)c3)c2c1)N(CCCl)CCCl
CHEMBL4546553,19187638,6.31,CCOc1cc2ncc(C#N)c(Nc3ccc(F)c(Cl)c3)c2cc1NC(=O)C(CSC(C)=O)CSC(C)=O
CHEMBL3785393,16540073,7.33,C=CC(=O)N1C[C@H](COc2nc(Nc3cnn(C)c3)nc3[nH]ccc23)[C@@H](C(F)(F)F)C1
CHEMBL5952397,28404308,9.0,CC(C)(C)CNc1c(C#N)cnc2c(Br)cc(N[C@H](C3=CN(C4(C(N)=O)CC4)NN3)c3cccc4ncsc34)cc12
CHEMBL5276374,25066926,6.21,C=CC(=O)N1CCC([C@@H]2CCNc3c(C(N)=O)c(-c4cc(OC)c(C)c(OC)c4)nn32)CC1
CHEMBL5829060,28404518,9.0,Cc1nc(F)ccc1[C@H](Nc1cc(Cl)c2ncc(C#N)c(NCC(C)(C)C)c2c1)C1=CN(C2(C(N)=O)CCC2)NN1
CHEMBL2064379,10967418,4.12,Cc1cc(C)cc(Nc2ncnc3cc4oc(=O)n(CCCN5CCOCC5)c4cc23)c1
CHEMBL3916141,16668233,6.13,CCC(=O)Nc1cc2c(Nc3ccc(CCc4ccccc4)cc3)ncnc2cc1OC
CHEMBL3774926,16499797,6.86,C#Cc1cccc(Nc2ncnc3cc4c(cc23)N(CCCN2CCOCC2)C(=O)CO4)c1
CHEMBL4447036,19310275,5.61,C=CS(=O)(=O)Nc1cccc(-c2c(-c3ccccc3)oc3ncnc(N[C@H](CO)c4ccccc4)c23)c1
CHEMBL5840159,28404452,7.29,CC(C)(C)ONc1c(C#N)cnc2c(C#N)cc(N[C@H](C3=CN(C4CC4)NN3)c3cccc4ncsc34)cc12
CHEMBL196018,1601098,7.05,CCOC(=O)c1cn2ncnc(Nc3ccc(F)c(Cl)c3)c2c1CC
CHEMBL4535949,19073806,7.32,COc1cc2c(Nc3ccc(F)cc3Cl)ncnc2cc1OCCNC(=O)Cn1cnc([N+](=O)[O-])n1
CHEMBL3973601,16739497,7.57,COc1ccc(-c2cc3c(N[C@H](C)c4ccc(F)cc4)ncnc3o2)cc1
CHEMBL3604940,15685165,6.4,C=CC(=O)Nc1cccc(Oc2nc(Nc3n[nH]c4ccc(Br)cc34)cc(N3CCN(C)CC3)n2)c1
CHEMBL5757238,27750398,8.25,C=CC(=O)Nc1cc(Nc2nccc(-c3cnc4c(ccn4C)c3)n2)c(OC)cc1N(C)CCN(C)C
CHEMBL412367,1601162,7.4,CCc1c(NC(=O)OCCn2ccnc2)cn2ncnc(Nc3ccc4c(cnn4Cc4ccccc4)c3)c12
CHEMBL5085118,24343048,8.92,C=CC(=O)N1CCC2(CC1)CNC(=O)c1cc(-c3nc(Nc4ccccc4OC)ncc3C)[nH]c12
CHEMBL3747079,16416932,5.02,CC(=O)N1N=C(c2ccccc2)CC1c1ccc(C(=O)OCCn2c([N+](=O)[O-])cnc2C)cc1
CHEMBL5790308,28404266,8.0,N#Cc1cnc2c(Cl)cc(N[C@H](C3=CN(C4CCNCC4)NN3)c3cccs3)cc2c1Nc1ccc(F)c(Cl)c1
CHEMBL5873547,28405511,8.4,COc1nccc2c([C@H](Nc3cc(C#N)c4ncc(C#N)c(NCC(C)(C)C)c4c3)C3=CN(C4(C(F)F)CC4)NN3)cccc12
CHEMBL3360602,14974582,9.11,COc1cc2c(Nc3ccc(F)c(Cl)c3)ncnc2cc1OCCCn1ccnc1[N+](=O)[O-]
CHEMBL3760090,16461816,5.88,COc1cc2c(Nc3ccc(NC(=O)c4ccc(Cl)cc4)cc3)ncnc2cc1OCCCN1CCN(C)CC1
CHEMBL3355886,14983530,7.82,COc1cc2ncnc(Nc3ccc(OCc4cccc(F)c4)c(Cl)c3)c2cc1OCCCCCCn1ccnc1[N+](=O)[O-]
CHEMBL5568662,25955004,6.25,C=CC(=O)Nc1cc2c(Oc3ccc(NC(=O)CCCc4ccc(OC)cc4)cc3F)ncnc2cc1OC
CHEMBL424853,1697619,6.0,Fc1ccc2c(c1)CNc1c(Nc3ccc(F)c(Cl)c3)ncnc1O2
CHEMBL83228,6261313,4.3,COc1ccc(Nc2c(C#N)cnc3cc(OC)c(OC)cc23)cc1OC
CHEMBL5633106,26154064,6.96,C#Cc1cc(C=O)cc(Nc2ncnc3cc(OCCOC)c(OCCOC)cc23)c1
CHEMBL391181,2038911,7.4,COc1cn2ncnc(Nc3ccc4c(cnn4Cc4cccc(F)c4)c3)c2c1CN1CCC(N)CC1
CHEMBL461796,2390205,8.62,CN(C)CCCOC(=O)/C=C/C(=O)Cc1ccc2ncnc(Nc3cccc(Br)c3)c2c1
CHEMBL5894758,27069908,5.26,CN(C)C(=O)N[C@@H]1CCCN(c2cnc(C(N)=O)c(Nc3ccc(C4CCN(C(=O)CC#N)CC4)cc3)n2)C1
CHEMBL242131,1943203,6.15,CN(C)C/C=C/C(=O)Nc1ccc2ncnc(Nc3ccc(Br)cc3F)c2c1
CHEMBL5739768,27653045,6.26,C=CC(=O)N1CC(Nc2nc(Nc3ccc(OC)nc3)ncc2C(C)=O)C1
CHEMBL4646030,27502226,6.779999999999999,N#Cc1cnc2cc(OC[C@@H](O)CO)c(NC(=O)CC3CSSC3)cc2c1Nc1ccc(OCc2cccc(F)c2)c(Cl)c1
CHEMBL320479,6261314,6.13,COc1cc2ncc(C#N)c(Nc3cccc(F)c3)c2cc1OC
CHEMBL6022326,27750638,7.4,C=CC(=O)Nc1cc(Nc2ncc(Cl)c(-c3cnc4c(ccn4C)c3)n2)c(OC)cc1N(C)CCN(CC)CC
CHEMBL6033285,27652766,6.26,C=CC(=O)N1CCc2ccc(Nc3nc(Nc4ccc(OCCOC)cc4)ncc3F)cc21
CHEMBL5782176,27737858,6.26,CCOC(=O)C1CCCC(n2nc(-c3ccc(CNC(=O)c4ccccc4OC)cc3)c3c(N)ncnc32)C1
CHEMBL4209019,18539788,8.14,CN(C)C1CCN(c2ccc(Nc3cc4c(N5CCC(CO)CC5)nc(Nc5ccc(F)cc5)nc4cn3)nc2)CC1
CHEMBL3676353,26587742,7.82,C=CC(=O)Nc1cc2c(Nc3cc(Cl)c(Br)cc3F)ncnc2cc1OCCNC(C)=O
CHEMBL5287477,24987565,8.0,CC(=O)O[C@H]1CC[C@]2(C)[C@H]3CC=C4[C@@H]5CC(C)(C)CC[C@]5(C(=O)OCCCC[N+](=O)[O-])CC[C@@]4(C)[C@]3(C)CC[C@H]2C1(C)CO
CHEMBL5967217,27653093,6.26,C=CC(=O)N1CCC(Nc2nc(Nc3ccc(OC)nc3)ncc2F)C1
CHEMBL4063067,18172261,6.38,CCC(=O)N1CC[C@H](N2C(=O)N(c3cccc(OC)c3Cl)Cc3cnc(Nc4ccc(N5CCN(C)CC5)c(C)c4)nc32)C1
CHEMBL3671489,26587397,7.96,C=CC(=O)Nc1cc2c(Nc3ccc(Br)cc3F)ncnc2cc1OCCCNC(=O)NCC
CHEMBL4089951,18172247,8.12,CCC(=O)N1CC[C@H](N2C(=O)N(c3ccccc3C)Cc3cnc(Nc4ccc(N5CCN(C)CC5)c(C)c4)nc32)C1
CHEMBL3977926,16668428,7.92,CCOc1cc2ncnc(Nc3ccc(OCc4ccccn4)cc3)c2cc1NC(=O)/C=C/CN1CCCC1
CHEMBL3655353,26576618,8.37,N#Cc1cnc2sc3c(c2c1Nc1ccc(Cl)c(Cl)c1)CCN(C(=O)/C=C/CN1CCCOCC1)C3
CHEMBL517127,2390204,8.48,C=CC(=O)C(CCCN1CCOCC1)c1ccc2ncnc(Nc3cccc(Br)c3)c2c1
CHEMBL3814445,16612228,6.82,Fc1ccc(Nc2ncnc3ccc(NC(=S)NCCN4CCOCC4)cc23)cc1Cl
CHEMBL5979972,27652673,5.26,C=CC(=O)Nc1ccc(Nc2nc(Nc3ccccc3)ncc2C)cc1
CHEMBL4072048,17998434,8.48,C=CC(=O)Nc1cccc(-n2c(=O)cc(C)c3cnc(Nc4ccc(N5CC(C)N(C)C(C)C5)cc4OC)nc32)c1
CHEMBL5429838,25691192,7.72,C=CC(=O)Nc1cccc(-c2c(-c3ccncc3)oc3ncnc(NC4CCCC4)c23)c1
CHEMBL5413239,25533346,6.42,CC(C)=CC(=O)Nc1cc(Nc2nccc(-c3cn(C)c4ccccc34)n2)cc2cnn(CCN(C)C)c12
CHEMBL5798721,27653315,7.26,C=CC(=O)N1CCC[C@@H](Nc2nc(Nc3ccc(O[C@H]4CCOC4)cc3)ncc2F)C1
CHEMBL2021576,3126318,7.47,O=C(O)[C@H]1O[C@@H]1C(=O)Nc1ccc2ncnc(Nc3cccc(Br)c3)c2c1
CHEMBL5793411,28404272,6.55,CC(C)(C)OC(=O)N1CCC(N2C=C([C@@H](Nc3cc(Cl)c4ncc(C#N)c(Nc5ccc(F)c(Cl)c5)c4c3)c3cccs3)NN2)CC1
CHEMBL5395370,25533345,6.75,C/C=C/C(=O)Nc1cc(Nc2nccc(-c3cn(C)c4ccccc34)n2)cc2cnn(CCN(C)C)c12
CHEMBL4071827,18243223,8.82,C=CC(=O)Nc1cccc(-c2c[nH]c3nccc(-c4[nH]c(CCCO)nc4-c4ccc(F)cc4)c23)c1
CHEMBL3971413,16668246,7.14,CCOc1cc2ncnc(Nc3ccc4c(cnn4Cc4ccccc4)c3)c2cc1NC(=O)/C=C/CN1[C@H](C)CNC[C@@H]1C
CHEMBL4464404,19029996,8.64,C=CC(=O)Nc1cccc(Oc2nc(Nc3ccc(N4CCOCC4)cc3)nc3[nH]cc(-c4ccncc4)c23)c1
CHEMBL5090133,24413840,5.12,C=CCCN(C)CCN(C)c1cc(OC)c(Nc2nccc(Nc3ccn(C)n3)n2)cc1NC(=O)C=C
CHEMBL3612571,15711397,5.89,COCCn1c(=O)oc2cc3ncnc(Nc4ccc(OCc5ccc(Cl)cc5)c(Cl)c4)c3cc21
CHEMBL3604942,15685172,5.31,C=CC(=O)Nc1cccc(-c2nc(Nc3n[nH]c4ccccc34)cc(N3CCN(C)CC3)n2)c1
CHEMBL109428,6261311,6.74,COc1cc2ncc(C#N)c(Nc3cccc(Cl)c3)c2cc1OC
CHEMBL3904257,16668445,7.8,O=C(/C=C/CN1CCCC1)Nc1cc2c(Nc3ccc(OCc4cccc(F)c4)c(Cl)c3)ncnc2cn1
CHEMBL5811686,28404347,8.4,CC(C)(C)CNc1c(C#N)cnc2c(Cl)cc(N[C@H](C3=CN(C4(C(F)F)CC4)NN3)c3cccc4ncsc34)cc12
CHEMBL215559,1768209,6.94,COCCN1CCC(Oc2cc3c(Nc4cc(Cl)ccc4F)ncnc3cc2OC)CC1
CHEMBL3263960,14652530,5.54,COc1cc2c(Oc3ccc(NS(=O)(=O)c4cccc(-c5ccoc5)c4)cc3F)ccnc2cc1OCCCN1CCOCC1
CHEMBL6013821,27069161,7.26,C=CC(=O)N1CC[C@@H](Nc2nnc(C(N)=O)c(Nc3ccc(C(=O)N4CCOCC4)cc3)n2)C1
CHEMBL3678950,16304502,8.52,CC(C)n1c(Nc2ccc(Br)cc2)nc2cnc(Nc3ccc(N4CCN(C)CC4)cc3)nc21
CHEMBL5875616,28404764,7.96,CC(C)(C)CNc1c(C#N)cnc2c(Cl)cc(N[C@H](C3=CN(C4(C(F)(F)F)CC4)NN3)c3cccn4nccc34)cc12
CHEMBL4762453,22896507,7.79,Fc1c(Nc2ncnc3cc4c(cc23)OCCO4)ccc(Cl)c1Br
CHEMBL2018750,10855807,5.32,COc1cc2ncnc(Nc3ccc(NC(=O)OC(C)C)cc3)c2cc1OC
CHEMBL1272276,3521900,6.52,CN(C)C/C=C/C(=O)N1CCc2c(sc3ncnc(N[C@H](CO)c4ccccc4)c23)C1
CHEMBL5826446,27652829,5.26,C=CC(=O)N(C)Cc1cccc(Nc2nc(Nc3cccc(OC)c3)ncc2F)c1
CHEMBL2385959,13322668,6.34,Cc1ncnc(Nc2ccc(OCc3cccc(F)c3)c(Cl)c2)c1/C=C/c1ccc(CNCCS(C)(=O)=O)o1
CHEMBL5882592,28404896,8.52,CCc1ncccc1[C@H](Nc1cc(Cl)c2ncc(C#N)c(NCC(C)(C)C)c2c1)C1=CN(C2(C(F)F)CC2)NN1
CHEMBL5785047,28403147,8.7,CC(C)(C)CNc1c(C#N)cnc2c(C#N)cc(N[C@H](C3=CN(C4CC4)NN3)c3cccc4c3C(=O)NC4)cc12
CHEMBL3133898,13975585,5.06,C=CC(=O)N1CCc2c(sc3ncnc(Nc4cccc(CC)c4)c23)C1
CHEMBL5077901,24408188,6.42,C=CC(=O)Nc1cccc(-n2c(=O)c(C(C)C)nc3cnc(Nc4ccc(OCCOC)cc4)nc32)c1
CHEMBL210659,1721400,7.17,O=NN(CCCl)C(=O)Nc1ccc2ncnc(Nc3cccc(Cl)c3)c2c1
CHEMBL3671483,26587376,7.44,C=CC(=O)Nc1cc2c(Nc3ccc(Br)cc3F)ncnc2cc1OCC1CCN(C(=O)NCCC)CC1
CHEMBL5975976,28403987,7.85,CC(C)N1C=C([C@@H](Nc2cc(Cl)c3ncc(C#N)c(Nc4ccc(F)c(Cl)c4)c3c2)c2csc(N3CCOCC3)n2)NN1
CHEMBL372293,1601135,6.7,CCc1c(C(=O)N(C)C)cn2ncnc(Nc3ccc4c(cnn4Cc4ccccc4)c3)c12
CHEMBL3931038,16756455,7.01,C=CC(=O)Nc1cccc(Nc2nc(Nc3ccc(-n4ccnc4)cc3)ncc2[N+](=O)[O-])c1
CHEMBL5266823,25066922,7.64,C=CC(=O)N1CCC(C2CCNc3c(C(N)=O)c(-c4cc(OC)c5c(C)csc5c4)nn32)CC1
CHEMBL5966545,27652850,7.26,C=CC(=O)Nc1cccc(Nc2nc(Nc3ccc(OCCOC)nc3)ncc2C(C)=O)c1
CHEMBL3092299,13852020,6.05,O=C(Nc1cc2c(Nc3ccc(F)c(Cl)c3)ncnc2cc1O[C@H]1CCOC1)N1CCCC(F)(F)C1
CHEMBL5903829,27540845,6.05,NC(=O)c1c(-c2ccc(Oc3ccc(Cl)cn3)cc2)nn(C2CCCN(C(=O)/C=C/CF)C2)c1N
CHEMBL2385964,13322673,5.82,Cc1ncc(C#N)c(Nc2ccc(OCc3ccccn3)c(Cl)c2)c1C#Cc1ccc(CNCCS(C)(=O)=O)o1
CHEMBL524115,2390187,9.04,C=CC(=O)Cc1cc2c(Nc3cccc(Br)c3)ncnc2cn1
CHEMBL383614,1697626,6.0,Brc1cccc(Nc2ncnc3c2NCc2cc(Br)ccc2O3)c1
CHEMBL2385977,13322654,6.0,CCOc1cc(N)c(C(=O)Nc2ccc(OCc3ccccn3)c(Cl)c2)cc1NC(=O)c1ccc(CN2CCN(C)CC2)cc1
CHEMBL4790485,22844228,6.33,COCCOc1ccc(Nc2ncnc3cc(OCCCN4CCOCC4)c(NC(=O)c4cc([N+](=O)[O-])ccc4F)cc23)cc1Cl
CHEMBL6015951,28404779,8.7,CC(C)(C)CNc1c(C#N)cnc2c(Cl)cc(N[C@H](C3=CN(C4(C(N)=O)CC4)NN3)c3cccc4ncccc34)cc12
CHEMBL4098587,18052804,7.77,CC(C)(C)OC(=O)NCC(=O)Nc1ccc2ncnc(Nc3ccc(F)c(Cl)c3)c2c1
CHEMBL140,12615143,5.07,COc1cc(/C=C/C(=O)CC(=O)/C=C/c2ccc(O)c(OC)c2)ccc1O
CHEMBL109372,6261321,6.27,COc1cc2ncc(C#N)c(Nc3ccc(F)c(Cl)c3)c2cc1OC
CHEMBL5790882,28404824,8.7,CC(C)(C)CNc1c(C#N)cnc2c(C#N)cc(N[C@H](C3=CN(C4(C#N)CC4)NN3)c3cccc4cnccc34)cc12
CHEMBL4076405,18172276,6.54,CCC(=O)N1CC[C@H](N2C(=O)N(c3cc(OC)ccc3F)Cc3cnc(Nc4ccc(N5CCC(N(C)C)CC5)c(C)c4)nc32)C1
CHEMBL5763826,28404962,8.3,CC(C)(C)CNc1c(C#N)cnc2c(C#N)cc(N[C@H](C3=CN(C4(C(F)(F)F)CC4)NN3)c3ccc(F)c4cnccc34)cc12
CHEMBL3746557,16416926,6.55,CC(=O)N1N=C(c2ccc(C(F)(F)F)cc2)CC1c1ccc(C(=O)OCCn2c([N+](=O)[O-])cnc2C)cc1
CHEMBL95774,125565,7.1,C=CC(=O)Nc1cc2c(Nc3ccc(F)c(Cl)c3)c(C#N)cnc2cc1OCCCN1CCOCC1
CHEMBL5746879,26749631,8.29,O=C1CCc2c(Oc3ccc4c(c3)[C@H]3[C@H](NC(=O)c5ccc(CN6CCn7c(nnc7C(F)(F)F)C6)c(C(F)(F)F)c5)[C@H]3O4)ccnc2N1
CHEMBL5838174,26961268,6.8,CCN(CC)C/C=C/C(=O)N1CCC[C@@H](n2nc(C(=O)Nc3nc4cc(Cl)ccc4o3)c3c(N)ncnc32)C1
CHEMBL5291434,25105717,8.57,CCC(=O)Nc1cc(Nc2ncc(Br)c(Nc3ccc4cc[nH]c4c3)n2)c(OC)cc1N1CCN(C)CC1
CHEMBL5280531,25023161,6.03,FC(F)(F)c1cccc(Nc2ncnc3ccc4c(c23)OCCN4)c1
CHEMBL5882559,27652907,7.26,C=CC(=O)N1CCOc2ccc(Nc3nc(Nc4ccc(OCCOC)cc4)ncc3F)cc21
CHEMBL5956969,28620650,5.92,COc1cc(C2CCN(C)CC2)ccc1Nc1ncc(Cl)c(Nc2ccccc2NS(C)(=O)=O)n1
CHEMBL4646638,20708031,5.23,CC1CCCCN1C/C=C/C(=O)N1CCCOc2cc3ncnc(Nc4ccc(OCc5cccc(F)c5)c(Cl)c4)c3cc21
CHEMBL2437474,13483473,5.09,COc1ccc(-n2c(=O)cnc3cnc(Nc4cccc(N)c4)nc32)cc1
CHEMBL2408826,13380892,5.5,COc1cc(N2CCC(O)CC2)ccc1Nc1ncc(Cl)c(Oc2ccc(COc3no[n+]([O-])c3S(=O)(=O)c3ccccc3)cc2)n1
CHEMBL190651,1495537,6.6,COCC(=O)Nc1ccc2ncnc(Nc3cc(Cl)c(Cl)cc3F)c2c1
CHEMBL4079183,18117557,6.99,O=c1c2ccc(Cl)cc2nc(-c2ccccc2)n1-c1nnc(C2CC2)s1
CHEMBL5861126,28170509,6.29,Cc1cc(Nc2ncnc3cc(OC4CCOC4)cc(OC4CCN(C)CC4(F)F)c23)ccc1Oc1ccn2ncnc2c1
CHEMBL5873524,27652841,6.26,Cc1cccc(Nc2nc(Nc3cccc(NC(=O)/C=C/CN4C[C@@H](C)N[C@@H](C)C4)c3)ncc2F)c1
CHEMBL5562889,25865998,7.46,C=CC(=O)Nc1ccc(OC)c(Nc2cc(-c3c[nH]nc3-c3cccc(OCc4ccc5c(c4)CN(C)C5=O)c3)ccn2)c1
CHEMBL215033,1766880,7.0,COc1cc(Nc2ncnc3ccc(-c4ccc(CNCCS(C)(=O)=O)o4)cc23)ccc1OCc1cccc(F)c1
CHEMBL5979209,28404098,7.58,CC(C)(C)N1CCC(N2C=C([C@@H](Nc3cc(Cl)c4ncc(C#N)c(Nc5ccc(Cl)c(Cl)c5)c4c3)c3cscn3)NN2)CC1
CHEMBL5820547,26961376,7.91,C=CC(=O)N[C@H]1CC[C@H](n2nc(C(=O)Nc3nc4ccccc4o3)c3c(N)ncnc32)CC1
CHEMBL1828865,6358470,5.17,O=C(Cc1ccc(F)cc1)NS(=O)(=O)c1ccccc1
CHEMBL4092491,18052812,5.99,CC(C)[C@@H](NC(=O)OC(C)(C)C)C(=O)Nc1ccc2ncnc(Nc3cccc(C(F)(F)F)c3)c2c1
CHEMBL5175873,24907660,8.67,Cc1cc(Nc2ncnc3ccc(NC(=O)/C=C/CN(C)C)cc23)ccc1Oc1cc2nncn2cn1
CHEMBL5180388,24741574,10.1,CCc1cc(Nc2ncc(Br)c(Nc3ccc4nccnc4c3P(C)(C)=O)n2)c(OC)cc1N1CCC(N2CC(N(C)C)C2)CC1
CHEMBL393787,1951291,6.7,O[C@@H]1CNCCN(Cc2ccn3ncnc(Nc4ccc5c(cnn5Cc5cccc(F)c5)c4)c23)C1
CHEMBL206197,1697609,5.43,Nc1ccc2c(c1)CNc1c(Nc3ccc(F)c(Cl)c3)ncnc1O2
CHEMBL5288888,25078694,10.57,C=CC(=O)N1CCC(Oc2cc3c(Nc4cccc(Cl)c4F)ncnc3cc2O[C@H]2CCOC2)CC1
CHEMBL3908272,16808790,7.07,O=S(=O)(Nc1ncccn1)c1ccc(Nc2nncc3ccccc23)cc1
CHEMBL5928141,27653228,7.26,C=C(C#N)C(O)c1cccc(Nc2nc(Nc3ccc(OCC(C)(C)O)nc3)ncc2F)c1
CHEMBL2408825,13381787,5.96,COc1cc(N2CCN(C)CC2)ccc1Nc1ncc(Cl)c(Oc2ccc(COc3no[n+]([O-])c3S(=O)(=O)c3ccccc3)cc2)n1
CHEMBL5973763,27652931,5.26,C=CC(=O)C1CCOc2ccc(Nc3ncc(F)c(Nc4cccc(Cl)c4)n3)cc21
CHEMBL3604933,15685196,5.72,C=CC(=O)Nc1cccc(Oc2nc(Nc3cc[nH]n3)cc(N3CCN(C)CC3)n2)c1
CHEMBL4755444,22844227,6.57,CN(C)CCOc1ccc(Nc2ncnc3cc(OCCCN4CCOCC4)c(NC(=O)c4cc([N+](=O)[O-])ccc4F)cc23)cc1Cl
CHEMBL2064400,10967437,4.19,O=c1oc2cc3ncnc(NCc4ccccc4)c3cc2n1CCCN1CCOCC1
CHEMBL6063486,28405250,8.4,CC[C@@H](Nc1c(C#N)cnc2c(Cl)cc(N[C@H](C3=CN(C4(C(F)F)CC4)NN3)c3ccc(F)nc3C)cc12)c1ccccc1
CHEMBL4064942,18060662,9.0,CN(C)C(=O)CSc1nc(-c2ccc(F)cc2)c(-c2ccnc(Nc3ccccc3)c2)[nH]1
CHEMBL3092316,13851960,6.41,CCN(CC)CCN(C)C(=O)Nc1cc2c(Nc3ccc(F)c(Cl)c3)ncnc2cc1O[C@H]1CCOC1
CHEMBL3622619,15743410,6.94,C=CC(=O)Nc1cc2c(Nc3ccc(NC(=O)C=C)c(C(F)(F)F)c3)ncnc2cc1OCCOC
CHEMBL3263359,14655699,5.4,Cc1ccc(C2=NN(C3=NC(c4ccccc4)CS3)C(c3cccc4ccccc34)C2)cc1C
CHEMBL247513,2038918,6.96,O=C(CO)NC1CCN(Cc2ccn3ncnc(Nc4ccc5c(cnn5Cc5cccc(F)c5)c4)c23)CC1
CHEMBL5876724,28403372,8.25,COc1c(Cl)cccc1Nc1c(C#N)cnc2c(Cl)cc(N[C@@H](C3=CN(C4CC4)NN3)c3ccc(F)nc3)cc12
CHEMBL4127317,18304105,9.52,C=CC(=O)Nc1cccc(-n2c(=O)n(C(C)C)c(=O)c3cnc(Nc4ccc(N5CCN(C)CC5)cc4OC)nc32)c1
CHEMBL5807051,28403801,8.52,C[C@@H](Nc1c(C#N)cnc2c(Cl)cc(N[C@H](C3=CNNN3)c3csc4c3CCN(C3COC3)C4)cc12)c1ccccc1
CHEMBL3622666,15743445,8.19,O=C(/C=C/CNC1CC1)Nc1cc2c(Nc3ccc(F)c(Cl)c3)ncnc2cc1O[C@H]1CCOC1
CHEMBL5402816,25533386,7.62,CCN(CC)CCn1ncc2cc(Nc3nccc(-c4cn(S(=O)(=O)CC)c5ccccc45)n3)cc(Cl)c21
CHEMBL1095761,3299618,6.7,Nc1nc(Nc2cccc(Br)c2)c2cc(Cc3ccc(Cl)cc3Cl)[nH]c2n1
CHEMBL5744692,28404473,8.7,CC(C)(C)CNc1c(C#N)cnc2c(Cl)cc(N[C@H](C3=CN(C4(C(N)=O)CCC4)NN3)c3cccc4ncsc34)cc12
CHEMBL3929484,16811419,9.57,O=C(CCCCCn1cc(-c2ccc3ncnc(Nc4cccc(Cl)c4F)c3c2)nn1)NO
CHEMBL5780633,27653342,6.26,C=CC(=O)Nc1cccc(Nc2nc(Nc3ccc(OCCOCCNC(=O)OC(C)(C)C)c(F)c3)ncc2F)c1
CHEMBL5631882,26154061,6.23,C=CS(=O)(=O)Oc1cccc(Nc2ncnc3cc(OCCOC)c(OCCOC)cc23)c1
CHEMBL4068092,18060520,7.34,C=CC(=O)NCc1cn(Cc2cccc(Nc3cc(-c4[nH]c(SC)nc4-c4ccc(F)cc4)ccn3)c2)nn1
CHEMBL3786962,16540071,7.89,C=CC(=O)Nc1cccc(Oc2nc(Nc3cnn(C)c3)nc3[nH]ccc23)c1
CHEMBL5181437,24919466,6.85,CCS(=O)(=O)n1cc2c3ccc(cc31)OCCCCCCCCOc1cc(ccc1N1CCOCC1)Nc1ncc(Cl)c-2n1
CHEMBL5187605,24848240,8.17,CN1CCN(c2ccc(-c3ccc4c(c3)C(=O)N(C(C(=O)Nc3nccs3)c3cccc(F)c3)CC4)cc2)CC1
CHEMBL4435699,19168486,7.82,C=CC(=O)Oc1cc2c(Nc3ccc(F)c(Cl)c3)ncnc2cc1OCC
CHEMBL3746168,16416937,5.03,CC(=O)N1N=C(c2ccc(Cl)cc2)CC1c1ccc(C(=O)OC(C)Cn2c([N+](=O)[O-])cnc2C)cc1
CHEMBL3416616,15229702,5.1,Brc1cc2c(NCc3ccccn3)ncnc2s1
CHEMBL5406951,25536011,8.43,CN(c1ncnc2[nH]c(-c3ccc(CO)cc3)cc12)[C@H](CO)c1ccccc1
CHEMBL5879065,28883588,5.97,C=CC(=O)N1CC(Nc2cncc(-c3cnc(Oc4cc(F)cc(F)c4)nc3)n2)C1
CHEMBL3234752,14571464,8.1,Cc1ccc(C(=O)Nc2ccc(CN3CCN(C)CC3)c(C(F)(F)F)c2)cc1NC(=O)c1cnc2[nH]ccc2c1
CHEMBL4531912,19073796,7.89,COc1cc2c(Nc3ccc(F)cc3Cl)ncnc2cc1OCCOCCOCCNC(=O)Cn1cnc([N+](=O)[O-])n1
CHEMBL209343,1721409,8.4,CNc1ccc2ncnc(Nc3cccc(Cl)c3)c2c1
CHEMBL2316155,12615148,5.28,COc1cc(/C=C2\CCC/C(=C\c3ccc(OC)c(O)c3)C2=O)cc(OC)c1
CHEMBL50245,1087769,5.64,CN(C)c1ccc2c(Nc3cccc(Br)c3)ncnc2n1
CHEMBL5991347,28883672,6.68,C=CC(=O)N1CCC(Nc2cncc(-c3cnc(Oc4cccc(Cl)c4)nc3)n2)CC1
CHEMBL3740850,16410650,7.14,C#Cc1cccc(Nc2ncnc3cc(OCCOC(=O)C(C)c4ccc5cc(OC)ccc5c4)c(OCCOC)cc23)c1
CHEMBL3754556,16435160,7.14,O=C(Nc1cc(-c2cncnc2)cc(C(F)(F)F)c1)Nc1nccs1
CHEMBL298637,1077740,6.26,CNc1ccc2c(Nc3cccc(Br)c3)ncnc2n1
CHEMBL4217992,18539781,7.27,CN(C)C1CCN(c2ccc(Nc3cc4c(N5CCOCC5)nc(Nc5ccccc5)nc4cn3)nc2)CC1
CHEMBL5411378,25535986,7.14,COc1ccc(-c2cc3c(N(C)Cc4ccccc4)ncnc3[nH]2)cc1
CHEMBL4228848,18577533,6.89,C=CC(=O)Nc1cccc(NC(=O)Nc2ccnc(Nc3ccc(C(=O)N4CCOCC4)cc3OC)n2)c1
CHEMBL3344216,15130264,8.39,CN(C)[C@H](CS(C)(=O)=O)c1ccc(-c2ccc3ncnc(Nc4ccc(OCc5cccc(F)c5)c(Cl)c4)c3c2)o1
CHEMBL1828860,6358465,5.53,Cc1ncc([N+](=O)[O-])n1CC(=O)NS(=O)(=O)c1ccccc1
CHEMBL6044860,27750614,8.15,C=CC(=O)Nc1cc(Nc2nccc(-c3cnc4c(ccn4C)c3)n2)c(OC)cc1N(C)CCN(C)CC
CHEMBL443523,2390221,9.6,C=CC(=O)Nc1ccc2c(Nc3cccc(Br)c3)ncnc2c1
CHEMBL5762278,27653147,7.26,C=CC(=O)Nc1cccc(Nc2nc(Nc3ccccc3)ncc2C(=O)NC2CC2)c1
CHEMBL445572,1766867,7.05,CS(=O)(=O)CCN(Cc1ccccc1)Cc1ccc(-c2ccc3ncnc(Nc4ccc(OCc5cccc(F)c5)c(Cl)c4)c3c2)o1
CHEMBL5950594,26838985,8.32,CC(C)(C)CNc1ncnc2c(Cl)cc(NC(c3cn(C4CC4)nn3)c3ccccc3Cl)cc12
CHEMBL5820578,28405874,7.54,COc1nccc2c([C@H](Nc3cc(Cl)c4ncc(C#N)c(NCC(C)(C)C)c4c3)C3=CN(C(CF)CF)NN3)cccc12
CHEMBL3751967,16435159,6.32,COc1ccc(-c2cc(NC(=O)Nc3nccs3)cc(C(F)(F)F)c2)cn1
CHEMBL3922182,16895178,8.3,C=CC(=O)N1CC[C@H](Oc2cc3c(Nc4ccc(OCc5ccccn5)c(Cl)c4)ncnc3cc2OC)C1
CHEMBL3759780,16457544,8.22,COc1cc(F)ccc1-c1cc2c(N[C@H](C)c3ccccc3)ncnc2s1
CHEMBL5901840,28170497,5.51,COc1cc(O[C@H]2CCNCC2(F)F)c2c(Nc3ccc(Oc4ccn5ncnc5c4)c(C)c3)ncnc2c1
CHEMBL4795878,24833315,7.75,CN1CCN(c2ccc(Nc3ncc4nc(Nc5ccccc5)n([C@H]5CCN(S(=O)(=O)C6CC6)C5)c4n3)cc2)CC1
CHEMBL454384,2390200,8.57,CCOC(=O)/C=C/C(=O)Cc1ccc2ncnc(Nc3cccc(Br)c3)c2c1
CHEMBL3699612,16338369,7.7,C=CC(=O)Nc1cccc(Nc2nc(Nc3ccc(N4CCCOCC4)cc3OC)ncc2C(F)(F)F)c1
CHEMBL3234748,14571460,7.48,Cc1ccc(C(=O)Nc2ccc(CN3CCN(C)CC3)c(C(F)(F)F)c2)cc1NC(=O)c1cnc(NC2CCCC2)nc1
CHEMBL3752363,16444053,8.89,C=CC(=O)Nc1cccc(-n2c(=O)c(C)cc3cnc(Nc4ccc(N5CCN(C)CC5)cc4OC)nc32)c1
CHEMBL1614725,15774434,9.0,CC(C)(O)CC(=O)NCCn1ccc2ncnc(Nc3ccc(Oc4cccc(C(F)(F)F)c4)c(Cl)c3)c21
CHEMBL3676360,26587763,8.05,C=CC(=O)Nc1cc2c(Nc3cc(Cl)c(Cl)cc3F)ncnc2cc1OCCNC(=O)CN(C)C
CHEMBL5996579,28404536,8.52,Cn1cnc2cccc([C@H](Nc3cc(C#N)c4ncc(C#N)c(NCC(C)(C)C)c4c3)C3=CN(C4(C(F)(F)F)CC4)NN3)c21
CHEMBL3237936,14574808,5.62,COc1cc(N2CCN(C)CC2)ccc1Nc1ncc(Cl)c(Oc2cccc(NC(=O)CCN3CCN(CCO)CC3)c2)n1
CHEMBL3655350,26576606,9.0,CC(C)C(C)C/C=C/C(=O)N1CCc2c(sc3ncnc(Nc4cc(O)cc(Cl)c4)c23)C1
CHEMBL4210744,18456069,5.19,COc1cc(N2CCN(C)CC2)ccc1Nc1ncc(Cl)c(Oc2cccc(N)c2)n1
CHEMBL4776751,22835815,9.3,COc1cc(C(N)=O)ccc1-c1cc2c(N[C@H](CO)c3ccccc3)ncnc2[nH]1
CHEMBL5893933,28333067,5.66,O=C1CCC(N2C(=O)c3ccc(N4CCN(CCCC#Cc5cccc6c5C(=O)N(C(C(=O)Nc5nccs5)c5cc(F)ccc5O)C6)CC4)cc3C2=O)C(=O)N1
CHEMBL2048791,10949884,6.02,O=C1Cc2cc(Oc3ccc(Nc4ncnc5ccn(CCO)c45)cc3Cl)ccc2N1
CHEMBL5874947,27653150,6.26,C=CC(=O)Nc1cccc(Nc2nc(Nc3ccccc3)ncc2C(=O)Nc2ccccc2)c1
CHEMBL4648924,20708021,6.75,CC1CCCCN1C/C=C/C(=O)N1CCOc2cc3ncnc(Nc4ccc(OCc5cccc(F)c5)c(Cl)c4)c3cc21
CHEMBL4097682,18172249,7.14,CCC(=O)N1CC[C@H](N2C(=O)N(c3ccc(F)cc3)Cc3cnc(Nc4ccc(N5CCN(C)CC5)c(C)c4)nc32)C1
CHEMBL6046774,28405172,8.7,CC(C)(C)CNc1c(C#N)cnc2c(C#N)cc(N[C@H](C3=CN(C4(C5CC5)CC4)NN3)c3cccc4ncccc34)cc12
CHEMBL3902845,25066904,8.77,C=CC(=O)N1CCC(C2CCNc3c(C(N)=O)c(-c4ccc(Oc5ccccc5)c(Cl)c4)nn32)CC1
CHEMBL5844276,28405526,8.52,CC(C)(CNc1c(C#N)cnc2c(C#N)cc(N[C@H](C3=CN(C4(C(F)F)CC4)NN3)c3ccc(F)c4ncccc34)cc12)C(F)(F)F
CHEMBL5266798,25018395,7.62,C=CC(=O)Nc1cc(Nc2ncc(C(=O)OC(C)C)c(-c3cn(CC)c4ccccc34)n2)c(OC)cc1N(C)CCN(C)C
CHEMBL5802612,28404200,8.7,N#Cc1cnc2c(Cl)cc(NC(C3=CN(C4CCNCC4)NN3)c3cccnc3)cc2c1Nc1ccc(F)c(Cl)c1
CHEMBL4227278,18577529,7.06,C=CC(=O)Nc1cccc(NC(=O)Nc2ccnc(Nc3ccc(N4CCOCC4)cc3)n2)c1
CHEMBL2337366,12684833,4.08,COc1cccc(Nc2nc(N)nc3[nH]c4cccc(Cl)c4c23)c1
CHEMBL520493,2202713,5.0,N#C/C(=C/c1ccc(O)c(O)c1)C(=O)Nc1ccccc1Cl
CHEMBL5400012,25691193,7.5,C=CC(=O)Nc1cccc(-c2c(-c3ccc(N4CCOCC4)nc3)oc3ncnc(NC4CCCC4)c23)c1
CHEMBL3623286,15745754,8.64,COc1cc2ncnc(Nc3cccc(Cl)c3F)c2cc1OC(=O)N1C[C@@H]2C[C@H]1CN2C
CHEMBL6014788,27652814,7.26,C=CC(=O)Nc1cccc(Nc2nc(Nc3cccc(OCC(=O)N4CCOCC4)c3)ncc2F)c1
CHEMBL5948133,27653099,7.26,C=CC(=O)NCc1cccc(Nc2nc(Nc3ccccc3)ncc2C)c1
CHEMBL4071463,18039964,8.8,C=CC(=O)Nc1cc(Nc2n[nH]c3cc(-c4cccc(F)c4)ccc23)c(OC)cc1N(C)CCN(C)C
CHEMBL4226937,18581462,6.09,CN(C)CCOc1ccc(Nc2ncc3nc(Sc4cccc(F)c4)n(C4CCOCC4)c3n2)cc1
CHEMBL5785311,28405982,5.74,CC(C)(C)CNc1c(C#N)cnc2c(Cl)cc(N[C@H](C3=CN(C4(C(F)(F)F)CC4)NN3)c3cccc4[nH]c(C(F)(F)F)nc34)cc12
CHEMBL5974145,28404296,6.92,N#Cc1cnc2c(Cl)cc(NC(C3=CN([C@@H]4CCN(C(=O)OCc5ccccc5)C4)NN3)c3cccnc3)cc2c1Nc1ccc(F)c(Cl)c1
CHEMBL596964,16894465,7.0,COc1cc2ncnc(NCc3ccc(F)cc3)c2cc1OCCCCCCC(=O)NO
CHEMBL3943512,16668223,7.19,CCC(=O)Nc1cc2c(Nc3ccc(Oc4ccccc4)cc3)ncnc2cc1OC
CHEMBL5412305,25665188,8.47,CC(C)S(=O)(=O)Nc1nc(-c2ccc(F)cc2)c(-c2ccnc(Nc3ccc4c(ccn4CCN(C)C)c3)n2)s1
CHEMBL2426288,13446040,7.02,COc1ccc(NC(=O)/C=C/CN(C)C)cc1Nc1ncc(Cl)c(-c2cnn3ccccc23)n1
CHEMBL300217,1099054,7.28,Nc1ccc2ncnc(Nc3cccc(Br)c3)c2n1
CHEMBL3633775,15774395,6.26,NC(=O)Nc1ccc2ncnc(Nc3ccc(Oc4ccc(Cl)c(Cl)c4)c(Cl)c3)c2c1
CHEMBL6050339,28403570,7.92,N#Cc1cnc2c(Cl)cc(N[C@H](C3=CNNN3)c3cccnc3Cl)cc2c1Nc1cnc(F)c(F)c1
CHEMBL3952157,16739505,8.57,COc1ccc(-c2cc3c(N[C@H](CO)c4ccccc4)ncnc3o2)cc1
CHEMBL4447196,19112702,6.3,COc1ccc(/C=C/C(=O)c2ccc(NC(=O)c3cc4cc5cc(C)ccc5nc4s3)cc2)cc1OC
CHEMBL5987547,26961244,7.64,C=CC(=O)N1CCC[C@@H](n2nc(C(=O)Nc3nc4cc(CCOC)ccc4o3)c3c(N)ncnc32)C1
CHEMBL3759257,16457559,7.68,OCc1ccc(-c2cc3c(Nc4ccccc4)ncnc3s2)cc1
CHEMBL4087525,18172252,6.44,CCC(=O)N1CC[C@H](N2C(=O)N(c3cccc(C)c3)Cc3cnc(Nc4ccc(N5CCN(C)CC5)c(C)c4)nc32)C1
CHEMBL5907540,28404386,8.7,CC(C)(C)CNc1c(C#N)cnc2c(Cl)cc(N[C@H](C3=CN(C4(C)CC4)NN3)c3cccc4ncsc34)cc12
CHEMBL205798,1710028,7.92,CC(=O)Nc1cccc(C#Cc2cncnc2Nc2ccc(OCc3cccc(F)c3)c(Cl)c2)c1
CHEMBL4875985,23256350,8.96,O=C(NO)c1ccccc1Nc1nc(Nc2ccc(OCCN3CCOCC3)cc2)ncc1Cl
CHEMBL5199354,24670267,7.38,C=CC(=O)N1CCC(Oc2nc(Nc3ccc(N4CCN(CCO)CC4)cc3)ncc2Cl)CC1
CHEMBL4441029,19172987,7.28,C=CC(=O)N(c1cccc(Cl)c1F)c1ncnc2cc(OC)c(OCCCN3CCOCC3)cc12
CHEMBL5783525,27737867,5.26,COc1ccccc1C(=O)NCc1ccc(-c2nn(C3CCCC(C(=O)N(C)C)C3)c3ncnc(N)c23)cc1
CHEMBL5948727,28404485,8.7,CC(C)(C)CNc1c(C#N)cnc2c(C#N)cc(N[C@H](C3=CN(C4CC4)NN3)c3cccc4ncccc34)cc12
CHEMBL3237945,14574934,6.04,CCOC(=O)C1=C(N)N(c2cccnc2)C2=C(C(=O)CCC2)C1c1c(C)nn(-c2ccc(C)cc2)c1Cl
CHEMBL4470120,19293674,6.7,CCC/C=C\C(=O)Nc1cc(Nc2ncc(C#N)c(-c3cn(C)c4ccc(F)cc34)n2)c(OC)cc1N(C)CCN(C)C
CHEMBL5746836,28404701,9.0,Cc1nc(F)ccc1[C@H](Nc1cc(Cl)c2ncc(C#N)c(N[C@@H]3CCOCC3(C)C)c2c1)C1=CN(C2(C(F)F)CC2)NN1
CHEMBL2325102,12657582,5.65,NC(=S)N1N=C(c2ccccc2)CC1c1cccc2ccccc12
CHEMBL2425086,13452955,7.82,COc1cc2ncnc(Nc3ccc(F)c(Cl)c3)c2cc1OCCCN1CCC2(COC2)C1
CHEMBL3360612,14974592,7.52,COc1cc2c(Nc3ccc(OCc4cccc(F)c4)c(Cl)c3)ncnc2cc1OCCCn1ccnc1[N+](=O)[O-]
CHEMBL4289682,18765361,6.03,O=C(O)CCCC(=O)Nc1cc(Nc2ccc(Cl)cc2)ncn1
CHEMBL4060383,18029896,4.7,Nc1nc(N)c2c(n1)[nH]c1cccc(Sc3ccc4ccccc4c3)c12
CHEMBL3805681,16588587,7.66,Clc1cccc(Nc2ncnc3cc(OCCCN4CCOCC4)c4c(c23)OCCO4)c1
CHEMBL5613746,26111499,4.89,COc1ccc(/C=N/NC(=O)Cc2csc3nc(-c4ccc(C#N)cc4)cn23)cc1
CHEMBL3671559,26587610,6.89,C=CC(=O)Nc1cc2c(Nc3ccc(Br)cc3F)ncnc2cc1OC1CCCN(C(C)=O)C1
CHEMBL178306,2390158,5.0,O=C(Nc1cccc(C(F)(F)F)c1)Nc1ncnc2nn3ccccc3c12
CHEMBL5934357,27652976,7.26,C=CC(=O)Nc1cccc(Nc2nc(Nc3cccc(OCCN4CCCC4=O)c3)ncc2F)c1
CHEMBL4086878,18060525,8.0,C=CC(=O)Nc1ccc(OC)c(Nc2cc(-c3[nH]c(SC)nc3C)ccn2)c1
CHEMBL5887926,28404926,8.05,Cc1nc(F)ccc1[C@H](Nc1cc(C#N)c2ncc(C#N)c(NCC(C)(C)c3ccccc3)c2c1)C1=CN(C2(C(F)(F)F)CC2)NN1
CHEMBL5266785,25066907,5.33,C=CC(=O)N1CCC(C2CCNc3c(C(N)=O)c(-c4cc(OC)c(Oc5ccccc5)c(OC)c4)nn32)CC1
CHEMBL4794073,22835833,8.89,COC[C@@H](Nc1ncnc2[nH]c(-c3ccccc3OC(F)F)cc12)c1ccccc1
CHEMBL5277739,25078704,9.09,CN(C)C/C=C/C(=O)N1CCC(Oc2cc3c(Nc4ccc(Cl)c(Cl)c4F)ncnc3cc2O[C@H]2CCOC2)CC1
CHEMBL3355875,14983519,9.33,COc1cc2ncnc(Nc3ccc(F)c(Cl)c3)c2cc1OCCCCn1ccnc1[N+](=O)[O-]
CHEMBL3676340,26587703,7.66,C=CC(=O)Nc1cc2c(Nc3c(F)cc(Br)cc3F)ncnc2cc1OCCNC(C)=O
CHEMBL5279636,25089031,7.16,COc1cc(/C=C2\CN(C)C/C(=C\c3cc(OC)c(OC)c(OC)c3Br)C2=NO)c(Br)c(OC)c1OC
CHEMBL4213400,18450557,7.11,CC(C)C(CO)Nc1nc(Nc2ccc(N3CCNCC3)cc2)c2ncn(C(C)C)c2n1
CHEMBL4790655,22844304,8.52,O=C(Nc1cc2c(Nc3ccc(F)c(Cl)c3)ncnc2cc1OCCCN1CCOCC1)c1ccccc1F
CHEMBL5270693,25098093,10.7,COc1cc(N2CCC(N(C)C)CC2)ccc1Nc1ncc(C(=O)Oc2ccccc2)c(-c2c[nH]c3ccccc23)n1
CHEMBL5418390,25533422,7.62,CCS(=O)(=O)n1cc(-c2ccnc(Nc3ccc4c(ccn4CCN(C)C)c3)n2)c2ccccc21
CHEMBL3752370,16435156,7.74,O=C(Nc1ccncc1)Nc1cc(-c2cncnc2)ccc1OC(F)(F)F
CHEMBL5744664,28404155,8.7,CCN1CCC(N2C=C([C@@H](Nc3cc(Cl)c4ncc(C#N)c(Nc5ccc(F)c(Cl)c5)c4c3)c3cscc3Cl)NN2)CC1
CHEMBL5952214,27070088,5.26,CN(C)C(=O)N[C@@H]1CCCN(c2cnc(C(N)=O)c(Nc3ccc(C4CCN(C(=O)C5CC5)CC4)cc3)n2)C1
CHEMBL3774982,16499798,6.08,O=C1COc2cc3ncnc(Nc4cccc(C(F)(F)F)c4)c3cc2N1CCCN1CCOCC1
CHEMBL304929,19218795,7.72,C#Cc1cccc(Nc2ncnc3cc(OC)c(OC)cc23)c1
CHEMBL4088760,18048484,7.45,S=C(Nc1ccc(Br)cc1)Nc1ccc2ncnc(Nc3cccc(Br)c3)c2c1
CHEMBL3403509,15175259,6.79,COc1ccc(N(C)c2nc(C)nc3oc(C)cc23)c(OC)c1
CHEMBL5183329,24871167,4.47,COc1cc2ncnc3c2cc1OCCOCCOc1cccc(c1)N3
CHEMBL5832640,28403237,6.93,CCN1CCc2ccc([C@H](Nc3cc(Cl)c4ncc(C#N)c(Nc5ccc(F)c(Cl)c5)c4c3)C3=CN(C(C)C)NN3)cc2C1
CHEMBL4283061,18765250,7.57,CCOC(=O)CCCC(=O)Nc1cc(Nc2cccc(Cl)c2)ncn1
CHEMBL5768513,28404821,8.7,Cc1nc(F)ccc1[C@H](Nc1cc(Cl)c2ncc(C#N)c(NCC(C)(C)C)c2c1)C1=CN([C@@H]2C[C@@H]2F)NN1
CHEMBL3980793,16895226,8.42,C=CC(=O)N1CC[C@H](Oc2cc3c(Nc4ccc(F)c(Cl)c4F)ncnc3cc2OC)C[C@H]1C(=O)NCCOC
CHEMBL3938494,16847209,7.82,COc1cc2c(Nc3ccc(NC(=O)Nc4ccccc4C)c(Cl)c3)ncnc2cc1OCCCN1CCN(C)CC1
CHEMBL5819792,27652967,7.26,C=C(C#N)C(O)c1ccc(Nc2nc(Nc3ccccc3)ncc2F)cc1
CHEMBL3085375,2047167,7.48,COc1cc2ncnc(C#C[C@@](C)(Cc3ccccc3)N3CCC(C(=O)O)CC3)c2cc1OC
CHEMBL3758768,16457569,7.85,COc1cc(CO)ccc1-c1cc2c(Nc3ccccc3)ncnc2s1
CHEMBL3674150,16328233,8.26,CC(C)n1c(Nc2ccccc2)nc2cnc(Nc3ccc(C(=O)NN4CCN(C)CC4)cc3F)nc21
CHEMBL5185287,24824809,7.7,CNc1ncc(C(C)C)c2cc(Nc3ccnc(N4CC[C@@H](O)[C@@](C)(F)C4)n3)ncc12
CHEMBL4074766,18039955,6.33,C=CC(=O)Nc1cc(Nc2n[nH]c3ccccc23)c(OC)cc1N(C)CCN(C)C
CHEMBL5846269,26961364,7.75,C=CC(=O)N1CCCC(Cn2nc(C(=O)Nc3nc4ccccc4o3)c3c(N)ncnc32)C1
CHEMBL5278657,25098083,9.17,CCOC(=O)c1cnc(Nc2ccc(N3CCN(C)CC3)cc2OC)nc1-c1cn(C)c2ccccc12
CHEMBL516365,2390166,8.77,C=CC(=O)Nc1cc2c(Cc3cccc(Br)c3)ncnc2cc1OCCCN1CCC(C)CC1
CHEMBL4436695,19122077,8.3,C=CC(=O)Nc1cc2c(Nc3ccc(F)c(Cl)c3)ncnc2cc1OCc1cn(Cc2ccc(OC)cc2)nn1
CHEMBL5172245,24902268,8.22,O=C(CCCCl)Nc1ccc2ncnc(Nc3ccc4c(ccn4Cc4cccc(F)c4)c3)c2c1
CHEMBL5885640,28403357,7.4,N#CCC[C@@H](Nc1c(C#N)cnc2c(Cl)cc(NC(C3=CN(C4CC4)NN3)c3ccc(F)nc3)cc12)c1ccccc1
CHEMBL5770582,28405730,9.0,Cn1ccc2c([C@H](Nc3cc(C#N)c4ncc(C#N)c(NCC(C)(C)C(F)(F)F)c4c3)C3=CN(C45CC(C4)C5)NN3)cccc2c1=O
CHEMBL3098326,13868169,4.42,COc1cc2nc(Cl)nc(Nc3ccc(NC(C)=O)cc3)c2cc1OC
CHEMBL323900,6261335,5.18,COc1cc2ncc(C#N)c(Nc3ccc(Br)cc3)c2cc1OC
CHEMBL3905552,16847212,6.17,COc1cc2c(Nc3ccc(NC(=O)Nc4ccc(C)c(C)c4)cc3)ncnc2cc1OCCCN1CCN(C)CC1
CHEMBL5886334,27069878,5.26,CN(C)C(=O)N[C@@H]1CCCN(c2cnc(C(N)=O)c(Nc3ccc(S(C)(=O)=O)cc3)n2)C1
CHEMBL1944929,8025253,4.18,C=CCn1c(N)c(C(=O)N/N=C/c2cccs2)sc1=S
CHEMBL4873600,23250031,6.32,COc1cc(N2CCN(C(C)=O)CC2)ccc1Nc1ncc(Cl)c(Nc2cccc(NC(=O)c3cccc(S(=O)(=O)F)c3)c2)n1
CHEMBL234577,1951295,6.89,CN1CCCN(Cc2ccn3ncnc(Nc4ccc5c(cnn5Cc5cccc(F)c5)c4)c23)CC1
CHEMBL3943438,16739503,7.85,COC[C@@H](Nc1ncnc2oc(-c3ccc(OC)cc3)cc12)c1ccccc1
CHEMBL6065436,28403177,7.77,CC(C)N1C=C([C@@H](Nc2cc(Cl)c3ncc(C#N)c(Nc4cnc(F)c(F)c4)c3c2)c2cccc3c2CCN3)NN1
CHEMBL4800367,22814387,8.82,C=CCn1cc(-c2ccnc(Nc3cc(NC(=O)C=C)c(N(C)CCN(C)C)cc3OC)n2)c2ccccc21
CHEMBL6060784,28404797,8.7,Cc1n[nH]c2cccc([C@H](Nc3cc(C#N)c4ncc(C#N)c(NCC(C)(C)C)c4c3)C3=CN(C4(C(F)F)CC4)NN3)c12
CHEMBL5934098,26749745,8.96,CN1CCN(Cc2ccc(C(=O)N[C@@H]3[C@H]4Oc5ccc(Oc6ccnc7c6CCC(=O)N7)cc5[C@@H]34)cc2Br)CC1
CHEMBL3805218,16588546,7.59,Fc1ccc(Nc2ncnc3cc(OCCCN4CCOCC4)c4c(c23)OCCO4)cc1Cl
CHEMBL379041,1697664,5.05,Fc1ccc2c(c1)CNc1c(NCc3ccccc3)ncnc1O2
CHEMBL5286080,25105723,8.08,C=CC(=O)Nc1cc(Nc2nccc(Nc3ccc4c(ccn4C)c3)n2)c(OC)cc1N1CCN(C)CC1
CHEMBL381080,1710023,7.3,CS(=O)(=O)CCC(=O)Nc1cccc(C#Cc2cncnc2Nc2ccc(OCc3cccc(F)c3)c(Cl)c2)c1
CHEMBL5190204,24833327,8.4,CCC1CCN(c2ccc(-c3cc(F)c4c(c3)C(=O)N(C(C(=O)Nc3nccs3)c3ncn5c3CCC5)C4)cc2)CC1
CHEMBL5914586,27737603,5.26,COc1c(F)cccc1C(=O)NCc1ccc(-c2nn(C3CCCC3)c3ncnc(N)c23)cc1
CHEMBL5900455,28404044,7.48,N#Cc1cnc2c(Cl)cc(N[C@H](C3=CN(C4COC4)NN3)c3ccc(Cl)nc3Cl)cc2c1Nc1ccc(F)c(Cl)c1
CHEMBL4515673,19073803,7.68,COc1cc2c(Nc3ccc(F)cc3Cl)ncnc2cc1OCCOCCNC(=O)Cn1cnc([N+](=O)[O-])n1
CHEMBL3357653,15112232,7.95,CCOc1cc2ncnc(Nc3ccc(OCC4CC4)c(Cl)c3)c2cc1NC(=O)/C(F)=C\CN(C)C
CHEMBL6006898,28405121,7.89,CN(C)c1ccc([C@@H](Nc2cc(Cl)c3ncc(C#N)c(NCC(C)(C)C)c3c2)C2=CN(C3CC3)NN2)cn1
CHEMBL4250191,18676740,7.81,COc1ccc(N(C)c2ncnc3occ(C)c23)cc1
CHEMBL3804886,16588588,7.08,Fc1cccc(Nc2ncnc3cc(OCCCN4CCOCC4)c4c(c23)OCCO4)c1
CHEMBL4462971,19112703,6.16,COc1ccc2nc3sc(C(=O)Nc4ccc(C(=O)/C=C/c5ccc(OC)c(OC)c5)cc4)cc3cc2c1
CHEMBL3087196,13826565,7.54,C=CC(=O)N1CC[C@H](N2C(=O)N(c3ccccc3)Cc3cnc(Nc4ccc(N5CCN(C)CC5)cc4)nc32)C1
CHEMBL5270938,25078700,8.92,C=CC(=O)N1CCC(Oc2cc3c(Nc4ccc(OCc5ccccn5)c(Cl)c4)ncnc3cc2O[C@H]2CCOC2)CC1
CHEMBL5755043,28517231,5.98,C=CC(=O)N(C)C1CCN(c2nc(Nc3cnn(C)c3)c3c(c2F)CNC3=O)C1
CHEMBL5873371,28405529,9.0,CC(C)(CNc1c(C#N)cnc2c(C#N)cc(N[C@H](C3=CN(C45CC(C4)C5)NN3)c3ccc(F)c4ncccc34)cc12)C(F)(F)F
CHEMBL39337,1046188,9.36,Brc1cccc(Nc2ncnc3cc4[nH]ncc4cc23)c1
CHEMBL3967512,16756452,8.48,C=CC(=O)Nc1cccc(Nc2nc(Nc3ccc(Cn4ccnc4)cc3)ncc2Cl)c1
CHEMBL5289059,25105755,8.06,C=CC(=O)Nc1cc(Nc2ncc(Br)c(Nc3ccc4cc[nH]c4c3)n2)ccc1N(C)CCN(C)C
CHEMBL5265797,25066908,5.61,C=CC(=O)N1CCC(C2CCNc3c(C(N)=O)c(-c4cc(C)c(C)c(C)c4)nn32)CC1
CHEMBL4286241,19408328,7.17,C=CC(=O)Nc1cccc(-n2c(=O)c(=O)n(C(C)C)c3cnc(Nc4ccc(OCCN(C)C)cc4OC)nc32)c1
CHEMBL5282956,25066928,7.75,C=CC(=O)Nc1ccccc1C1CCNc2c(C(N)=O)c(-c3cc(OC)c(C)c(OC)c3)nn21
CHEMBL3896615,16847214,6.3,COc1cc2c(Nc3ccc(NC(=O)Nc4cccc(Cl)c4)cc3)ncnc2cc1OCCCN1CCN(C)CC1
CHEMBL5208454,24902243,9.14,O=C(CCCl)Nc1ccc2ncnc(Nc3ccc4[nH]cc(Br)c4c3)c2c1
CHEMBL5763277,28403288,8.52,CC(C)(C)CNc1c(C#N)cnc2c(C#N)cc(N[C@H](C3=CN(C4(C(F)(F)F)CC4)NN3)c3cccc4ncsc34)cc12
CHEMBL6040102,28405457,7.05,Cc1nc(F)ccc1[C@H](Nc1cc(Cl)c2ncc(C#N)c(NCC3(C)COC3)c2c1)C1=CN(C2(C(F)(F)F)CC2)NN1
CHEMBL5831945,28405829,7.89,CC(C)(C)CNc1c(C#N)cnc2c(Cl)cc(N[C@H](C3=CN(C4(C(F)(F)F)CC4)NN3)c3cccc4c(Cl)nccc34)cc12
CHEMBL5202945,24749176,8.4,CCN1CCN(c2ccc(-c3cc(Cl)c4cn(C(C(=O)Nc5nccs5)c5ncn6c5C[C@@H](F)C6)nc4c3Cl)cc2)CC1
CHEMBL5195912,24848241,8.49,CN1CCC(c2ccc(-c3ccc4c(c3)C(=O)N(C(C(=O)Nc3nccs3)c3cccc(F)c3)CC4)cc2)CC1
CHEMBL1080272,3222536,4.82,O=C(NCCN1CCCC1)c1cc2cnnc(Nc3ccc(OCc4cccc(F)c4)c(Cl)c3)c2[nH]1
CHEMBL3586179,15628372,5.01,O=C1N=C(N2CCC[C@H]2C(=O)Nc2ccc3ncnc(Nc4cccc(Cl)c4)c3c2)S/C1=C/c1cccnc1
CHEMBL5885178,27737696,6.26,COc1ccccc1C(=O)NCc1ccc(-c2nn(C3CCC4(C3)OCCO4)c3ncnc(N)c23)cc1
CHEMBL5862663,27072023,5.26,NC(=O)c1nnc(N2CCC[C@@H](NC(=O)N3CCCCC3)C2)nc1Nc1ccc(C2CCN(C=O)CC2)cc1
CHEMBL3613695,15698599,5.32,NC(=O)c1cnc2ccc(C(=O)/C=C/c3ccc(Cl)cc3)cc2c1Nc1ccc(Br)cc1
CHEMBL5867757,28403390,8.309999999999999,N#CC[C@@H](Nc1c(C#N)cnc2c(C#N)cc(N[C@@H](C3=CN(C4CC4)NN3)c3ccc(F)nc3)cc12)c1ccccc1
CHEMBL5402031,25533375,7.89,CCN(CC)CCn1ncc2cc(Nc3nccc(-c4cn(S(=O)(=O)CC)c5ccccc45)n3)cc(NC(C)=O)c21
CHEMBL5178707,24902222,8.53,Nc1ccc2ncnc(Nc3ccc4[nH]ncc4c3)c2c1
CHEMBL5172573,24848248,9.05,CN1CCN(c2ccc(-c3ccc4ncn(C(C(=O)Nc5nccs5)c5ccccc5)c(=O)c4c3)cc2)CC1
CHEMBL3908303,16739518,7.96,C[C@@H](Nc1ncnc2oc(-c3ccccc3)cc12)c1ccccc1
CHEMBL5779745,26750291,8.72,CC1CN(Cc2ccc(C(=O)N[C@@H]3[C@H]4Oc5ccc(Oc6ccnc7c6CCC(=O)N7)cc5[C@@H]34)cc2C(F)(F)F)CC(C)N1C(=O)OC(C)(C)C
CHEMBL3327179,15118452,5.32,N#CC1=C(N)N(c2cccnc2)C2=C(C(=O)CCC2)C1c1cc2ccccc2n2nnnc12
CHEMBL3906533,16808785,8.36,CCOC(=O)c1ccc(Nc2nncc3ccccc23)cc1
CHEMBL5895402,26839093,7.55,Fc1ccc(Nc2ncnc3c(Cl)cc(NC(c4ccccc4)c4cn(C5CCNCC5)nn4)cc23)cc1Cl
CHEMBL202162,1677866,5.29,CCN(CC)CCOc1c(C(=O)OC)c2c3c(oc2c2ccccc12)C(=O)c1ccccc1C3=O
CHEMBL5082074,24413782,6.84,C=CC(=O)Nc1cc(Nc2nccc(Nc3cn(C)c4ccccc34)n2)c(OC)cc1N(C)CCN(C)Cc1ccc(Br)cc1
CHEMBL2325100,12657556,7.22,Cc1ccc(C2=NN(c3ccccc3)C(c3ccc4ccccc4c3)C2)cc1
CHEMBL2426280,13446048,6.11,COc1cc(N2CCN(C(C)=O)CC2)ccc1Nc1ncc(Cl)c(-c2c[nH]c3ccccc23)n1
CHEMBL5271106,25089039,7.3,CCN(CC)CCON=C1/C(=C/c2cc(OC)c(OC)c(OC)c2Br)CN(C)C/C1=C\c1cc(OC)c(OC)c(OC)c1Br
CHEMBL2032377,10883992,8.21,C=CC(=O)Nc1cccc(N2C(=O)N(C)Cc3cnc(Nc4ccc(N(C)C)cc4OC)nc32)c1
CHEMBL460743,2390207,8.96,CN(C)CCCNC(=O)/C=C/C(=O)Cc1cc2c(Nc3cccc(Br)c3)ncnc2cn1
CHEMBL4289490,18722896,8.59,C=C=CC(=O)Nc1cc(Nc2nccc(-c3cn(C)c4cc(Cl)ccc34)n2)c(OC)cc1N(C)CCN(C)C
CHEMBL6050257,28405709,8.7,CC(C)(C)CNc1c(C#N)cnc2c(C#N)cc(N[C@H](C3=CN(C4(C(F)F)CC4)NN3)c3cccc4c(=O)[nH]ccc34)cc12
CHEMBL4534611,18945170,8.18,COc1cc2ncnc(Nc3ccc(F)c(Cl)c3)c2cc1OCCCN1CCNCCNCCNCC1
CHEMBL3416441,15229693,6.59,Fc1cccc(COc2ccc(Nc3ncnc4sc(Br)cc34)cc2Cl)c1
CHEMBL3219134,14533900,7.27,C=CC(=O)Nc1cccc(N2C(=O)C(Cc3ccc(OC)cc3)N(C)C(=O)c3cnc(Nc4ccc(N5CCN(C)CC5)cc4OC)nc32)c1
CHEMBL6024052,26768611,8.37,COc1cc2ncnc(Nc3ccc(F)c(Cl)c3)c2cc1NC(=O)/C=C/CN1C[C@@H]2OCCO[C@H]2C1
CHEMBL5964531,28404497,8.52,Cc1nc(F)ccc1[C@H](Nc1cc(C#N)c2ncc(C#N)c(NCC(C)(C)C)c2c1)C1=CN(C2(C(F)(F)F)CC2)NN1
CHEMBL4130016,18304104,8.85,C=CC(=O)Nc1cccc(-n2c(=O)n(CCCc3ccccc3)c(=O)c3cnc(Nc4ccc(N5CCC(N(C)C)CC5)cc4OC)nc32)c1
CHEMBL3087207,13826575,6.69,C=CC(=O)N1CCC[C@H](N2C(=O)N(Cc3ccccc3)Cc3cnc(Nc4ccc(N5CCN(C)CC5)cc4OC)nc32)C1
CHEMBL4090582,18243240,6.44,CN(C)C/C=C/C(=O)NCc1cccc(-c2nc(-c3ccc(F)cc3)c(-c3ccnc4[nH]c(-c5ccccc5)cc34)[nH]2)c1
CHEMBL4059772,18117870,7.85,C=CC(=O)Nc1cccc(Nc2nc(Nc3ccc(/C=C/c4cc(Cl)cc(Cl)c4)cc3)ncc2F)c1
CHEMBL4225565,18581465,6.28,CN1CCN(c2ccc(Nc3ncc4nc(Sc5ccccc5)n([C@H]5CC[C@H](O)CC5)c4n3)cc2)CC1
CHEMBL5517918,25866174,6.64,C=CC(=O)N1C[C@@H](n2cc(-c3ccncc3)c(-c3cccc(OCc4ccc5c(c4)CN(C)C5=O)c3)n2)C[C@@H]1C
CHEMBL5423464,25533396,7.0,CN(C)CCn1ccc2cc(Nc3ncc([N+](=O)[O-])c(-c4cn(C)c5ccccc45)n3)ccc21
CHEMBL5927848,28404833,8.4,Cc1nc(F)ccc1[C@H](Nc1cc(C#N)c2ncc(C#N)c(N[C@H](C)C(C)(C)C)c2c1)C1=CN(C2(C(F)(F)F)CC2)NN1
CHEMBL4103201,18189826,8.7,C=CC(=O)N1CCC[C@@H](n2nc(-c3cnc4[nH]ccc4c3)c3c(N)ncnc32)C1
CHEMBL3360605,14974585,8.84,COc1cc2c(Nc3ccc(F)c(Cl)c3)ncnc2cc1OCCCCCCn1ccnc1[N+](=O)[O-]
CHEMBL203219,1697604,5.47,Brc1cccc(Nc2ncnc3c2NCc2ccccc2O3)c1
CHEMBL3775897,16499785,6.34,Cc1cccc(Nc2ncnc3cc4c(cc23)N(CCCN2CCCCC2)C(=O)CO4)c1
CHEMBL248114,2038907,7.72,Cc1cncc(Cn2ncc3cc(Nc4ncnn5ccc(CN6CCC(N)CC6)c45)ccc32)c1
CHEMBL116308,870961,6.45,O=[N+]([O-])c1cccc2ncnc(Nc3cccc(Br)c3)c12
CHEMBL204467,1710014,7.48,OCc1ccc(C#Cc2cncnc2Nc2ccc(OCc3cccc(F)c3)c(Cl)c2)o1
CHEMBL3671524,26587502,7.5,C=CC(=O)Nc1cc2c(Nc3ccc(Br)cc3F)ncnc2cc1OCCNC(=O)CCC
CHEMBL5170278,24749165,6.94,Nc1ccc(C#Cc2cc(F)c3c(c2)C(=O)N(C(C(=O)Nc2nccs2)c2ncn4c2CCC4)C3)cn1
CHEMBL3962365,16668426,7.64,CCOc1cc2ncnc(Nc3ccc(OCc4cccc(F)c4)c(Cl)c3)c2cc1NC(=O)/C=C/CN1CCCC1
CHEMBL5846813,26839069,8.8,Cc1c(C#N)cccc1[C@H](Nc1cc(Cl)c2ncnc(NCC(C)(C)C)c2c1)c1cn(C2(C(F)F)CC2)nn1
CHEMBL5870222,26749682,9.15,CCN1CCN(Cc2ccc(C(=O)N[C@@H]3[C@H]4Oc5ccc(Oc6ccnc7c6CCC(=O)N7)cc5[C@@H]34)cc2Cl)CC1
CHEMBL5570716,25954989,5.58,CCCC(=O)Nc1cc2c(Oc3ccc(NC(=O)CCCc4ccccc4)cc3F)ncnc2cc1OC
CHEMBL54471,1144128,6.06,Cc1ccc(C(=O)/C(C#N)=C/c2ccc(O)c(O)c2)cc1
CHEMBL6050653,28404818,8.7,CC(C)(C)CNc1c(C#N)cnc2c(C#N)cc(N[C@H](C3=CN(C4(C)CC4)NN3)c3cccc4ncccc34)cc12
CHEMBL2064374,10967416,5.24,CCOC(=O)c1ccc(Nc2ncnc3cc4oc(=O)n(CCCN5CCOCC5)c4cc23)cc1
CHEMBL3092315,13852029,6.55,CN(C)CCN(C)C(=O)Nc1cc2c(Nc3ccc(F)c(Cl)c3)ncnc2cc1O[C@H]1CCOC1
CHEMBL4591327,18923665,6.1,CC(C)(O)Cn1/c(=N/C(=O)c2cc(F)cc(-c3cccnc3)c2)[nH]c2ccccc21
CHEMBL4864983,23299083,6.36,C=CC(=O)N1CCCC[C@H]1c1nc(-c2ccc(C(=O)Nc3cc(C(F)(F)F)ccn3)cc2)c(C(N)=O)n1N
CHEMBL3263965,14652535,6.24,COc1cc2c(Oc3ccc(NS(=O)(=O)c4cc(-c5ccsc5)ccc4F)cc3F)ccnc2cc1OCCCN1CCN(C)CC1
CHEMBL3612580,15711406,5.12,CCOC(=O)CCCn1c(=O)oc2cc3ncnc(Nc4ccc(OC)cc4)c3cc21
CHEMBL1829272,6358492,4.58,Cc1ccc(S(=O)(=O)NC(=O)Cc2cccc(Br)c2)cc1
CHEMBL4075530,18048475,8.05,Oc1ccc(NC(=S)Nc2ccc3ncnc(Nc4cccc(Br)c4)c3c2)cc1
CHEMBL5574232,25979166,9.8,CN(C)C/C=C/C(=O)Nc1ccc2ncnc3c2c1CCN3c1ccc(F)c(Cl)c1
CHEMBL4538707,19168499,7.36,CCOc1cc2ncnc(Nc3ccc(F)c(Cl)c3)c2cc1NC(=O)COC(=O)c1c(C)cccc1C
CHEMBL5556548,25865968,6.77,C=CC(=O)NCCn1cc(-c2ncnc3cc(OC)c(OC)cc23)c(-c2cccc(OC)c2)n1
CHEMBL3735474,16390284,6.0,CO[C@H]1CCN(c2nccc(Nc3cc4c(cn3)nc(CO)n4C(C)C)n2)CC1(F)F
CHEMBL5418732,25535996,9.1,CCN(Cc1ccccc1)c1ncnc2[nH]c(-c3ccc(CO)cc3)cc12
CHEMBL3982289,16666121,7.72,O=C(CCl)OCCn1c(=O)oc2cc3ncnc(Nc4ccc(N5CCOCC5)c(Cl)c4)c3cc21
CHEMBL5414782,25665185,8.49,CC(=O)Nc1nc(-c2ccc(F)cc2)c(-c2ccnc(Nc3ccc4c(ccn4CCN(C)C)c3)n2)s1
CHEMBL111688,6261337,6.8,COc1cc2ncc(C#N)c(Nc3ccc(F)c(C(F)(F)F)c3)c2cc1OC
CHEMBL3622679,15743432,8.19,C#Cc1cccc(Nc2ncnc3cc(O[C@H]4CCOC4)c(NC(=O)/C=C/CNC(C)C)cc23)c1
CHEMBL2029437,10883644,8.87,C=CC(=O)Nc1cccc(N2C(=O)N(c3ccc4ccccc4c3)Cc3cnc(Nc4ccc(N5CCN(C)CC5)cc4OC)nc32)c1
CHEMBL5408586,25691121,7.36,C=CC(=O)Nc1cccc(-c2c(-c3ccccc3)oc3ncnc(N[C@H](CO)C(C)C)c23)c1
CHEMBL4448162,19172990,9.0,COc1cc2ncnc(Nc3ccc(Cl)c(Cl)c3)c2cc1OCCCN1CCOCC1
CHEMBL3734877,16390279,5.63,COC1CCN(c2nccc(Nc3cc4c(cn3)nc(CO)n4C(C)C)n2)CC1
CHEMBL5825244,26941030,6.98,C=CC(=O)Nc1cc(Nc2ncc3ccc(C)n3n2)c(OC)cc1N(C)CCN(C)C
CHEMBL5815927,28404899,8.52,Cn1ncc2cccc([C@H](Nc3cc(C#N)c4ncc(C#N)c(NCC(C)(C)C)c4c3)C3=CN(C4(C(F)F)CC4)NN3)c21
CHEMBL1958219,8049023,5.22,COc1ccc(C2=NN(C3=NC(=O)CS3)C(c3ccc(F)cc3)C2)cc1
CHEMBL6060856,28405769,8.52,CC(C)(CNc1c(C#N)cnc2c(C#N)cc(N[C@H](C3=CN(C4(C5CC5)CC4)NN3)c3cccc4ncccc34)cc12)C(F)(F)F
CHEMBL5909441,28404284,7.37,CCN1CCC(N2C=C(C(Nc3cc(Cl)c4ncc(C#N)c(Nc5ccc(F)c(Cl)c5)c4c3)C3=CN(C)NN3)NN2)CC1
CHEMBL4204937,18456110,5.68,COc1cc(N2CCN(C)CC2)ccc1Nc1ncc(Cl)c(Oc2cccc(NC(=O)CCOCc3ccccc3)c2)n1
CHEMBL2403108,19158943,7.55,Cc1cc(Nc2ncc(Cl)c(Nc3ccccc3S(=O)(=O)C(C)C)n2)c(OC(C)C)cc1C1CCNCC1
CHEMBL204164,1697605,5.31,C=CC(=O)Nc1ccc2c(c1)CNc1c(Nc3ccc(F)c(Cl)c3)ncnc1O2
CHEMBL3758889,16457578,7.39,C[C@@H](Nc1ncnc2sc(-c3ccc(S(C)(=O)=O)cc3)cc12)c1ccccc1
CHEMBL3655343,26576585,7.92,CN(C)C/C=C/C(=O)N1Cc2sc3ncnc(Nc4ccc(F)c(Cl)c4)c3c2C1
CHEMBL3360604,14974584,9.28,COc1cc2c(Nc3ccc(F)c(Cl)c3)ncnc2cc1OCCCCCn1ccnc1[N+](=O)[O-]
CHEMBL3914227,16668412,7.58,CCOc1cc2ncnc(Nc3ccc4c(cnn4Cc4ccccc4)c3)c2cc1NC(=O)/C=C/CN1[C@H](C)CCC[C@@H]1C
CHEMBL3671509,26587457,7.04,C=CC(=O)Nc1cc2c(Nc3ccc(Br)cc3F)ncnc2cc1OCCNC(=S)NCC
CHEMBL5935427,28405481,8.7,Cn1ccc2c([C@H](Nc3cc(Cl)c4ncc(C#N)c(NCC(C)(C)C)c4c3)C3=CN(C4(C)CCC4)NN3)cccc2c1=O
CHEMBL204223,1697600,5.2,COc1cc(OC)c2c(c1)Oc1ncnc(Nc3cccc(Br)c3)c1NC2
CHEMBL2029439,10884010,8.46,C=CC(=O)Nc1cccc(N2C(=O)N(c3ccc(-c4ccccc4)cc3)Cc3cnc(Nc4ccc(N5CCN(C)CC5)cc4OC)nc32)c1
CHEMBL4751641,22835795,9.15,C[C@@H](Nc1ncnc2[nH]c(-c3ccc(S(N)(=O)=O)cc3)cc12)c1ccccc1
CHEMBL5815306,27502202,6.26,N#Cc1cnc2cc(OC[C@@H](O)CO)c(NC(=O)C[C@@H]3CCSS3)cc2c1Nc1ccc(OCc2cccc(F)c2)c(Cl)c1
CHEMBL5420947,25691172,6.85,C=CC(=O)Nc1cccc(-c2c(-c3ccccc3)oc3ncnc(NCCC(=O)OCC)c23)c1
CHEMBL1958028,8049001,5.32,O=C1CSC(N2N=C(c3ccc(F)cc3)CC2c2ccc(Br)cc2)=N1
CHEMBL250523,2047171,7.82,COc1cc2ncnc(C#CCOc3ccccc3)c2cc1OC
CHEMBL5930586,28405103,6.85,CC(C)(C)CNc1c(C#N)cnc2c(C#N)cc(N[C@H](C3=CN(C4(C(F)(F)F)CC4)NN3)c3cncc4ccccc34)cc12
CHEMBL2316153,12615150,5.34,COc1cc(/C=C2\CCC/C(=C\c3ccc(O)cc3)C2=O)cc(OC)c1
CHEMBL5172668,24749167,8.15,O=C(Nc1nccs1)C(c1ncn2c1CCC2)N1Cc2c(F)cc(C#Cc3ccc(CN4CCCCC4)cc3)cc2C1=O
CHEMBL5815497,28404029,8.22,N#Cc1cnc2c(Cl)cc(N[C@H](C3=CN(Cc4ccccn4)NN3)c3cscn3)cc2c1Nc1ccc(F)c(Cl)c1
CHEMBL5739799,28170437,5.380000000000001,COc1cc(O[C@H]2CCN(C)CC2(F)F)c2c(Nc3ccc(Oc4ccn5ncnc5c4)c(C)c3)ncnc2c1
CHEMBL6030490,28517057,5.79,C=CC(=O)N1CCCC(Nc2nc(Nc3ccc(OCCOC)cc3)c3c(c2F)CNC3=O)C1
CHEMBL5867436,28405790,8.52,Cc1ncsc1[C@H](Nc1cc(C#N)c2ncc(C#N)c(NCC(C)(C)C)c2c1)C1=CN(C2(C3CC3)CC2)NN1
CHEMBL5980570,27653132,5.26,C=CC(=O)Nc1cccc(Nc2nc(Nc3ccc(OC)nc3)ncc2C(C)(C)C)c1
CHEMBL5797736,28170530,5.54,COc1cc(OC2CCN(C)CC2(F)F)c2c(Nc3ccc(Oc4cc5ncnn5cc4F)c(C)c3)ncnc2c1
CHEMBL3899132,16668421,7.8,CCOc1cc2ncnc(Nc3ccc4c(ccn4S(=O)(=O)c4ccccc4)c3)c2cc1NC(=O)/C=C/CN(C)C
CHEMBL5427116,25691182,6.91,CN(C)C/C=C/C(=O)Nc1cccc(-c2c(-c3ccccc3)oc3ncnc(NC4CCCC4)c23)c1
CHEMBL5870730,28405727,8.7,Cn1ccc2c([C@H](Nc3cc(C#N)c4ncc(C#N)c(NCC(C)(C)C(F)(F)F)c4c3)C3=CN(C4(C5CC5)CC4)NN3)cccc2c1=O
CHEMBL3092307,13852037,6.44,CCN(CC)CCNC(=O)Nc1cc2c(Nc3ccc(F)c(Cl)c3)ncnc2cc1O[C@H]1CCOC1
CHEMBL3087208,13826577,6.84,C=CC(=O)N1CCC(N2C(=O)N(Cc3ccccc3)Cc3cnc(Nc4ccc(N5CCN(C)CC5)cc4OC)nc32)CC1
CHEMBL3950966,16668409,8.15,CCOc1cc2ncnc(Nc3ccc4c(cnn4Cc4ccccc4)c3)c2cc1NC(=O)/C=C/CN(C(C)C)C(C)C
CHEMBL4129209,18299298,8.19,C=CC(=O)N[C@@H]1CCCN(c2nc(Nc3ccccc3)nc3cnc(Nc4ccc(N5CCN(C)CC5)cn4)cc23)C1
CHEMBL4282879,18765245,7.17,COc1ccc(OC)c(Nc2cc(NC(=O)CCCC(=O)O)ncn2)c1
CHEMBL4215164,18456077,5.8,COc1cc(N2CCN(C)CC2)ccc1Nc1ncc(Cl)c(Oc2cccc(NC(=O)CCO)c2)n1
CHEMBL5928380,27653144,6.26,C=CC(=O)N(C)Cc1cccc(Nc2nc(Nc3ccccc3)ncc2C)c1
CHEMBL5795026,26811010,8.18,COC[C@H]1CCN1C/C=C/C(=O)Nc1cc2c(Nc3ccc(F)c(Cl)c3)ncnc2cc1OCC1CC1
CHEMBL3896969,28722056,8.38,C=CC(=O)N1CCC(Oc2cc3c(Nc4ccc(Cl)c(Cl)c4)ncnc3cc2OC)CC1
CHEMBL5947857,28404935,8.05,CC(C)(C)CNc1c(C#N)cnc2c(Cl)cc(N[C@H](C3=CN(C4(C(F)(F)F)CC4)NN3)c3ccc(F)c4ncccc34)cc12
CHEMBL6003806,27653075,6.26,C=CC(=O)N1CCC[C@H](Nc2nc(Nc3ccc(C=C)nc3)ncc2F)C1
CHEMBL5802687,27652823,6.26,C=CC(=O)N(C)Cc1ccc(Nc2nc(Nc3cccc(OC)c3)ncc2F)cc1
CHEMBL3633142,15771539,8.52,C=CC(=O)Nc1cccc(-n2c(=O)ccc3cnc(Nc4ccc(N5CCN(C)CC5)cc4OC)nc32)c1
CHEMBL3263373,14655703,6.19,Cc1ccc(C2=NN(C3=NC(c4ccccc4)CS3)C(c3ccc4ccccc4c3)C2)cc1C
CHEMBL3416438,15229696,7.28,Fc1ccc(Nc2ncnc3sc(Br)cc23)cc1Cl
CHEMBL127223,899094,7.75,CCOc1cc2ncnc(Nc3cccc(-c4cscn4)c3)c2cc1OCC
CHEMBL5860886,27737705,6.26,COc1ccccc1C(=O)NCc1ccc(-c2nn(C3CCC(=O)CC3)c3ncnc(N)c23)cc1
CHEMBL4206501,18450574,7.82,C=CC(=O)Nc1cc(Nc2ccnc(-c3cn(C)c4ccccc34)n2)c(OC)cc1N(C)CCN(C)C
CHEMBL4073960,18189866,7.7,C=CC(=O)N1CCC[C@@H](n2nc(-c3ccc(F)c4ccccc34)c3c(N)ncnc32)C1
CHEMBL489308,2390246,8.29,O=C(O)CN1Cc2cc3c(Nc4cccc(Br)c4)ncnc3cc21
CHEMBL1828877,6358483,4.84,O=C(Cc1ccc(Br)cc1)NS(=O)(=O)c1ccc(F)cc1
CHEMBL5195167,24833336,7.32,Cn1cc(-c2cc(C(=O)/N=c3\[nH]c4ccccc4n3[C@H]3CC[C@H](O)CC3)ccn2)cn1
CHEMBL6002318,28883576,5.83,C=CC(=O)N1CC(Nc2cncc(-c3cnc(Oc4ccccc4)nc3)n2)C1
CHEMBL4793852,22844237,7.85,CC(=O)N1CCN(CCCOc2cc3ncnc(Nc4ccc(F)c(Cl)c4)c3cc2NC(=O)c2cc([N+](=O)[O-])ccc2F)CC1
CHEMBL2316150,12615153,5.21,COc1cccc(/C=C2\CCC/C(=C\c3cc(OC)cc(OC)c3)C2=O)c1
CHEMBL1944926,8025250,4.25,O=C(Nc1cccc(Br)c1)c1c(O)c2ccccc2[nH]c1=O
CHEMBL1958214,8049018,5.78,Cc1ccc(C2=NN(C3=NC(=O)CS3)C(c3ccc(Cl)cc3)C2)cc1
CHEMBL5973569,28620713,6.01,COc1cc(C2CCN(C3CCN(C(C)=O)CC3)CC2)ccc1Nc1ncc(Cl)c(Nc2ccccc2NS(C)(=O)=O)n1
CHEMBL1091613,3240704,6.62,O=C(Nc1cccc(-c2nc3sccn3c2-c2ccncc2)c1)c1ccccc1Cl
CHEMBL178953,2390157,5.0,N#Cc1cccc(NC(=O)Nc2ncnc3nn4ccccc4c23)c1
CHEMBL4445015,19211863,5.32,COc1cc2c(Oc3ccc(C4SCC(=O)N4NC(=O)Nc4cc(F)cc(F)c4)cc3)ccnc2cc1OCCCN1CCOCC1
CHEMBL5283553,25066910,6.22,C=CC(=O)N1CCC(C2CCNc3c(C(N)=O)c(-c4cc(Cl)c(Br)c(Cl)c4)nn32)CC1
CHEMBL3425665,15257651,6.1,COc1cc(N2CCN(C)CC2)ccc1Nc1ncc(Cl)c(Oc2cccc(NC(=O)/C(C#N)=C/C(C)C)c2)n1
CHEMBL246687,2038925,7.3,N[C@H]1CCN(Cc2ccn3ncnc(Nc4ccc5c(cnn5Cc5cccc(F)c5)c4)c23)C1
CHEMBL4093535,18172282,6.15,CCC(=O)N1CC[C@H](N2C(=O)N(c3cc(OC)ccc3F)Cc3cnc(Nc4ccc(N5CCN(C)C(C)C5)c(C)c4)nc32)C1
CHEMBL6041177,27653081,7.26,C=C(C)C(=O)c1cccc(Nc2nc(Nc3cccc(OC(F)(F)F)c3)ncc2F)c1
CHEMBL5556281,25864543,7.31,COc1cc(OCc2cccc(-c3ccccc3)c2C)ccc1CNCCCCOc1cc2c(Nc3cccc(Cl)c3F)ncnc2cc1OC
CHEMBL6062449,28405805,7.92,COC1=C(C(Nc2cc(C#N)c3ncc(C#N)c(NCC(C)(C)C)c3c2)c2ccc(F)nc2C)NNN1C
CHEMBL5845171,26750195,8.82,CCN1CCN(Cc2ccc(C(=O)N[C@@H]3[C@H]4Oc5ccc(Oc6ccnc7c6CCC(=O)N7)cc5[C@@H]34)cc2C)CC1
CHEMBL5572514,25979171,9.09,CN(C)C/C=C/C(=O)Nc1ccc2ncnc3c2c1C=CN3c1ccc(OCc2ccccn2)c(Cl)c1
CHEMBL2425085,13452947,7.47,COc1cc2ncnc(Nc3ccc(F)c(Cl)c3)c2cc1OCCCN1CC(OC)C1
CHEMBL5204970,24848246,8.51,CN1CCN(c2ccc(-c3ccc4c(=O)n(C(C(=O)Nc5nccs5)c5ccccc5)cnc4c3)cc2)CC1
CHEMBL179224,2390161,5.0,O=C(Nc1ccc(C(F)(F)F)cc1)Nc1ncnc2nn3ccccc3c12
CHEMBL4862976,23256362,8.41,CNC(=O)c1ccccc1Nc1nc(Nc2ccc(NC(=O)CN3CCOCC3)c(C)c2)ncc1Cl
CHEMBL4444231,18923662,5.85,CC(C)(O)Cn1/c(=N/C(=O)c2cccc(-c3cccnc3)c2)[nH]c2ccccc21
CHEMBL5842644,28404185,8.15,CCN1CCC(N2C=C([C@@H](Nc3cc(Cl)c4ncc(C#N)c(Nc5ccc(F)c(Cl)c5)c4c3)c3cc(Cl)cs3)NN2)CC1
CHEMBL6053635,26750387,8.74,CCN1CCN(Cc2ccc(C(=O)N[C@@H]3[C@H]4Oc5ccc(Oc6ccnc7c6CCC(=O)N7)cc5[C@@H]34)cc2OC)CC1
CHEMBL3234866,14568922,6.57,COc1ccc(Oc2nc3ccccc3cc2/C=N/NC(=O)Cn2c([N+](=O)[O-])cnc2C)cc1
CHEMBL3678959,16319333,7.82,CC(C)n1c(NC2CCCCC2)nc2cnc(Nc3ccc(N4CCN(C)CC4)cc3)nc21
CHEMBL5962683,28405424,8.7,Cn1ccc2c([C@H](Nc3cc(Cl)c4ncc(C#N)c(NCC(C)(C)C(F)(F)F)c4c3)C3=CN(C4(C)CC4)NN3)cccc2c1=O
CHEMBL2316151,12615152,6.4,COc1cc(/C=C2\CCC/C(=C\c3ccc(O)c(O)c3)C2=O)cc(OC)c1
CHEMBL4778248,22835825,10.0,COc1cc(CNCCN2CCCCC2)ccc1-c1cc2c(N[C@H](CO)c3ccccc3)ncnc2[nH]1
CHEMBL2408829,13380889,6.62,COc1cc(N2CCC(O)CC2)ccc1Nc1ncc(Cl)c(Oc2cccc(COc3no[n+]([O-])c3S(=O)(=O)c3ccccc3)c2)n1
CHEMBL4111809,16337651,7.6,CC(=O)Nc1cccc(Nc2nc3cnc(Nc4ccc(C(=O)N[N+]5=CCN(C)CC5)cc4F)nc3n2C(C)C)c1
CHEMBL5916856,27653345,6.26,C=CC(=O)Nc1cccc(Nc2nc(Nc3ccc(Cl)c(O[C@@H](C)CO)c3)ncc2F)c1
CHEMBL5772446,28403156,8.7,CC[C@@H](Nc1c(C#N)cnc2c(C#N)cc(N[C@@H](C3=CN(C)NN3)c3ccc(F)nc3)cc12)c1ccccc1
CHEMBL3919183,16668215,7.03,CCC(=O)Nc1cc2c(Nc3ccc4c(cnn4Cc4ccccn4)c3)ncnc2cc1OC
CHEMBL281300,570012,8.01,C=CC(=O)Nc1ccc2ncc(C#N)c(Nc3cccc(Br)c3)c2c1
CHEMBL6039812,27652862,7.26,C=CC(=O)Nc1cccc(Nc2nc(Nc3ccc4c(c3)N(C)CCO4)ncc2F)c1
CHEMBL4071180,18060726,8.72,CN(C)C/C=C/C(=O)NCCSc1nc(-c2ccc(F)cc2)c(-c2ccnc(Nc3ccccc3)c2)[nH]1
CHEMBL2408823,13380875,6.11,COc1cc(N2CCN(C)CC2)ccc1Nc1ncc(Cl)c(Oc2ccc(CCCOc3no[n+]([O-])c3S(=O)(=O)c3ccccc3)cc2)n1
CHEMBL3403517,15176360,8.47,COc1ccc2c(c1)CCCN2c1nc(C)nc2oc(C)cc12
CHEMBL5915264,28404914,8.7,Cc1nc(F)ccc1[C@H](Nc1cc(C#N)c2ncc(C#N)c(NCC(C)(C)C)c2c1)C1=CN(C2(CO)CC2)NN1
CHEMBL4062192,18172272,6.33,CCC(=O)N1CC[C@H](N2C(=O)N(c3cc(OC)ccc3F)Cc3cnc(Nc4ccc(N5CCCCC5)c(C)c4)nc32)C1
CHEMBL324399,6261341,4.16,COc1cc2ncc(C#N)c(Nc3cccc(NC(C)=O)c3)c2cc1OC
CHEMBL1958216,8049020,5.94,Cc1ccc(C2=NN(C3=NC(=O)CS3)C(c3ccc(C)cc3)C2)cc1
CHEMBL5403478,25536005,6.88,CN(Cc1ccccn1)c1ncnc2[nH]c(-c3ccc(CO)cc3)cc12
CHEMBL5983357,28721714,5.58,C=CC(=O)N1CC(Oc2cc3c(Nc4ccc(Cl)cc4Cl)ncnc3cn2)C1
CHEMBL1958215,8049019,6.62,Cc1ccc(C2=NN(C3=NC(=O)CS3)C(c3ccc(Br)cc3)C2)cc1
CHEMBL3925959,16756457,7.0,C=CC(=O)Nc1cccc(Nc2nc(Nc3ccc(OCCCn4cnnn4)cc3)ncc2[N+](=O)[O-])c1
CHEMBL6045905,26838979,7.89,CC(C)(C)CNc1ncnc2ccc(N[C@H](c3cn(C4CC4)nn3)c3ccccc3Cl)cc12
CHEMBL5283507,25078703,8.81,O=C(/C=C/C(F)(F)F)N1CCC(Oc2cc3c(Nc4ccc(Cl)c(Cl)c4F)ncnc3cc2O[C@@H]2CCOC2)CC1
CHEMBL4443483,19236782,8.66,COc1cc2c(Nc3ccc(NC(=O)C(c4cc(F)ccc4F)N4Cc5ccccc5C4=O)cc3F)ncnc2cc1OCC1CCN(C)CC1
CHEMBL203661,1681973,8.89,O=C(C#CCCN1CCOCC1)Nc1cc2c(Nc3ccc(F)c(Cl)c3)ncnc2cn1
CHEMBL5994327,28405748,8.05,CC(C)(C)CNc1c(C#N)cnc2c(C#N)cc(N[C@H](C3=CN(C4(C(F)(F)F)CC4)NN3)c3cccc4c(=O)n(C(F)F)ccc34)cc12
CHEMBL417941,1172796,5.8,N#C/C(=C\c1ccc(O)c(O)c1)C(=O)NC1CCCCC1
CHEMBL492077,2390172,8.7,C=CC(=O)Nc1cc2c(Cc3cccc(C)c3)ncnc2cc1OCCCN1CCC(C)CC1
CHEMBL5196360,24848257,10.0,CN1CCC(c2ccc(-c3ccc4ncn(C(C(=O)Nc5nccs5)c5ccccc5)c(=O)c4c3F)cc2)CC1
CHEMBL3896476,16809230,7.19,S=C(NNc1nncc2ccccc12)Nc1ccc(Cl)cc1
CHEMBL5926581,28517114,5.96,C=CC(=O)N1CCCC(Nc2nc(Nc3cnn(C)c3)c3c(c2F)CNC3=O)C1
CHEMBL5411347,25533389,6.69,COc1cnc(Nc2ccc3c(cnn3CCN(C)C)c2)nc1-c1cn(C)c2ccccc12
CHEMBL5984973,27653135,7.26,C=CC(=O)Nc1cccc(Oc2nc(Nc3ccc(OC)nc3)ncc2F)c1
CHEMBL5270309,25078692,6.57,C=CC(=O)N1CCC(Oc2cc3c(Nc4ccc(Cl)c(Cl)c4F)ncnc3cc2O[C@H](C)CCCCCC)CC1
CHEMBL418907,2202737,5.52,COc1cc(/C=C/[N+](=O)[O-])ccc1OS(=O)(=O)c1ccc(C(=O)O)cc1
CHEMBL2437466,13483482,7.9,C=CC(=O)Nc1cccc(-n2c(=O)cnc3cnc(Nc4ccc(NC(C)=O)cc4)nc32)c1
CHEMBL3805654,16588555,6.45,CCOC(C)Oc1cc2ncnc(Nc3ccc(F)c(C#N)c3)c2c2c1OCCO2
CHEMBL4071151,18189843,6.16,C#Cc1nn([C@@H]2CCCN(C(=O)C=C)C2)c2ncnc(N)c12
CHEMBL6015868,28403756,8.15,CC(C)(C)N1CCC(N2C=C([C@@H](Nc3cc(Cl)c4ncc(C#N)c(Nc5ccc(Cl)c(Cl)c5F)c4c3)c3csc4c3CCN(C3COC3)C4)NN2)CC1
CHEMBL5169450,24833368,9.66,COc1cc(N2CCC(N3CCN(C)CC3)CC2)c(C)cc1Nc1ncc(Br)c(Nc2ccc3nccnc3c2P(C)(C)=O)n1
CHEMBL5901093,28404290,6.36,CN1C=C(C(Nc2cc(Cl)c3ncc(C#N)c(Nc4ccc(F)c(Cl)c4)c3c2)C2=CN(C3CCN(C(=O)OC(C)(C)C)CC3)NN2)NN1
CHEMBL1958222,8049026,5.26,COc1ccc(C2=NN(C3=NC(=O)CS3)C(c3ccc(C)cc3)C2)cc1
CHEMBL6063848,28404965,8.4,CC(C)(C)CNc1c(C#N)cnc2c(C#N)cc(N[C@H](C3=CN(C4(C(F)(F)F)CC4)NN3)c3ccc(F)c4ncccc34)cc12
CHEMBL122397,1058147,6.05,CCCCCCNC(=O)c1cc(NCc2cc(O)ccc2O)ccc1O
CHEMBL4448691,19310312,7.21,C=CC(=O)Nc1cccc(-c2c(C)oc3ncnc(N[C@H](CO)c4ccccc4)c23)c1
CHEMBL5775621,26839003,6.86,N#CCC[C@@H](Nc1ncnc2c(Cl)cc(NC(c3ccc(F)cc3)c3cn(C4(C(F)(F)F)CC4)nn3)cc12)c1ccccc1
CHEMBL5837076,28405478,8.4,CC(C)(CNc1c(C#N)cnc2c(Cl)cc(N[C@H](C3=CN(C45CC(C4)C5)NN3)c3cccc4ncccc34)cc12)C(F)(F)F
CHEMBL5176920,24907647,8.96,Cc1cc(Nc2ncnc3cc(O)c(NC(=O)/C=C/[C@H]4CCCN4C)cc23)ccc1Oc1cc2nccn2cn1
CHEMBL4456234,19168125,6.92,C=CC(=O)Nc1cc(Nc2nccc(NC(=O)c3ccccc3)n2)c(OC)cc1N1CCN(C)CC1
CHEMBL5854211,27652763,7.26,C=CC(=O)Nc1cccc(Nc2nc(Nc3ccc(OC(C)(C)CO)cc3)ncc2F)c1
CHEMBL3425658,15257644,6.14,COc1cc(N2CCN(C)CC2)ccc1Nc1ncc(Cl)c(Oc2cccc(NC(=O)/C(C#N)=C/c3cccc([N+](=O)[O-])c3)c2)n1
CHEMBL4459978,19132101,6.925,CCC(=O)N[C@H]1CC[C@@H](n2c(=O)c(-c3ccccc3Cl)c(C)c3cnc(Nc4ccc(N5CCN(C)CC5)c(C)c4)nc32)CC1
CHEMBL53555,898966,8.48,C=CC(=O)Nc1cc2c(Nc3ccc(F)c(Cl)c3)ncnc2cn1
CHEMBL4747078,22814384,7.92,C=CC(=O)Nc1cc(Nc2ncc(C(F)(F)F)c(-c3cn(C4CC4)c4ccccc34)n2)c(OC)cc1N(C)CCN(C)C
CHEMBL204330,1696694,6.06,COc1cc(OC2CCN(C(C)=O)CC2)c2c(Nc3ccc(F)c(Cl)c3)ncnc2c1
CHEMBL5422465,25535993,7.75,CN(C)CCNCc1cc(-c2cc3c(N(C)Cc4ccccc4)ncnc3[nH]2)ccc1F
CHEMBL4456976,18994325,7.21,Cc1cc(=O)n2nc(SCc3ccc(C(C)C)cc3)nc2[nH]1
CHEMBL6045121,28404992,7.16,Cc1nc(F)ccc1[C@H](Nc1cc(Cl)c2ncc(C#N)c(NCC3(C(F)F)CC3)c2c1)C1=CN(C2(C(F)(F)F)CC2)NN1
CHEMBL3633929,15774393,8.52,CC(=O)Nc1ccc2ncnc(Nc3ccc(OCc4ccccn4)c(Cl)c3)c2c1
CHEMBL5188399,24877543,8.7,C=CC(=O)Nc1ccc(OC)c(Nc2cc(-c3[nH]c(SC)nc3-c3cccc(NC(=O)c4c(F)ccc(O)c4CN4C(=O)c5ccccc5C4=O)c3)ccn2)c1
CHEMBL5950819,27652853,7.26,Cc1cccc(Nc2nc(Nc3cccc(NC(=O)/C=C/CN4CCC4)c3)ncc2F)c1
CHEMBL5794459,26810986,8.11,CCOc1cc2ncnc(Nc3ccc(F)c(Cl)c3)c2cc1NC(=O)/C=C/CN1CC[C@H]1COC
CHEMBL2316145,12615158,5.17,COc1cc(/C=C2\CCC/C(=C\c3cccc(Br)c3)C2=O)cc(OC)c1
CHEMBL3604937,15685162,6.3,C=CC(=O)Nc1cccc(Oc2nc(Nc3n[nH]c4ccccc34)cc(N3CCN(C)CC3)n2)c1
CHEMBL4126797,18304093,7.34,C=CC(=O)Nc1cccc(-n2c(=O)n(C)c(=O)c3cnc(Nc4ccc(N5CCN(C(C)=O)CC5)cc4OC)nc32)c1
CHEMBL5955586,27071753,5.26,NC(=O)c1ncc(N2CCC[C@@H](N3Cc4ccccc4C3=O)C2)nc1Nc1ccc(C2CCN(C3CCCC3)CC2)cc1
CHEMBL3956112,16739511,8.34,C[C@@H](Nc1ncnc2oc(-c3cccc(O)c3)cc12)c1ccccc1
CHEMBL5743761,28403843,8.22,Cc1ncsc1[C@H](Nc1cc(Cl)c2ncc(C#N)c(Nc3cccc(Cl)c3F)c2c1)C1=CN(C(C)C)NN1
CHEMBL5855225,28405412,8.3,Cn1ccc2c([C@H](Nc3cc(Cl)c4ncc(C#N)c(NCC(C)(C)C)c4c3)C3=CN(C(CF)CF)NN3)cccc2c1=O
CHEMBL5805901,28404551,8.7,Cc1nc(F)ccc1[C@H](Nc1cc(C#N)c2ncc(C#N)c(NCC(C)(C)C)c2c1)C1=CN(C2(C#N)CC2)NN1
CHEMBL5802925,27738056,5.26,COc1ccc(F)cc1C(=O)NCc1ccc(-c2nn(C3CCCC3)c3ncnc(N)c23)cc1F
CHEMBL376967,1715566,6.92,COc1cc2ncnc(Nc3cccc(Cl)c3F)c2cc1CN(CCN(C)C)[C@@H](C)C(N)=O
CHEMBL5773557,28722236,7.02,C=CC(=O)N1CC(Oc2cc3c(Nc4ccc(C(F)(F)F)cc4)ncnc3cc2OC)C1
CHEMBL5203220,24741573,9.82,CCc1cc(Nc2ncc(Br)c(Nc3ccc4c(c3P(C)(C)=O)OCO4)n2)c(OC)cc1N1CCC(N2CC(N(C)C)C2)CC1
CHEMBL4794670,22921885,8.74,C=CC(=O)Nc1cc2c(Nc3ccc(OCc4cccc(F)c4)c(Cl)c3)ncnc2cc1OCc1cn(CCCC(=O)NO)nn1
CHEMBL3747407,16416945,4.82,CCOc1ccc(C2=NN(C(C)=O)C(c3ccc(C(=O)OCCn4c([N+](=O)[O-])cnc4C)cc3)C2)cc1
CHEMBL3746642,16416928,5.84,CC(=O)N1N=C(c2ccc([N+](=O)[O-])cc2)CC1c1ccc(C(=O)OC(C)Cn2c([N+](=O)[O-])cnc2C)cc1
CHEMBL5970552,28403768,7.36,Cc1ncccc1[C@H](Nc1cc(Cl)c2ncc(C#N)c(Nc3ccc(Cl)c(Cl)c3F)c2c1)C1=CNNN1
CHEMBL5434169,25533397,7.52,CN(C)CCn1ccc2cc(Nc3nccc(-c4c[nH]c5ccccc45)n3)cc(N)c21
CHEMBL5761824,27653174,7.26,C=CC(=O)Nc1cccc(Nc2nc(Nc3ccccc3)ncc2C(N)=O)c1
CHEMBL5907964,28404197,8.05,Cn1cnc(C(Nc2cc(Cl)c3ncc(C#N)c(Nc4ccc(F)c(Cl)c4)c3c2)c2cccnc2)c1
CHEMBL3678954,16337378,8.3,CC(C)n1c(Nc2ccc(OCc3cccc(F)c3)c(Cl)c2)nc2cnc(Nc3ccc(N4CCN(C)CC4)cc3)nc21
CHEMBL5788105,27750506,8.52,C=CC(=O)Nc1cc(Nc2nccc(-c3cccnc3)n2)c(OC)cc1N1CCC(N(C)C)CC1
CHEMBL4465727,19445317,6.26,O=C(/C=C/Cn1ccnc1)N1CCOc2cc3ncnc(Nc4ccc(F)c(Cl)c4)c3cc21
CHEMBL2437477,13483470,4.15,C=CC(=O)Nc1ccc(Nc2ncc3ncc(=O)n(-c4ccc(OC)cc4)c3n2)cc1
CHEMBL3325477,15118444,7.05,CCOC(=O)C1=C(N)N(c2cccnc2)C2=C(C(=O)CCC2)C1c1cc2ccccc2n2nnnc12
CHEMBL5792698,27652739,5.26,C=C(Cn1cccn1)C(=O)Nc1cccc(Nc2nc(Nc3ccc(OCCOC)cc3)ncc2F)c1
CHEMBL4087570,18117873,7.96,C=CC(=O)Nc1cccc(Nc2nc(Nc3ccc(/C=C/c4cc(C)cc(C)c4)cc3)ncc2F)c1
CHEMBL5921189,28404065,8.0,N#Cc1cnc2c(Cl)cc(N[C@H](C3=CN(CCN4CCOCC4)NN3)c3cccnc3)cc2c1Nc1ccc(F)c(Cl)c1
CHEMBL4858535,23256357,7.35,CNC(=O)c1ccccc1Nc1nc(Nc2ccc(OCCCN3CCC(C(=O)NO)CC3)cc2)ncc1Cl
CHEMBL4087268,18060657,8.48,C=CC(=O)Nc1cccc(Nc2cc(-c3[nH]c(SC)nc3-c3ccc(F)cc3)ccn2)c1
CHEMBL5271978,25023167,6.08,CCC(=O)N1CCOc2c1ccc1ncnc(Nc3cccc(C(F)(F)F)c3)c21
CHEMBL5281945,25059895,6.17,COc1cc2c(Nc3ccc([S+]([O-])c4ccccc4)cc3)ncnc2cc1OCC1CCN(C)CC1
CHEMBL1828870,6358475,4.92,O=C(Cc1ccc(Cl)cc1)NS(=O)(=O)c1ccccc1
CHEMBL5180070,24871156,5.52,COc1cc2ncnc3c2cc1OCCCCCCOc1c(Cl)cccc1N3
CHEMBL5939208,28403636,6.45,N#Cc1cnc2c(Cl)cc(N[C@H](C3=CN(C4COC4)NN3)c3cccnc3)cc2c1N[C@H](CCO)c1ccccc1
CHEMBL4861707,23256348,7.16,CN1CCN(c2ccc(Nc3ncc(Cl)c(Nc4ccccc4C(=O)NO)n3)cc2)CC1
CHEMBL3671576,26587664,7.35,C=CC(=O)Nc1cc2c(Nc3ccc(Br)cc3F)ncnc2cc1OCCNC(=O)CN1CCCC1
CHEMBL5904771,28403165,8.7,CC(C)(C)CNc1c(C#N)cnc2c(Br)cc(N[C@H](C3=CN(C4CC4)NN3)c3cccc4c3SCN4)cc12
CHEMBL6055384,28405361,8.7,Cn1ccc2c([C@H](Nc3cc(Cl)c4ncc(C#N)c(NCC(C)(C)C)c4c3)C3=CN(C4(C)COC4)NN3)cccc2c1=O
CHEMBL5517919,25866169,6.6,C=CC(=O)N1CC[C@H](n2cc(-c3ccncc3)c(-c3cccc(OCc4ccc5c(c4)CN(C)C5=O)c3)n2)C1
CHEMBL5406494,25691183,7.85,C=CC(=O)Nc1cccc(-c2c(-c3ccc(N(C)C)cc3)oc3ncnc(NCCO)c23)c1
CHEMBL5990988,28405640,9.0,Cn1ccc2c([C@H](Nc3cc(C#N)c4ncc(C#N)c(NCC(C)(C)C)c4c3)C3=CN(C4(C)COC4)NN3)cccc2c1=O
CHEMBL5564226,25864521,7.12,COc1cc2ncnc(Nc3ccc(F)c(Cl)c3)c2cc1OCCCCNCc1c(OC)cc(OCc2cccc(-c3ccccc3)c2C)cc1OC
CHEMBL3939588,16847202,6.09,COc1cc2c(Nc3ccc(NC(=O)Nc4ccc(C)c(C)c4)c(Cl)c3)ncnc2cc1OCCN1CCCCC1
CHEMBL5901984,28722524,4.66,C=CC(=O)N1CC(Oc2cc3c(Nc4cccc5cnn(C)c45)ncnc3cc2OC)C1
CHEMBL3752204,16443119,8.02,CN(C)/C=C/C(=O)Nc1cc2c(Nc3ccc(F)c(Cl)c3)ncnc2cc1O[C@H]1CCOC1
CHEMBL383246,1715560,7.6,COc1cc2ncnc(Nc3cccc(Cl)c3F)c2cc1CN(C)C1(C(N)=O)CCN(C(C)C)CC1
CHEMBL5983716,28721930,5.85,C=CC(=O)N1CCC(Oc2cc3c(Nc4cccc(C5CC5)c4)c(C#N)cnc3cc2OC)CC1
CHEMBL3759815,16457535,7.89,C[C@@H](Nc1ncnc2sc(-c3ccc(CO)cc3F)cc12)c1ccccc1
CHEMBL5883108,28404530,8.52,Cc1nc(F)ccc1[C@H](Nc1cc(Cl)c2ncc(C#N)c(NCC(C)(C)C)c2c1)C1=CN(C2(CO)CC2)NN1
CHEMBL5920416,28404842,8.7,CC(C)(C)CNc1c(C#N)cnc2c(C#N)cc(N[C@H](C3=CN(C4(C(N)=O)CC4)NN3)c3cccc4cnccc34)cc12
CHEMBL6014610,28883480,6.29,C=CC(=O)N1CC(C)(Nc2cncc(-c3cnc(Oc4cccc(Cl)c4)nc3)c2)C1
CHEMBL5886177,28403924,8.52,N#Cc1cnc2c(Cl)cc(N[C@H](C3=CN(C4COC4)NN3)c3csc4c3CCNC4)cc2c1Nc1ccc(F)c(Cl)c1
CHEMBL3898447,16895213,8.3,C=CC(=O)N1CCC(Oc2cc3c(Nc4cccc(Cl)c4F)ncnc3cc2OC)CC1
CHEMBL4853833,23177929,8.04,COc1cc2ncnc(Nc3cccc(C(F)(F)F)c3)c2cc1OCCCCC(=O)Nc1ccc(S(N)(=O)=O)cc1
CHEMBL5740900,28403381,7.85,CC[C@@H](Nc1c(C#N)cnc2c(OC)cc(N[C@@H](C3=CN(C4CC4)NN3)c3ccc(F)nc3)cc12)c1ccccc1
CHEMBL3933568,16847213,6.3,COc1cc2c(Nc3ccc(NC(=O)Nc4ccccc4C)cc3)ncnc2cc1OCCCN1CCN(C)CC1
CHEMBL5851856,26961397,7.12,C=CC(=O)N1CCC(Cn2nc(C(=O)Nc3nc4cc(Cl)ccc4o3)c3c(N)ncnc32)CC1
CHEMBL4085842,18248394,8.8,C=CC(=O)Nc1cc(Nc2cc(-c3cn(C)c4ccccc34)ncn2)c(OC)cc1N(C)CCN(C)C
CHEMBL3671584,26587688,7.38,C=CC(=O)Nc1cc2c(Nc3ccc(Br)cc3Cl)ncnc2cc1OCCNC(C)=O
CHEMBL3425670,15257656,5.05,COc1ccc(/C=C(/C(=O)Nc2cccc(Oc3nc(Nc4ccc(N5CCN(C)CC5)cc4OC)ncc3Cl)c2)C(F)(F)F)cc1
CHEMBL5862502,28403594,7.85,Cc1nc(Cl)ccc1[C@H](Nc1cc(Cl)c2ncc(C#N)c(Nc3cnc(F)c(F)c3)c2c1)C1=CNNN1
CHEMBL202411,1681988,8.85,O=C(C#CCO)Nc1ccc2ncnc(Nc3ccc(F)c(Cl)c3)c2c1
CHEMBL4069003,17956895,8.52,NP(=O)(OCCCOc1ccc2ncnc(Nc3cccc(Br)c3)c2c1)N(CCCl)CCCl
CHEMBL6032873,27750560,7.7,C=CC(=O)Nc1cc(Nc2ncc(Cl)c(-c3cn(C)nc3C)n2)c(OC)cc1N(C)CCN(C)C
CHEMBL5943336,27070907,5.26,C[C@@H]1[C@H](NC(=O)N(C)C)CCCN1c1cnc(C(N)=O)c(Nc2ccc(C3(C(N)=O)CC3)cc2)n1
CHEMBL309682,19218792,5.27,COc1cc2ncnc(Nc3cc(OC)c(OC)c(OC)c3)c2cc1OC
CHEMBL5555280,25870253,5.34,C=CC(=O)N1[C@@H]2CC[C@H]1C[C@@H](n1nc(-c3cc(F)c(Oc4ccc5c(c4)ncn5C)c(Cl)c3)c3c(C)ncnc31)C2
CHEMBL5973646,28404182,7.85,CCN1CCC(N2C=C([C@@H](Nc3cc(Cl)c4ncc(C#N)c(Nc5ccc(F)c(Cl)c5)c4c3)c3cccs3)NN2)CC1
CHEMBL1797418,6261300,7.11,Brc1cccc(Nc2ncnc3cc4c(ccn4CCCN4CCOCC4)cc23)c1
CHEMBL6010002,27070157,5.26,CN(C)C(=O)N[C@@H]1CCCN(c2cnc(C(N)=O)c(Nc3ccc(C4CCN(C5CCOCC5)CC4)cc3)n2)C1
CHEMBL527026,28406024,6.45,CCN1CCC(n2cc(CNc3cc(Cl)c4ncc(C#N)c(Nc5ccc(F)c(Cl)c5)c4c3)nn2)CC1
CHEMBL4204139,18539789,7.29,CN(CCCO)c1nc(Nc2ccc(F)cc2)nc2cnc(Nc3ccc(N4CCC(N(C)C)CC4)cn3)cc12
CHEMBL5563485,25866181,7.54,C=CC(=O)N1CC[C@H](n2cc(-c3ccncc3)c(-c3cccc(NC(=O)c4cccc(OC)c4F)c3)n2)C1
CHEMBL3699621,16326261,7.7,C=CC(=O)Nc1cccc(Nc2nc(Nc3ccc(N4CCN(C(C)=O)[C@H](C(=O)OC)C4)cc3OC)ncc2C(F)(F)F)c1
CHEMBL5855579,28721948,6.27,C=CC(=O)N1CCC(Oc2cc3c(Nc4ccc(C(F)(F)F)cc4)c(C#N)cnc3cc2OC)CC1
CHEMBL5952683,27071177,5.26,CN1CCN([C@@H]2CCCN(c3cnc(C(N)=O)c(Nc4ccc(C5(C)CCN(C6CC6)CC5)cc4)n3)C2)C1=O
CHEMBL3655345,26576591,8.3,CN(C)C/C=C/C(=O)N1Cc2sc3ncnc(Nc4ccc(OCc5cccc(F)c5)c(Cl)c4)c3c2C1
CHEMBL207718,1715559,7.7,COc1cc2ncnc(Nc3cccc(Cl)c3F)c2cc1CN(C)C1(C(N)=O)CN(C)C1
CHEMBL5936433,27750464,7.48,C=CC(=O)Nc1cc(Nc2ncc(Cl)c(-c3cnc4c(cnn4C)c3)n2)c(OC)cc1N(C)CCN(C)C
CHEMBL4077956,17956893,8.04,NP(=O)(Oc1ccc2ncnc(Nc3cccc(Br)c3)c2c1)N(CCCl)CCCl
CHEMBL5796215,27072011,6.26,NC(=O)c1nnc(N2CCC[C@@H](NC(=O)N3CCCCC3)C2)nc1Nc1ccc(C2CCN(C3CCCC3)CC2)cc1
CHEMBL4445797,19293626,7.8,CC/C=C\C(=O)Nc1cc(Nc2ncc(C#N)c(-c3cn(C)c4ccccc34)n2)c(OC)cc1N(C)CCN(C)C
CHEMBL3092303,13852016,6.48,O=C(Nc1cc2c(Nc3ccc(F)c(Cl)c3)ncnc2cc1O[C@H]1CCOC1)N1CCN(CCO)CC1
CHEMBL5783967,28404611,6.57,Cc1nc(F)ccc1C(Nc1cc(Cl)c2ncc(C#N)c(NCC(C)(C)C)c2c1)C1=CN(C2(C(F)F)CC2)NN1
CHEMBL4066569,18248410,7.33,C=CC(=O)Nc1cc(Nc2cc(-c3cn(C)c4ccccc34)nc(C)n2)c(OC)cc1N(C)CCN(C)C
CHEMBL4516635,19236717,8.03,COc1cc2c(Nc3ccc(NC(=O)C(c4ccccc4)N4Cc5ccccc5C4=O)cc3F)ncnc2cc1OCC1CCN(C)CC1
CHEMBL4294211,18722862,9.15,C=C=CC(=O)Nc1cc(Nc2nccc(-c3cn(C)c4ccccc34)n2)c(OC)cc1N1CCC(N2CCOCC2)CC1
CHEMBL5872595,26838961,7.28,N#CCC(Nc1ncnc2ccc(NC(c3ccc(F)cc3)c3cn(C4CC4)nn3)cc12)c1ccccc1
CHEMBL4081860,18060596,8.59,NCCSc1nc(-c2ccc(F)cc2)c(-c2ccnc(Nc3ccccc3)c2)[nH]1
CHEMBL4640686,20690059,7.09,CCC(=O)Nc1cc(Nc2nccc(-c3cn(CCO)c4ccccc34)n2)c(OC)cc1F
CHEMBL5886836,28403870,7.85,Cc1nc(C)c([C@H](Nc2cc(Cl)c3ncc(C#N)c(Nc4ccc(F)c(Cl)c4)c3c2)C2=CN(C3CCN(C(C)(C)C)CC3)NN2)s1
CHEMBL110035,6261319,6.07,COc1cc2ncc(C#N)c(Nc3cccc(N(C)C)c3)c2cc1OC
CHEMBL3676381,26587832,7.01,C=CC(=O)Nc1cc2c(Nc3ccc(Br)c(Cl)c3F)ncnc2cc1OCCNC(=O)OC
CHEMBL5763010,27652793,7.26,C=CC(=O)Nc1cccc(Nc2nc(Nc3ccc(OCCOC)nc3)ncc2F)c1
CHEMBL5990895,28722668,5.46,C=CC(=O)N1CC(Oc2cc3c(Nc4ccc(Cl)c(C5CC5)c4)ncnc3cn2)C1
CHEMBL3806143,16588586,7.73,Brc1cccc(Nc2ncnc3cc(OCCCN4CCOCC4)c4c(c23)OCCO4)c1
CHEMBL5949373,28722290,5.96,C=CC(=O)N1CCC(Oc2cc3c(Nc4ccc(OC(F)(F)F)c(Cl)c4)ncnc3cc2OC)C1
CHEMBL3425673,15257659,6.11,COc1cc(N2CCN(C)CC2)ccc1Nc1ncc(Cl)c(Oc2cccc(NC(=O)CCC3CC3)c2)n1
CHEMBL4278815,18722897,8.89,C=C=CC(=O)Nc1cc(Nc2nccc(-c3cnn4ccccc34)n2)c(OC)cc1N(C)CCN(C)C
CHEMBL4783428,22896509,8.21,Fc1cc(Br)c(F)c(Nc2ncnc3cc4c(cc23)OCCO4)c1
CHEMBL5891465,28404890,8.52,CCc1ncccc1[C@H](Nc1cc(C#N)c2ncc(C#N)c(NCC(C)(C)C)c2c1)C1=CN(C2(C(F)(F)F)CC2)NN1
CHEMBL5839834,28403627,9.0,CC[C@@H](Nc1c(C#N)cnc2c(Cl)cc(N[C@H](C3=CN(C4[C@H]5CNC[C@@H]45)NN3)c3cccnc3)cc12)c1ccccc1
CHEMBL5857842,28405001,7.24,Cc1nc([C@H](Nc2cc(Cl)c3ncc(C#N)c(NCC(C)(C)C)c3c2)C2=CN(C3(C(F)F)CC3)NN2)c(C)o1
CHEMBL5835574,27069680,6.26,CCN1CCC(c2ccc(Nc3nc(N4CCC[C@@H](NC(=O)c5ccc(OC)cc5)C4)cnc3C(N)=O)cc2)CC1
CHEMBL214023,1766874,7.72,O=S(=O)(CCNCc1ccc(-c2ccc3ncnc(Nc4ccc(OCc5cccc(F)c5)c(C(F)(F)F)c4)c3c2)o1)c1ccccn1
CHEMBL5878812,28697789,7.86,COc1cc(-c2nc3sccn3c2-c2ccnc(NCCCNS(=O)(=O)c3ccc(F)cc3)n2)ccc1F
CHEMBL5207108,24848255,8.72,CN1CCC(c2ccc(-c3cnc4ncn(C(C(=O)Nc5nccs5)c5ccccc5)c(=O)c4c3)cc2)CC1
CHEMBL2316146,12615157,5.15,COc1cc(/C=C2\CCC/C(=C\c3ccc(Br)cc3)C2=O)cc(OC)c1
CHEMBL109625,6261334,4.21,COc1cc2ncc(C#N)c(Nc3cccc(C(C)C)c3)c2cc1OC
CHEMBL3233794,14586693,5.67,O=C(/C=C/CN1CC2(CCOCC2)C1)Nc1cc2c(Nc3ccc(F)c(Cl)c3)ncnc2s1
CHEMBL5087815,24349082,9.04,COc1cc(N2CCC(N3CCN(C)CC3)CC2)c(-c2cnn(C)c2)cc1Nc1ncc(Cl)c(Nc2ccccc2P(C)(C)=O)n1
CHEMBL56219,1146728,5.96,N#C/C(=C\c1ccc(O)c(O)c1)C(=O)Nc1ccccc1Cl
CHEMBL3676385,26587844,7.58,C=CC(=O)Nc1cc2c(Nc3ccc(Br)c(Cl)c3F)ncnc2cc1OCCNC(=O)NCCC
CHEMBL3233783,14586681,7.55,O=C(/C=C/CN1CCC(F)(F)C1)Nc1cc2c(Nc3ccc(F)c(Cl)c3)ncnc2s1
CHEMBL3896779,16668440,8.1,O=C(/C=C/CN1CCCC1)Nc1cc2c(Nc3ccc(Oc4ccccc4)cc3)ncnc2cn1
CHEMBL4563873,18945175,8.25,COc1cc2ncnc(Nc3ccc(F)c(Br)c3)c2cc1OCCCN1CCNCCNCC1
CHEMBL5933908,28405766,8.52,CC1(N2C=C([C@@H](Nc3cc(C#N)c4ncc(C#N)c(NCC(C)(C)C(F)(F)F)c4c3)c3cccc4ncccc34)NN2)CC1
CHEMBL1243284,3436055,8.09,CNC/C=C/C(=O)Nc1cc2c(Nc3ccc(F)c(Cl)c3)c(C#N)cnc2cc1OCCF
CHEMBL5963322,28403234,8.7,CC(C)N1C=C([C@@H](Nc2cc(Cl)c3ncc(C#N)c(Nc4ccc(F)c(Cl)c4)c3c2)c2cccc3c2CNC3)NN1
CHEMBL5834321,28404959,8.7,Cc1nc(F)ccc1[C@H](Nc1cc(C#N)c2ncc(C#N)c(NCC(C)(C)C)c2c1)C1=CN(C(C)(C)CF)NN1
CHEMBL2385969,13322662,5.6,CN1CCN(Cc2ccc(C(=O)Nc3ccc(-c4cncc(C#N)c4Nc4ccc(OCc5cccc(F)c5)c(Cl)c4)cc3)cc2)CC1
CHEMBL3814447,16612215,6.71,C#Cc1cccc(Nc2ncnc3ccc(NC(N)=O)cc23)c1
CHEMBL4213146,18535073,5.41,CCc1c2cc(C(F)(F)F)ccc2n2cc(Cc3ccccc3)[nH]c(=O)c12
CHEMBL3622649,15743464,8.09,C#Cc1cccc(Nc2ncnc3cc(OC4CCN(C)CC4)c(NC(=O)/C=C/CN(C)C)cc23)c1
CHEMBL474143,2390232,8.92,C=CC(=O)Nc1cc2ncnc(Nc3ccc(F)c(Br)c3)c2[nH]1
CHEMBL5618366,26122261,7.22,C=CC(=O)Nc1cc(Nc2ncc(F)c(-c3ccc4cc(C(=O)N(C)C)n(C(C)C)c4c3)n2)ccc1N1CCN(C(C)C)CC1
CHEMBL248044,2045359,7.05,COc1cc2ncc(C#N)c(N[C@@H]3C[C@H]3c3ccccc3)c2cc1OC
CHEMBL5181487,24756993,7.26,COc1cc(N2CCC(N3CCN(C)CC3)CC2)ccc1Nc1ncc2cc(CNc3ccccc3)n(C3CCCC3)c2n1
CHEMBL456758,2567863,7.58,COC[C@@H]1CCCN1/N=C/c1c(N)ncnc1Nc1ccc2c(cnn2Cc2cccc(F)c2)c1
CHEMBL4782025,22844307,8.08,O=C(Nc1cc2c(Nc3ccc(F)c(Cl)c3)ncnc2cc1OCCCN1CCOCC1)c1cc([N+](=O)[O-])ccc1Cl
CHEMBL5793320,28405649,9.0,CC(C)(C)CNc1c(C#N)cnc2c(C#N)cc(N[C@H](C3=CN(C4CC4)NN3)c3csc4cnccc34)cc12
CHEMBL5786982,28394621,9.94,CC(C)N1CC2(CN(c3ccc4ncnc(Nc5cccc(Cl)c5F)c4c3)C(=O)O2)C1
CHEMBL5866027,27653288,6.26,C=CC(=O)Nc1cccc(Nc2nc(Nc3ccc(Cl)c(OC(C)(C)CO)c3)ncc2F)c1
CHEMBL5941317,28883594,6.44,C=CC(=O)N1CC(Nc2cncc(-c3cnc(Oc4cccc(Cl)c4)nc3)n2)C1
CHEMBL2325094,12657562,6.85,Clc1ccc(C2=NN(c3ccccc3)C(c3cccc4ccccc34)C2)cc1Cl
CHEMBL5814864,27737822,6.26,COc1ccccc1C(=O)NCc1ccc(-c2nn(C3CCCC(O)C3)c3ncnc(N)c23)cc1
CHEMBL188762,3261324,9.4,CCC(=O)Nc1ccc2ncnc(Nc3cccc(Br)c3)c2c1
CHEMBL3966111,16752335,7.3,C=CC(=O)NCCCn1c(NC(=O)c2cccc(C(F)(F)F)c2)nc2cc(C)ccc21
CHEMBL5856814,26749868,8.82,CN(C)[C@@H]1CN(Cc2ccc(C(=O)N[C@@H]3[C@H]4Oc5ccc(Oc6ccnc7c6CCC(=O)N7)cc5[C@@H]34)cc2C(F)(F)F)CCN1
CHEMBL5841526,27069923,5.26,CN(C)C(=O)N[C@@H]1CCCN(c2cnc(C(N)=O)c(Nc3ccc(C4CCNCC4)cc3)n2)C1
CHEMBL5177090,24824726,7.0,CNC(=O)c1cnc(Nc2ccnc(N3CC[C@@H](O)[C@@H](F)C3)n2)cc1NC(C)C
CHEMBL2425083,13452951,7.62,COc1cc2ncnc(Nc3ccc(F)c(Cl)c3)c2cc1OCCCN1CC2(C1)CS(=O)(=O)C2
CHEMBL6027911,28406015,8.0,Cc1nc(F)ccc1[C@H](Nc1cc(Cl)c2ncc(C#N)c(NCC(C)(C)C)c2c1)C1=C2CCCCN2NN1
CHEMBL5087610,24349084,8.48,COc1cc(N2CCN(C)CC2)c(-c2cnn(C)c2)cc1Nc1ncc(Cl)c(Nc2ccccc2P(C)(C)=O)n1
CHEMBL4162767,18423618,7.48,C=CC(=O)Nc1cc(Nc2nccc(Nc3ccccc3-n3nccn3)n2)c(OC)cc1N(C)CCN(C)C
CHEMBL5799819,28403963,7.77,CC(C)(C)N1CCC(N2C=C([C@@H](Nc3cc(Cl)c4ncc(C#N)c(Nc5ccc(F)c(Cl)c5)c4c3)c3cnc(F)c(F)c3)NN2)CC1
CHEMBL4446124,19187578,7.44,N#Cc1cnc2ccc(NC(=O)CC3CCSS3)cc2c1Nc1ccc(OCc2cccc(F)c2)c(Cl)c1
CHEMBL2148049,12036078,7.33,CC(C)(C(=O)NCCn1ccc2ncnc(Nc3ccc(Oc4cccc(C(F)(F)F)c4)c(Cl)c3)c21)S(C)(=O)=O
CHEMBL489107,2390175,8.74,C=CC(=O)Nc1cc2c(Cc3ccc(F)c(Br)c3)ncnc2cc1OCCCN1CCOCC1
CHEMBL3655336,26576561,9.0,O=C(/C=C/CN1CCCOCC1)N1CCc2c(sc3ncnc(Nc4ccc(F)c(Cl)c4)c23)C1
CHEMBL5841112,28404857,8.3,Cc1nc(F)ccc1[C@H](Nc1cc(C#N)c2ncc(C#N)c(NCC(C)(C)C)c2c1)C1=CN(C(C)(C)C(F)(F)F)NN1
CHEMBL4525168,19226238,6.4,Cn1c(=O)c2[nH]c(SC/C(=N/O)c3ccc(Cl)cc3)nc2n(C)c1=O
CHEMBL1090353,3240725,6.18,O=C(CC1CCCC1)Nc1cccc(-c2nc3sccn3c2-c2ccnc(Nc3ccc(N4CCOCC4)cc3)n2)c1
CHEMBL1828883,6358489,4.48,COc1ccc(CC(=O)NS(=O)(=O)c2ccc(Cl)cc2)cc1
CHEMBL4754811,22844313,7.89,O=C(Nc1cc2c(Nc3ccc(F)c(Cl)c3)ncnc2cc1OCCCN1CCOCC1)c1cccc([N+](=O)[O-])c1F
CHEMBL5906808,27069425,6.26,CN(C)C/C=C/C(=O)N1CCC[C@@H](Nc2nnc(C(N)=O)c(Nc3ccc(S(C)(=O)=O)cc3)n2)C1
CHEMBL185637,1462325,6.96,Fc1ccc(Nc2ncnn3cccc23)cc1Cl
CHEMBL3604939,15685164,5.44,CN(C)C/C=C/C(=O)Nc1cccc(Oc2nc(Nc3n[nH]c4ccccc34)cc(N3CCN(C)CC3)n2)c1
CHEMBL385479,1768027,7.75,COc1cc2ncnc(Nc3cccc(Cl)c3F)c2cc1OCCCN1CCOCC1
CHEMBL4468893,19073794,7.7,COc1cc2c(Nc3ccc(F)c(F)c3)ncnc2cc1OCCOCCOCCNC(=O)Cn1cnc([N+](=O)[O-])n1
CHEMBL2048793,10949882,6.05,O=C1NCc2c(Oc3ccc(Nc4ncnc5ccn(CCO)c45)cc3Cl)cccc21
CHEMBL5765377,28405307,7.77,Cc1nc(F)ccc1[C@H](Nc1cc(Cl)c2ncc(C#N)c(Nc3cnc(F)c(F)c3)c2c1)C1=CN(C2(C(F)F)CC2)NN1
CHEMBL5950050,28404218,8.0,CC(C)(C)N1CCC(N2C=C([C@@H](Nc3cc(Cl)c4ncc(C#N)c(Nc5ccc(F)c(Cl)c5)c4c3)c3cc(Br)cnc3Cl)NN2)CC1
CHEMBL3904787,16847200,6.12,COC(=O)CNC(=O)c1ccc(Nc2ncnc3cc(OCCCN4CCOCC4)c(OC)cc23)cc1
CHEMBL3608431,15689327,7.51,C=CC(=O)N[C@H]1CCN(c2nc(Nc3ccc(N4CCN(C)CC4)cc3)c3ncn(CCO)c3n2)C1
CHEMBL5573159,25955025,5.41,CCC(=O)Nc1cc2c(Oc3ccc(NC(=O)c4sc(-c5ccccc5)nc4C)cc3F)cccc2cc1OC
CHEMBL525725,2567849,7.31,COc1ccc(/N=C/c2c(N)ncnc2Nc2ccc3c(cnn3Cc3cccc(F)c3)c2)cc1
CHEMBL5286702,25066912,5.7,C=CC(=O)N1CCC(C2CCNc3c(C(N)=O)c(-c4cc(OC)c(Br)c(OC)c4)nn32)CC1
CHEMBL5174995,24670260,7.69,C=CC(=O)N1CCC(Oc2nc(Nc3ccc(N4CCN(C(C)=O)CC4)cc3OC)nc3ccsc23)CC1
CHEMBL5093794,24413816,6.3,C=CC(=O)Nc1cc(Nc2nccc(Nc3ccn(C)n3)n2)c(OC)cc1N(C)CCN(C)C(=O)OC
CHEMBL6029402,28406006,8.4,CC(=O)c1cc(N[C@H](C2=CN(C3(C(F)F)CC3)NN2)c2ccc(F)nc2C)cc2c(NCC(C)(C)C)c(C#N)cnc12
CHEMBL111222,6261348,5.17,COCOc1cc2ncc(C#N)c(Nc3cccc(Br)c3)c2cc1OCOC
CHEMBL5814408,28403816,7.39,Cc1ncsc1[C@H](Nc1cc(Cl)c2ncc(C#N)c(N[C@H](C)c3ccccc3)c2c1)C1=CNNN1
CHEMBL4245415,18676729,8.51,Cc1coc2ncnc(N(C)c3ccc(N(C)C)cc3)c12
CHEMBL2385983,13322648,5.35,CCOc1cc(N)c(C(=O)Nc2ccc(F)c(Cl)c2)cc1NC(=O)/C=C/CN(C)C
CHEMBL5765903,27750584,6.39,C=CC(=O)Nc1cc(Nc2ncc(Cl)c(-c3ccn(C)c3)n2)c(OC)cc1N1CCC(N(C)C)CC1
CHEMBL6034266,28405445,7.64,CC(C)(C)CNc1c(C#N)cnc2c(Cl)cc(N[C@H](C3=CN(C4(C(F)(F)F)CC4)NN3)c3cccc4c(=O)n(C(F)F)ccc34)cc12
CHEMBL5805378,28403330,8.61,CC(C)(C)CNc1c(C#N)cnc2c(Cl)cc(NC(C3=CN(C4CC4)NN3)c3csc4c3CCN(C3COC3)C4)cc12
CHEMBL210378,1721397,6.69,CN(C(=O)N(CCCl)N=O)c1ccc2ncnc(Nc3cccc(Cl)c3)c2c1
CHEMBL4520341,19158934,7.92,C=CC(=O)Nc1cc(Nc2ncc(Cl)c(Nc3ccccc3P(C)(C)=O)n2)c(OC)cc1N(C)CCN(C)C
CHEMBL4288262,18765355,6.64,Clc1ccc(Nc2cc(Nc3cccc(Cl)n3)ncn2)cc1
CHEMBL5753909,26587499,7.72,C=CC(=O)Nc1cc2c(Nc3ccc(Br)cc3F)ncnc2cc1OCCNC(=O)C=CC
CHEMBL5200598,24919432,7.48,COc1cc(N2CCC(N3CCN(C)CC3)CC2)ccc1Nc1ncc(Cl)c(-c2cn(S(=O)(=O)C3CC3)c3ccccc23)n1
CHEMBL4859542,23177927,7.31,C#Cc1cccc(Nc2ncnc3cc(OC)c(OCCCCC(=O)Nc4ccc(S(N)(=O)=O)cc4)cc23)c1
CHEMBL3753532,16435164,7.61,COc1cc(NC(=O)Nc2ccccn2)cc(-c2c[nH]cn2)c1OC
CHEMBL4439632,19293622,8.0,C=C(Cl)C(=O)Nc1cc(Nc2nc(C)cc(-c3cn(C)c4ccccc34)n2)c(OC)cc1N(C)CCN(C)C
CHEMBL4102288,18172273,6.2,CCC(=O)N1CC[C@H](N2C(=O)N(c3cc(OC)ccc3F)Cc3cnc(Nc4ccc(N5CCOCC5)c(C)c4)nc32)C1
CHEMBL1232944,15685135,5.72,C=CC(=O)Nc1ccc2c(Nc3cc[nH]n3)nc(-c3ccccc3)nc2c1
CHEMBL5876937,27071696,6.26,NC(=O)c1ncc(N2CCC[C@@H](NC(=O)c3ccccc3)C2)nc1Nc1ccc(C2CCN(C3CCCC3)CC2)cc1
CHEMBL4284841,18798654,6.97,COc1ccc(C2=C(C#N)C3=NC4=Nc5ccc(S(=O)(=O)N6CCOCC6)cc5C4=NC3C(O)=C2C#N)cc1
CHEMBL5960910,28404422,8.52,CC(C)(C)CNc1c(C#N)cnc2c(Cl)cc(N[C@H](C3=CN(C4CC4)NN3)c3cccn4cncc34)cc12
CHEMBL5852243,28405283,7.39,CC(C)(C)CNc1c(C#N)cnc2c(Cl)cc(N[C@H](C3=CN(C4(C(F)(F)F)CC4)NN3)c3cccc4nccnc34)cc12
CHEMBL3746421,16416929,5.175,CC(=O)N1N=C(c2ccc(C(F)(F)F)cc2)CC1c1ccc(C(=O)OC(C)Cn2c([N+](=O)[O-])cnc2C)cc1
CHEMBL5785275,28517204,5.81,C=CC(=O)N1CCCCC(N(C)c2nc(Nc3ccc(N4CCOCC4)cc3)c3c(c2F)CNC3=O)C1
CHEMBL4103893,18172283,6.05,CCC(=O)N1CC[C@H](N2C(=O)N(c3cc(OC)ccc3F)Cc3cnc(Nc4ccc(N5C[C@@H](C)N(C)[C@@H](C)C5)c(C)c4)nc32)C1
CHEMBL5948463,28404338,8.7,CC(C)(C)CNc1c(C#N)cnc2c(Cl)cc(N[C@H](C3=CN(C4CC4)NN3)c3cccc4ncsc34)cc12
CHEMBL5852720,28404539,8.52,Cc1nc(F)ccc1[C@H](Nc1cc(F)c2ncc(C#N)c(NCC(C)(C)C)c2c1)C1=CN(C2(C#N)CC2)NN1
CHEMBL4084249,17967054,7.01,COc1ccc(-c2nnc(Cc3nc4ccccc4[nH]3)o2)cc1
CHEMBL6050763,28405409,8.7,Cn1ccc2c([C@H](Nc3cc(Cl)c4ncc(C#N)c(NCC(C)(C)C)c4c3)C3=CN(C4(C)CC4)NN3)cccc2c1=O
CHEMBL1173714,3364625,5.17,Cc1ncc([N+](=O)[O-])n1CCOC(=O)/C=C/c1ccc(C(C)C)cc1
CHEMBL5427045,25533381,5.71,Cn1cc(-c2ccnc(Nc3cc(Cl)c4c(cnn4CCN4CCOCC4)c3)n2)c2ccccc21
CHEMBL3357637,15112249,9.74,CCOc1cc2ncnc(Nc3ccc(OCc4ccccn4)c(Cl)c3)c2cc1NC(=O)/C(F)=C/CN(C)C
CHEMBL5765177,28404866,8.7,CC(C)(C)CNc1c(C#N)cnc2c(Cl)cc(N[C@H](C3=CN(C4(CF)CC4)NN3)c3cccc4ccncc34)cc12
CHEMBL5975352,28405316,8.7,Cn1ccc2c([C@H](Nc3cc(Cl)c4ncc(C#N)c(NCC(C)(C)C)c4c3)C3=CN(C4CC4)NN3)cccc2c1=O
CHEMBL1958221,8049025,5.9,COc1ccc(C2=NN(C3=NC(=O)CS3)C(c3ccc(Br)cc3)C2)cc1
CHEMBL4059610,17967282,4.0,Oc1ccc(-c2nnc(Cc3nc4ccccc4[nH]3)o2)cc1
CHEMBL489111,2390173,8.82,C=CC(=O)Nc1cc2c(Cc3cccc(C)c3)ncnc2cc1OCCCN1CCOCC1
CHEMBL5864041,27738038,5.26,COc1ccccc1C(=O)NCc1ccc(-c2nn([C@H]3C=C[C@H](n4ccnn4)C3)c3ncnc(N)c23)cc1
CHEMBL5934729,28404476,9.0,CC(C)(C)CNc1c(C#N)cnc2c(C#N)cc(N[C@H](C3=CN(C4(c5ccncc5)CC4)NN3)c3cccc4ncsc34)cc12
CHEMBL2070197,10988321,6.2,Brc1cccc(Nc2ncnc3ccc(NCc4ccc5c(c4)OCO5)cc23)c1
CHEMBL5398855,25482727,6.27,Cc1ccc(Nc2nccc(-c3cn(C)c4ccccc34)n2)cc1OCCOCCn1ccnc1[N+](=O)[O-]
CHEMBL4090083,17956896,8.13,NP(=O)(OCCCCOc1ccc2ncnc(Nc3cccc(Br)c3)c2c1)N(CCCl)CCCl
CHEMBL4791953,22968050,6.7,CN1CCN(Cc2ccc(Nc3nc(Oc4ccc5ccc(=O)[nH]c5c4)c4sccc4n3)cc2)CC1
CHEMBL5889345,28517201,5.78,C=CC(=O)N1CCCC(N(C)c2nc(Nc3cc(C)ns3)c3c(c2F)CNC3=O)C1
CHEMBL4176787,18427560,7.14,COc1cc2ncnc(N3CCCc4ccccc43)c2cc1NC(=O)/C=C/CN(C)C
CHEMBL4099377,18248412,8.0,C=CC(=O)Nc1cc(Nc2ncnc(-c3cn(C)c4ccccc34)c2F)c(OC)cc1N(C)CCN(C)C
CHEMBL3325474,15118447,5.37,COC(=O)C1=C(N)N(c2cccnc2)C2=C(C(=O)CCC2)C1c1cc2cc(C)ccc2n2nnnc12
CHEMBL3633774,15774396,8.4,NC(=O)Nc1ccc2ncnc(Nc3ccc(Oc4cccc(C(F)(F)F)c4)c(Cl)c3)c2c1
CHEMBL208240,1721407,6.17,Cc1cccc(Nc2ncnc3ccc(NC(=O)NCCCl)cc23)c1
CHEMBL51853,1088916,7.8,Nc1cc2c(Nc3cccc(Br)c3)ncnc2cn1
CHEMBL3622670,15743441,8.15,CC(C)NC/C=C/C(=O)Nc1cc2c(Nc3ccc(F)c(Cl)c3)ncnc2cc1O[C@H]1CCOC1
CHEMBL5970897,28405574,8.1,Cc1nc(F)ccc1[C@H](Nc1cc(C#N)c2ncc(C#N)c(NCC3(C(F)(F)F)CCC3)c2c1)C1=CN(C2(C(F)F)CC2)NN1
CHEMBL5812784,28404893,8.15,CC(C)(C)CNc1c(C#N)cnc2c(Cl)cc(N[C@H](C3=CN(C4(C(F)F)CC4)NN3)c3cccc4c3NNC4)cc12
CHEMBL460721,2390208,9.14,CCN(CC)CCCNC(=O)/C=C/C(=O)Cc1cc2c(Nc3cccc(Br)c3)ncnc2cn1
CHEMBL5188948,24756991,7.77,CN1CCN(c2ccc(Nc3ncc4cc(CNc5ccccc5)n(C5CCCC5)c4n3)cc2)CC1
CHEMBL380454,1715582,7.1,COc1cc2ncnc(Nc3cccc(Cl)c3F)c2cc1CN1CC[C@H](C(N)=O)C1
CHEMBL5566277,25979156,8.0,COc1cccc(-c2c(NC(=O)/C=C/[C@H]3CCCN3C)ccc3ncnc(Nc4ccc(OCc5ccccn5)c(Cl)c4)c23)c1
CHEMBL3977326,16668204,7.68,CCC(=O)Nc1cc2c(Nc3ccc4c(ccn4Cc4ccccc4)c3)ncnc2cc1OC
CHEMBL5893885,27737537,5.26,COc1ccccc1C(=O)NCc1ccc(-c2nn(C3CCCO3)c3ncnc(N)c23)cc1
CHEMBL5196254,24823393,6.96,COc1cc(N(C)CCN(C)C)c(NC(=O)c2nccn2C)cc1Nc1nccc(-c2cn(C)c3ccccc23)n1
CHEMBL6046442,28405334,7.82,Cc1nc(F)ccc1[C@H](Nc1cc(Cl)c2ncc(C#N)c(NCC(C)(C)C)c2c1)C1=CN(CC2(C(F)(F)F)CC2)NN1
CHEMBL5827561,27653123,6.26,COc1cccc(Nc2ncc(C(F)(F)F)c(N[C@@H]3CCC[C@H](C(=O)C=C(C)C)C3)n2)c1
CHEMBL5200760,24902230,6.45,CCCn1ccc2cc(Nc3ncnc4ccc(N)cc34)ccc21
CHEMBL6056251,27652799,7.26,C=CC(=O)Nc1cccc(Nc2nc(Nc3cccc(OCCO)c3)ncc2F)c1
CHEMBL5411886,25665187,9.05,CCS(=O)(=O)Nc1nc(-c2ccc(F)cc2)c(-c2ccnc(Nc3ccc4c(ccn4CCN(C)C)c3)n2)s1
CHEMBL301018,12712361,8.42,COc1cc2ncnc(Nc3ccc(F)c(Cl)c3)c2cc1OC
CHEMBL276154,1768060,8.0,COc1cc2ncnc(Nc3ccc(F)c(Cl)c3)c2cc1OC1CCN(C)CC1
CHEMBL3671485,26587382,7.85,C=CC(=O)Nc1cc2c(Nc3ccc(Br)cc3F)ncnc2cc1OCC1CCN(C(=O)NC(C)(C)C)CC1
CHEMBL4440012,19226237,6.5,COc1ccc(/C(CSc2nc3c([nH]2)c(=O)n(C)c(=O)n3C)=N\O)cc1
CHEMBL2029438,10883645,9.17,C=CC(=O)Nc1cccc(N2C(=O)N(Cc3ccccc3)Cc3cnc(Nc4ccc(N5CCN(C)CC5)cc4OC)nc32)c1
CHEMBL5790648,28394591,10.8,COc1cc2ncnc(Nc3cccc(Cl)c3F)c2cc1N1CC2(CN(C)C2)OC1=O
CHEMBL3977192,16808784,7.11,NC(=S)NNc1nncc2ccccc12
CHEMBL2325104,12657580,6.03,NC(=S)N1N=C(c2ccc(Cl)cc2)CC1c1cccc2ccccc12
CHEMBL1243345,3436098,7.64,CCOc1cc2ncc(C#N)c(Nc3ccc(F)c(Cl)c3)c2cc1NC(=O)/C=C/CN(C)CCF
CHEMBL4291900,18783595,7.02,C=CC(=O)Nc1cccc(Nc2nc(Nc3ccc(OCCN4CCOCC4)cc3)ncc2Cl)c1
CHEMBL5202846,24907650,7.93,Cc1cc(Nc2ncnc3cc(O)c(NC(=O)/C=C/[C@H]4CCCN4C)cc23)ccc1Oc1cnn2cnnc2c1
CHEMBL6062783,28404479,8.7,CC(C)(C)CNc1c(C#N)cnc2c(C#N)cc(N[C@H](C3=CN(C4(CO)CC4)NN3)c3cccc4ncsc34)cc12
CHEMBL446250,2271310,8.52,COc1ccccc1Cc1nc2ccc(-c3nn([C@H]4CC[C@H](N5CCN(CC6CC6)CC5)CC4)c4ncnc(N)c34)cc2[nH]1
CHEMBL3612573,15711399,6.36,CCOC(=O)c1ccc(O)c(Nc2ncnc3cc4oc(=O)n(CCOC)c4cc23)c1
CHEMBL474343,2390226,8.24,C=CC(=O)NC1=CC=C2N=CN=C(Nc3ccc(Oc4ccccc4)cc3)C21
CHEMBL5998932,28404998,7.24,Cc1nc(F)ccc1[C@H](Nc1cc(C#N)c2ncc(C#N)c(NCC3(C(F)F)CC3)c2c1)C1=CN(C2(C(F)(F)F)CC2)NN1
CHEMBL1828866,6358471,5.08,Cc1ccc(S(=O)(=O)NC(=O)Cc2ccc(F)cc2)cc1
CHEMBL3623282,15745750,8.3,COc1cc2ncnc(Nc3cccc(Cl)c3F)c2cc1OC(=O)N1CCN(C)CC1
CHEMBL5896750,27653348,6.26,C=CC(=O)Nc1cccc(Nc2nc(Nc3ccc(Cl)c(O[C@H](C)CO)c3)ncc2F)c1
CHEMBL4476791,19168151,8.65,C=CC(=O)Nc1cc(Nc2nccc(NC(=O)c3ccccc3)n2)c(OC)cc1N(C)C
CHEMBL4863109,23276951,5.28,COc1ccc(NC(c2ccc(OC)cc2)n2c(=O)ccc3cc(O)ccc32)cc1
CHEMBL4749765,22844282,7.55,O=C(Nc1cc2c(Nc3ccc(OCc4cccc(F)c4)c(Cl)c3)ncnc2cc1OCCCN1CCOCC1)c1cc([N+](=O)[O-])ccc1F
CHEMBL5918479,26839111,6.55,Fc1ccc(Nc2ncnc3ccc(N[C@@H](c4ccc(Cl)cc4)c4cn(C5COC5)nn4)cc23)cc1Cl
CHEMBL5207083,24919477,7.89,COc1cc(N2CCC(N3CCN(C)CC3)CC2)ccc1Nc1ncc(Cl)c(-c2cn(C(C)=O)c3ccccc23)n1
CHEMBL5984403,28405931,8.22,Cc1nc(F)ccc1[C@H](Nc1cc(Cl)c2ncc(C#N)c(NCC(C)(C)C(F)(F)F)c2c1)C1=C(F)N([C@@H](C)CF)NN1
CHEMBL4204596,18456095,5.51,COc1cc(N2CCN(C)CC2)ccc1Nc1ncc(Cl)c(Oc2ccccc2N=C=S)n1
CHEMBL3622678,15743433,8.38,C#Cc1cccc(Nc2ncnc3cc(OCC)c(NC(=O)/C=C/CNC4CC4)cc23)c1
CHEMBL3752365,16443117,7.11,C=CC(=O)Nc1cccc(-n2c(=O)cc(C)c3cnc(Nc4ccc(N5CCN(C)CC5)cc4OC(C)C)nc32)c1
CHEMBL4867893,23310029,7.05,C#CC(=O)N1CC(c2cnn3c(C(N)=O)c(-c4ccc(Oc5ccc(OC)cc5)cc4)[nH]c23)C1
CHEMBL3357644,15112242,9.52,COc1cc2ncnc(Nc3ccc(F)c(Cl)c3)c2cc1NC(=O)/C(F)=C\CN1CCOCC1
CHEMBL5194966,24902233,8.08,Nc1ccc2ncnc(Nc3ccc4c(ccn4Cc4cccc(Cl)c4)c3)c2c1
CHEMBL5882138,27737993,6.26,COc1ccccc1C(=O)NCc1ccc(-c2nn([C@@H]3CCc4ccccc43)c3ncnc(N)c23)cc1
CHEMBL6061899,28404644,6.91,Cn1cnc2c([C@H](Nc3cc(Cl)c4ncc(C#N)c(NCC(C)(C)C)c4c3)C3=CN(C4(C(F)(F)F)CC4)NN3)cccc21
CHEMBL1928956,7963954,6.2,O=C(Cc1cc(F)c(F)cc1F)Nc1cccc(Oc2cc(Nc3ccc(OCc4cccc(F)c4)c(Cl)c3)ncn2)c1
CHEMBL5398953,25533362,7.43,CCn1ncc2cc(Nc3nccc(-c4cn(S(=O)(=O)CC)c5ccccc45)n3)cc(NC(=O)C(C)C)c21
CHEMBL6013340,28883648,7.26,C=CC(=O)N1CC(Nc2cncc(-c3cnc(Nc4cccc(C)n4)nc3)n2)C1
CHEMBL204335,1697631,5.7,COc1ccc2c(c1)CNc1c(NCc3ccccc3)ncnc1O2
CHEMBL3950549,16668247,8.7,COc1cc2ncnc(Nc3ccc(F)c(Cl)c3)c2cc1NC(=O)/C=C/CN(C(C)C)C(C)C
CHEMBL5289250,25066913,5.75,C=CC(=O)N1CCC(C2CCNc3c(C(N)=O)c(-c4cc(OC)c(Cl)c(OC)c4)nn32)CC1
CHEMBL4797395,22848911,7.39,CN1CCN(c2ccc(Nc3ncc4nc(Nc5ccc(F)cc5)n([C@H]5CCCN(C(=O)CO)C5)c4n3)cc2)CC1
CHEMBL6026192,26749658,8.38,O=C1CCc2c(Oc3ccc4c(c3)[C@H]3[C@H](NC(=O)c5ccc(CN6CCC[C@@H](O)C6)c(C(F)(F)F)c5)[C@H]3O4)ccnc2N1
CHEMBL3671504,26587442,7.05,C=CCCOc1cc2ncnc(Nc3ccc(Br)cc3F)c2cc1NC(=O)C=C
CHEMBL5421809,25482736,6.29,Cn1cc(-c2ccnc(Nc3ccc(OCCOCCn4ccnc4[N+](=O)[O-])cc3)n2)c2ccccc21
CHEMBL5439200,25533388,7.15,CN(C)CCn1ncc2cc(Nc3ncc(Cl)c(-c4cn(C)c5ccccc45)n3)ccc21
CHEMBL3923650,16668237,6.28,CCC(=O)Nc1cc2c(Nc3ccc(NS(=O)(=O)c4ccccc4)nc3)ncnc2cc1OC
CHEMBL6056654,28403846,8.4,Cc1ncsc1[C@H](Nc1cc(Cl)c2ncc(C#N)c(Nc3cccc(Cl)c3F)c2c1)C1=CN(C(C)(C)C)NN1
CHEMBL5852605,28405442,8.7,CC(C)(C)CNc1c(C#N)cnc2c(Cl)cc(N[C@H](C3=CN(C45CC(C4)C5)NN3)c3cccc4c(=O)[nH]ccc34)cc12
CHEMBL3233767,14586663,7.8,C=CC(=O)Nc1cc2c(Nc3ccc(F)c(Cl)c3)ncnc2s1
CHEMBL5891594,27653114,7.26,C=CC(=O)Nc1cccc(Nc2nc(Nc3cccc(OC)c3)ncc2C(N)=O)c1
CHEMBL5930652,28404545,9.0,Cc1nc(F)ccc1[C@H](Nc1cc(F)c2ncc(C#N)c(NCC(C)(C)C)c2c1)C1=CN(C2(C(N)=O)CCC2)NN1
CHEMBL3910297,16894717,6.0,C[C@@H](Nc1ncnc2[nH]c(-c3ccc(CNCC(=O)NO)cc3)cc12)c1ccccc1
CHEMBL437890,1681969,8.96,CN1CCN(CCC#CC(=O)Nc2cc3c(Nc4ccc(F)c(Br)c4)ncnc3cn2)CC1
CHEMBL5973924,28404326,9.0,N#CCC[C@@H](Nc1c(C#N)cnc2c(C#N)cc(N[C@H](C3=CN(C4CC4)NN3)c3csc4c3CCN(C3COC3)C4)cc12)c1ccccc1
CHEMBL3805859,16588578,8.44,CCOc1cc2ncnc(Nc3ccc(C)cc3)c2c2c1OCCO2
CHEMBL489117,2390242,7.39,CN(C)CCN1Cc2cc3c(Nc4cccc(Br)c4)ncnc3cc21
CHEMBL5887123,28405592,8.15,CCC(F)(F)CN1C=C([C@@H](Nc2cc(C#N)c3ncc(C#N)c(NCC(C)(C)C)c3c2)c2ccc(F)nc2C)NN1
CHEMBL1090352,3240722,6.06,O=C(CC1CCCCC1)Nc1cccc(-c2nc3sccn3c2-c2ccnc(Nc3ccc(N4CCOCC4)cc3)n2)c1
CHEMBL4758204,22892154,6.21,COc1cc(/C=N\Nc2nc(-c3nc4ccccc4n3C)cs2)cc(OC)c1OC
CHEMBL3979610,16808788,8.22,Fc1ccc(Nc2nncc3ccccc23)cc1
CHEMBL3218002,14543396,5.92,C#Cc1cccc(Nc2ncnc3ccc(S(=O)(=O)n4ccc(/C=C/C(=O)NO)c4)cc23)c1
CHEMBL247916,2038908,6.28,NC1CCN(Cc2ccn3ncnc(Nc4ccc5c(cnn5Cc5ccncc5)c4)c23)CC1
CHEMBL204268,1696701,6.73,COc1cc(OC2CCOC2)c2c(Nc3ccc(F)c(Cl)c3)ncnc2c1
CHEMBL5852304,27737591,5.26,COc1ccc(C)cc1C(=O)NCc1ccc(-c2nn(C3CCCC3)c3ncnc(N)c23)cc1
CHEMBL289787,883223,6.01,COc1cccc2c(Nc3cccc(Br)c3)ncnc12
CHEMBL6001194,28405952,7.89,CN(CC(C)(C)C)c1c(C#N)cnc2c(Cl)cc(N(C)[C@H](C3=C(F)N(C4(C(F)F)CC4)NN3)c3cccc4ncccc34)cc12
CHEMBL6052335,28404251,7.42,CCN1CCC(N2C=C([C@@H](Nc3cc(Cl)c4ncc(C#N)c(Nc5ccc(F)c(Cl)c5)c4c3)c3ccc(C(F)(F)F)s3)NN2)CC1
CHEMBL4476689,18896904,5.95,CC/C=C\C(=O)Nc1cc(Nc2nc3c(c(-c4cn(C)c5ccc(F)cc45)n2)CSCC3)c(OC)cc1N(C)CCN(C)C
CHEMBL4091626,17956898,7.96,C#Cc1cccc(Nc2ncnc3ccc(OCCCCOP(N)(=O)N(CCCl)CCCl)cc23)c1
CHEMBL5912353,28405742,8.52,Cn1c(=O)ccc2c([C@H](Nc3cc(C#N)c4ncc(C#N)c(NCC(C)(C)C)c4c3)C3=CN(C45CC(C4)C5)NN3)cccc21
CHEMBL4207305,18456075,5.82,COc1cc(N2CCN(C)CC2)ccc1Nc1ncc(Cl)c(Oc2cccc(NC(=O)CO)c2)n1
CHEMBL4583545,18896910,6.0,C=C(Cl)C(=O)Nc1cc(Nc2nc3c(c(-c4cn(C)c5ccccc45)n2)CS(=O)(=O)CC3)c(OC)cc1N(C)CCN(C)C
CHEMBL5769497,27737654,5.26,COc1ccccc1C(=O)NCc1ccc(-c2nn(C3CCC(=O)C3)c3ncnc(N)c23)cc1
CHEMBL5430958,25691185,8.15,C=CC(=O)Nc1cccc(-c2c(-c3ccc(N4CCN(C)CC4)cc3)oc3ncnc(NCCO)c23)c1
CHEMBL4558324,22782722,8.57,C=CC(=O)Nc1cc(Nc2nccc(-n3cc(CN(C)C)c(-c4ccccc4)n3)n2)c(OC)cc1N1CCOCC1
CHEMBL6047250,27540794,4.78,N#CN1CCCC(n2nc(-c3ccc(Oc4ccc(F)cc4F)cc3)c(C(N)=O)c2N)C1
CHEMBL1095464,3299692,5.04,Cc1ccccc1Cc1cc2c(Nc3cccc(Br)c3)nc(N)nc2[nH]1
CHEMBL453376,2390138,8.0,CS(=O)(=O)CCNCc1nc(-c2ccc3ncnc(Nc4ccc(OCc5cccc(F)c5)c(Cl)c4)c3c2)cs1
CHEMBL4287629,18766032,6.1,O=C(O)CCC(=O)Nc1cc(Nc2ccc(Cl)cc2)ncn1
CHEMBL3360613,14974593,7.92,COc1cc2c(Nc3ccc(OCc4cccc(F)c4)c(Cl)c3)ncnc2cc1OCCCCn1ccnc1[N+](=O)[O-]
CHEMBL2064388,10967424,4.52,O=c1oc2cc3ncnc(Nc4ccccc4O)c3cc2n1CCCN1CCOCC1
CHEMBL4060103,18039963,8.07,C=CC(=O)Nc1cc(Nc2n[nH]c3cc(-c4ccc(F)cc4)ccc23)c(OC)cc1N(C)CCN(C)C
CHEMBL5999223,26810962,8.64,COc1cc2ncnc(Nc3ccc(F)c(Cl)c3)c2cc1NC(=O)/C=C/CN1CCC1CO
CHEMBL3357645,15112241,8.59,O=C(Nc1cc2c(Nc3ccc(F)c(Cl)c3)ncnc2cc1O[C@H]1CCOC1)/C(F)=C/CN1CCCCC1
CHEMBL5795501,27653153,5.26,CC(C)=CC(=O)c1cccc(Nc2nc(Nc3cccc(OC(F)(F)F)c3)ncc2F)c1
CHEMBL4292110,18765346,5.92,CCOC(=O)c1ccc(Nc2cc(Nc3cccc(OC)c3)ncn2)cc1
CHEMBL4786961,22896513,8.0,Fc1ccc(Br)c(F)c1Nc1ncnc2cc3c(cc12)OCCO3
CHEMBL5875012,26749454,9.13,CCN1CCN(Cc2ccc(C(=O)N[C@@H]3[C@H]4Oc5ccc(Oc6ccnc7c6CCC(=O)N7)cc5[C@@H]34)cc2C(F)(F)F)CC1
CHEMBL1093234,3240710,7.26,O=C(Nc1cccc(-c2nc3sccn3c2-c2ccnc(Nc3ccccc3)n2)c1)c1ccccc1
CHEMBL3325475,15118446,5.89,COC(=O)C1=C(N)N(c2cccnc2)C2=C(C(=O)CCC2)C1c1cc2cc(OC)ccc2n2nnnc12
CHEMBL3133897,13975586,5.36,C=CC(=O)N1CCc2c(sc3ncnc(Nc4ccc(Br)c(C)c4)c23)C1
CHEMBL5267140,25023164,6.27,CC(=O)N1CCOc2c1ccc1ncnc(Nc3cccc(C(F)(F)F)c3)c21
CHEMBL5571786,25955007,5.12,CCCC(=O)Nc1cc2c(Oc3ccc(NC(=O)CCCc4ccc(OC)cc4)cc3F)ncnc2cc1OC
CHEMBL4860527,23299081,6.75,C=CC(=O)N1CCCC[C@H]1c1nc(-c2ccc(C(=O)Nc3cc(Cl)ccn3)cc2)c(C(N)=O)n1N
CHEMBL4446258,19132106,7.19,CCC(=O)N1CCC[C@@H](n2c(=O)c(-c3ccccc3Cl)c(C)c3cnc(Nc4ccc(N5CCN(C)CC5)c(C)c4)nc32)C1
CHEMBL5632436,26164361,5.52,Cn1nccc1-c1cc2c(Nc3ccc(OCc4ccccc4)cc3)ncnc2[nH]1
CHEMBL109332,6261344,5.47,COc1cc2ncc(C=O)c(Nc3cccc(Br)c3)c2cc1OC
CHEMBL3416603,15229715,7.44,OC[C@@H](Nc1ncnc2sc(Br)cc12)c1ccccc1
CHEMBL5930251,27069173,6.26,C=CC(=O)N1CCC[C@@H](N(C)c2cnc(C(N)=O)c(Nc3ccc(C(=O)N4CCOCC4)cc3)n2)C1
CHEMBL3699603,16344165,8.26,C=CC(=O)Nc1cccc(Nc2nc(Nc3ccc(N4CCN(C(=O)NC)CC4)cc3OC)ncc2C(F)(F)F)c1
CHEMBL5197545,24741588,9.92,CCc1cc(Nc2ncc(Br)c(Nc3ccc4c(c3P(C)(C)=O)OCCO4)n2)c(OC)cc1N1CCC(N2CC(COC)C2)CC1
CHEMBL2385988,13322643,5.22,CCOc1ccc(C(=O)Nc2nccc(-c3cccnc3)n2)cc1NC(=O)/C=C/CN(C)C
CHEMBL6053889,27738146,5.26,COc1ccccc1C(=O)NCc1ccc(-c2nn(CC(C)O)c3ncnc(N)c23)cc1
CHEMBL2070191,10988322,6.24,Clc1cccc(Nc2ncnc3ccc(NCc4ccc5c(c4)OCO5)cc23)c1
CHEMBL225929,1881012,7.15,ClCCN(CCN/N=N/c1ccc2ncnc(Nc3cccc(Cl)c3)c2c1)Cc1ccccc1
CHEMBL3699614,16302782,8.26,C=CC(=O)Nc1cccc(Nc2nc(Nc3ccc(N4CCN(C(C)=O)CC4)cc3OC)ncc2Br)c1
CHEMBL4078920,18243199,6.59,C=CC(=O)Nc1cccc(-c2c[nH]c3nccc(-c4[nH]c(CCCO)nc4C4CC4)c23)c1
CHEMBL3926558,16895184,8.22,C=CC(=O)N1CC(Oc2cc3c(N[C@H](C)c4ccccc4)ncnc3cc2OC)C1
CHEMBL5979639,27737714,6.26,COc1ccncc1C(=O)NCc1ccc(-c2nn(C3CCCC3)c3ncnc(N)c23)cc1
CHEMBL454002,2202719,5.0,N#CC(C#N)=C(C#N)c1cc(O)cc(O)c1
CHEMBL6060281,28403780,8.1,Cc1ncccc1[C@H](Nc1cc(Cl)c2ncc(C#N)c(N[C@H](C)c3ccccc3)c2c1)C1=CN(C2CCN(C(C)(C)C)CC2)NN1
CHEMBL4443188,18955871,8.56,COC[C@H](C)Oc1cc2ncnc(Nc3ccc(F)c(Cl)c3)c2cc1NC(=O)/C=C/CN(C)C
CHEMBL3671482,26587373,7.89,C=CC(=O)Nc1cc2c(Nc3c(F)cc(Br)cc3F)ncnc2cc1OCC1CCN(C(C)=O)CC1
CHEMBL1380839,16808783,7.12,CCN=C(S)NNc1nncc2ccccc12
CHEMBL5885285,28403189,7.96,N#Cc1cnc2c(Cl)cc(N[C@H](C3=CNNN3)c3cccc4c3SCN4)cc2c1Nc1cnc(F)c(F)c1
CHEMBL3676371,26587796,7.24,C=CC(=O)Nc1cc2c(Nc3ccc(Br)c(Cl)c3F)ncnc2cc1OCCNC(=O)CN(CC)CC
CHEMBL3098322,13868177,5.37,COc1cc2nc(Cl)nc(Nc3ccc(O)cc3)c2cc1OC
CHEMBL4468034,19293631,6.75,CC/C=C\C(=O)Nc1cc(Nc2nccc(-c3cn(C)c4ccccc34)n2)c(OC)cc1N(C)CCN(C)C
CHEMBL5986263,28405619,8.7,Cc1nc(F)ccc1[C@H](Nc1cc(C#N)c2ncc(C#N)c(NCC(C)(C)C(F)(F)F)c2c1)C1=CN(C2(C)CC2)NN1
CHEMBL3671490,26587400,8.52,C=CC(=O)Nc1cc2c(Nc3ccc(Br)cc3F)ncnc2cc1OCCCNC
CHEMBL5909282,28404932,7.92,CC(C)(C)CNc1c(C#N)cnc2c(Cl)cc(N[C@H](C3=CN(C4(C(F)(F)F)CC4)NN3)c3ccc(F)c4cnccc34)cc12
CHEMBL5912163,28405394,8.4,CC(C)(C)CNc1c(C#N)cnc2c(Cl)cc(N[C@H](C3=CN(C4(C(F)(F)F)CC4)NN3)c3cccc4c(=O)n(CC(F)(F)F)ccc34)cc12
CHEMBL3699582,16299253,7.7,C=CC(=O)Nc1cccc(Nc2nc(Nc3ccc(N4CCOCC4)cc3OC)ncc2C(F)(F)F)c1
CHEMBL5559069,25866182,6.68,C=CC(=O)N1CC[C@H](n2cc(-c3ccncc3)c(-c3cccc(NC(=O)c4cn(C5CC5)cn4)c3)n2)C1
CHEMBL5798313,28404671,8.7,Cn1ncc2c([C@H](Nc3cc(C#N)c4ncc(C#N)c(NCC(C)(C)C)c4c3)C3=CN(C4(C)CC4)NN3)cccc21
CHEMBL3775459,16499800,6.73,Cc1cccc(Nc2ncnc3cc4c(cc23)N(CCCN2CCOCC2)C(=O)CO4)c1
CHEMBL3086104,13826558,7.45,C=CC(=O)N1CC[C@H](N2C(=O)N(c3ccccc3)Cc3cnc(Nc4ccc(N5CCN(C)CC5)c(Cl)c4)nc32)C1
CHEMBL3981621,16739491,7.03,c1ccc(CNc2ncnc3oc(-c4ccccc4)cc23)cc1
CHEMBL5801115,28405583,8.3,Cc1nc(F)ccc1[C@H](Nc1cc(C#N)c2ncc(C#N)c(NCC(C)(C)C)c2c1)C1=CN([C@@H]2CC2C(F)F)NN1
CHEMBL3612562,15711354,6.72,C#Cc1cccc(Nc2ncnc3cc4oc(=O)n(CCOC)c4cc23)c1
CHEMBL2437488,13483459,7.96,C=CC(=O)Nc1cccc(-n2c(=O)cnc3cnc(Nc4ccccc4)nc32)c1
CHEMBL2064390,10967426,5.52,CC(C)Oc1cccc(Nc2ncnc3cc4oc(=O)n(CCCN5CCOCC5)c4cc23)c1
CHEMBL6026804,28404803,7.18,Cn1cc2cccc([C@H](Nc3cc(C#N)c4ncc(C#N)c(NCC(C)(C)C)c4c3)C3=CN(C4(C(F)(F)F)CC4)NN3)c2n1
CHEMBL5928946,28405091,9.0,Cc1nc(F)ccc1[C@H](Nc1cc(Cl)c2ncc(C#N)c(N[C@@H]3CCOCC3(C)C)c2c1)C1=CN(C2(C3CC3)CC2)NN1
CHEMBL3092324,13852039,7.39,CS(=O)(=O)CCNC(=O)Nc1cc2c(Nc3ccc(F)c(Cl)c3)ncnc2cc1O[C@H]1CCOC1
CHEMBL5920399,28403708,8.3,N#Cc1cnc2c(Cl)cc(N[C@H](C3=CNNN3)c3cccnc3)cc2c1Nc1cnc(F)c(F)c1
CHEMBL5785692,28403243,7.26,CC(C)(C)N1CCC(N2C=C([C@@H](Nc3cc(Cl)c4ncc(C#N)c(Nc5ccc(F)c(Cl)c5)c4c3)c3ccc4c(c3)NCC4)NN2)CC1
CHEMBL5925537,27070346,5.26,CN(C)Cc1ccc(Nc2nc(N3CCC[C@@H](NC(=O)N(C)C)C3)cnc2C(N)=O)cc1
CHEMBL3892567,16739493,8.41,OC[C@@H](Nc1ncnc2oc(-c3ccccc3)cc12)c1ccccc1
CHEMBL5401490,25482734,6.09,Cn1cc(-c2ccnc(Nc3cccc(C(=O)NCCOCCn4ccnc4[N+](=O)[O-])c3)n2)c2ccccc21
CHEMBL4796408,22892164,6.25,Cn1c(-c2csc(N/N=C\c3ccncc3)n2)nc2ccccc21
CHEMBL3357641,15112245,9.8,CN(C)C/C=C(\F)C(=O)Nc1cc2c(Nc3ccc(F)c(Cl)c3)ncnc2cc1O[C@H]1CCOC1
CHEMBL427298,1062251,6.69,CN(C)CCn1cnc2c(Cl)c3c(Nc4cccc(Br)c4)ncnc3cc21
CHEMBL5920681,27071531,5.26,CN(C)C(=O)N1CCC[C@@H]2[C@H]1CCCN2c1cnc(C(N)=O)c(Nc2ccc(C3CCN(C4CCCC4)CC3)cc2)n1
CHEMBL4125772,18304095,7.04,C=CC(=O)Nc1cccc(-n2c(=O)n(C)c(=O)c3cnc(Nc4ccc(N5CCSCC5)cc4OC)nc32)c1
CHEMBL95320,108868,6.07,C#Cc1cccc(Nc2c(C#N)cnc3cc(OCCOC)c(OCCOC)cc23)c1
CHEMBL4458843,19445311,7.37,CC1CCCCN1C/C=C/C(=O)N1CCOc2cc3ncnc(Nc4ccc(F)c(Cl)c4)c3cc21
CHEMBL5923801,26961235,6.03,C=C(C)C(=O)N1CCC[C@@H](n2nc(C(=O)Nc3nc4cc(Cl)ccc4o3)c3c(N)ncnc32)C1
CHEMBL3676374,26587805,7.62,C=CC(=O)Nc1cc2c(Nc3ccc(Br)cc3F)ncnc2cc1OCC(C)NC(=O)CCN(CC)CC
CHEMBL3759986,16457575,8.52,OCc1cccc(-c2cc3c(N[C@H](CO)c4ccccc4)ncnc3s2)c1
CHEMBL3416592,15229684,9.0,COc1ccccc1-c1cc2c(N[C@H](CO)c3ccccc3)ncnc2s1
CHEMBL2148046,12036054,7.28,CC(C)S(=O)(=O)CC(=O)NCCn1ccc2ncnc(Nc3ccc(Oc4cccc(C(F)(F)F)c4)c(Cl)c3)c21
CHEMBL4462318,19114742,6.75,COc1cc2c(Oc3ccc(NS(=O)(=O)c4c(F)cccc4F)cc3F)ccnc2cc1OCCCN1CCN(C)CC1
CHEMBL5793789,28403720,7.8,N#Cc1cnc2c(Cl)cc(N[C@@H](C3=CCOCC3)C3=CNNN3)cc2c1Nc1ccc(Cl)c(Cl)c1F
CHEMBL1272167,3521895,5.61,C=CS(=O)(=O)N1CCc2c(sc3ncnc(N[C@H](CO)c4ccccc4)c23)C1
CHEMBL194958,1601131,6.92,CCc1c(C(N)=O)cn2ncnc(Nc3ccc4c(cnn4Cc4ccccc4)c3)c12
CHEMBL5914449,27750644,7.66,C=CC(=O)Nc1cc(Nc2nccc(-c3cnc4c(ccn4C)c3)n2)c(OC)cc1N(C)CCN1CCCC1
CHEMBL5766528,27750710,7.85,C=CC(=O)Nc1cc(Nc2ncc(Cl)c(-c3cnc4c(ccn4C(C)C)c3)n2)c(OC)cc1N(C)CCN(C)C
CHEMBL4075015,18189865,6.68,C=CC(=O)N1CCC[C@@H](n2nc(-c3ccc(N(C)C)c4ccccc34)c3c(N)ncnc32)C1
CHEMBL5838641,28404245,6.3,Cn1cc([C@H](Nc2cc(Cl)c3ncc(C#N)c(Nc4ccc(F)c(Cl)c4)c3c2)c2cccnc2)nn1
CHEMBL3959248,16668418,8.3,COCCOc1cc2ncnc(Nc3ccc4c(cnn4Cc4ccccc4)c3)c2cc1NC(=O)/C=C/CN(C)C
CHEMBL4446546,18896908,5.9,CC/C=C\C(=O)Nc1cc(Nc2nc3c(c(-c4cn(C)c5ccccc45)n2)CSCC3)c(OC)cc1N(C)CCN(C)C
CHEMBL50470,1178188,5.87,CCN(CC)CCCNc1ncc2cc(-c3c(Cl)cccc3Cl)c(=O)n(C)c2n1
CHEMBL247104,2038922,7.32,OCCNC1CCN(Cc2ccn3ncnc(Nc4ccc5c(cnn5Cc5cccc(F)c5)c4)c23)CC1
CHEMBL4095195,17967064,4.3,Cc1ccccc1Cc1nnc(Cc2nc3ccccc3[nH]2)o1
CHEMBL5860809,28403996,8.22,CC(C)N1C=C([C@@H](Nc2cc(Cl)c3ncc(C#N)c(Nc4ccc(F)c(Cl)c4)c3c2)c2ccnn2C)NN1
CHEMBL5569696,25979176,8.98,O=C(/C=C/CNC1CC1)Nc1ccc2ncnc3c2c1CCN3c1ccc(OCc2ccccn2)c(Cl)c1
CHEMBL4451538,19187573,6.52,CCOc1cc2ncc(C#N)c(Nc3ccc(F)c(Cl)c3)c2cc1NC(=O)CC1CCSS1
CHEMBL4566583,19146018,6.67,C=CC(=O)Nc1cc(Nc2nccc(-c3cn(C)c4ccccc34)n2)c(OC)cc1N(C)CCSC
CHEMBL5571542,25954988,5.84,CCC(=O)Nc1cc2c(Oc3ccc(NC(=O)CCCc4ccccc4)cc3F)ncnc2cc1OC
CHEMBL5279914,25043255,7.7,COc1cc(C(=NC#N)c2csc(-c3ccccc3)n2)cc(OC)c1OC
CHEMBL5086054,24408186,6.33,C=CC(=O)Nc1cccc(-n2c(=O)c(C3CC3)nc3cnc(Nc4ccc(OCCOC)cc4)nc32)c1
CHEMBL6006961,27750452,7.05,C=CC(=O)Nc1cc(Nc2ncc(F)c(-c3cnc4c(cnn4C)c3)n2)c(OC)cc1N1CCC(N(C)C)CC1
CHEMBL4750196,22844242,8.57,O=C(Nc1cc2c(Nc3ccc(F)c(Cl)c3)ncnc2cc1OCCCN1CCOCC1)c1cc([N+](=O)[O-])ccc1F
CHEMBL5811425,28405904,8.3,Cc1nc(F)ccc1[C@H](Nc1cc(Cl)c2ncc(C#N)c(NCC(C)(C)C)c2c1)C1=C(C2CC2)N(C2CC2)NN1
CHEMBL5933567,28620827,5.92,COc1cc(N2CCNCC2)ccc1Nc1ncc(Cl)c(Nc2ccccc2NS(N)(=O)=O)n1
CHEMBL3237948,14574937,6.29,CCOC(=O)C1=C(N)N(c2cccnc2)C2=C(C(=O)CC(C)(C)C2)C1c1c(C)nn(-c2ccc(C)cc2)c1Cl
CHEMBL4060039,18039949,8.37,C=CC(=O)Nc1cc(Nc2n[nH]c3cc(-c4cccc5ccccc45)ccc23)c(OC)cc1N(C)CCN(C)C
CHEMBL3939913,16752292,8.82,Cc1cccc2nc(NC(=O)c3ccnc(C(F)(F)F)c3)n([C@@H]3CCCCN(C(=O)/C=C/CN(C)C)C3)c12
CHEMBL4873392,23250030,6.34,COc1cc(N2CCN(C(C)=O)CC2)ccc1Nc1ncc(Cl)c(Nc2cccc(NCCS(=O)(=O)F)c2)n1
CHEMBL5750351,28404158,8.7,CCN1CCC(N2C=C([C@@H](Nc3cc(Cl)c4ncc(C#N)c(Nc5ccc(F)c(Cl)c5)c4c3)c3cc(C#N)cs3)NN2)CC1
CHEMBL5786862,28405733,9.0,Cn1ccc2c([C@H](Nc3cc(C#N)c4ncc(C#N)c(NCC(C)(C)C(F)(F)F)c4c3)C3=CN(C4(C)CC4)NN3)cccc2c1=O
CHEMBL5403510,25535998,9.52,C[C@@H](Nc1ncnc2[nH]c(-c3ccc(CO)cc3)cc12)c1ccccc1
CHEMBL3982602,16752351,4.78,C=CC(=O)N1CCC(n2c(NC(=O)c3cccc(C(F)(F)F)c3)nc3cc(C)ccc32)CC1
CHEMBL5205581,24919464,8.21,CCS(=O)(=O)n1cc2c3ccc(cc31)OCCCCCCOc1cc(ccc1N1CCOCC1)Nc1ncc(Cl)c-2n1
CHEMBL3752825,16435166,7.02,Cn1cnc(-c2ccc(OC(F)(F)F)c(NC(=O)Nc3ccncc3)c2)c1
CHEMBL5939422,28722038,7.29,C=CC(=O)N1CCC(Oc2cc3c(Nc4ccc(Br)c(Cl)c4)ncnc3cc2OC)C1
CHEMBL3805584,16589200,7.12,C#Cc1cccc(Nc2ncnc3cc(OC(C)COC)c4c(c23)OCCO4)c1
CHEMBL4514452,19310364,8.83,C=CC(=O)Nc1cccc(-c2c(-c3ccccc3)oc3ncnc(N[C@H](C)c4ccccc4)c23)c1
CHEMBL4752026,28403096,8.1,Cc1nc(N2CCC3(CC2)CO[C@@H](C)[C@H]3N)c(CO)nc1-c1cccc(Cl)c1Cl
CHEMBL3752916,16435168,6.51,Cn1cnc(-c2cc(NC(=O)Nc3nccs3)cc(C(F)(F)F)c2)c1
CHEMBL5284397,25023172,7.99,COCCOc1cc2ncnc(Nc3cccc(Cl)c3)c2c2c1OC(COC)CO2
CHEMBL125086,899092,8.52,CCOc1cc2ncnc(Nc3cccc(-c4ccco4)c3)c2cc1OCC
CHEMBL5902796,26750462,8.74,CCN1CCN(Cc2ccc(C(=O)N[C@@H]3[C@H]4Oc5ccc(Oc6ccnc7c6COC(=O)N7)cc5[C@@H]34)cc2C(F)(F)F)CC1
CHEMBL5769729,28404767,8.7,CC(=O)C1(N2C=C([C@@H](Nc3cc(Cl)c4ncc(C#N)c(NCC(C)(C)C)c4c3)c3cccc4cnccc34)NN2)CC1
CHEMBL4286998,18795773,5.01,c1ccc(-c2nc3sc(-c4ccccc4)cn3n2)cc1
CHEMBL2031307,10888046,9.17,CCOc1cc2ncc(C#N)c(Nc3ccc(F)c(Cl)c3)c2cc1NC(=O)CCN(C)C
CHEMBL5182741,24824815,7.64,CC(C)c1ncc(N2CC[C@H]2C)c2cnc(Nc3ccnc(N4CC[C@@H](O)[C@@](C)(F)C4)n3)cc12
CHEMBL4635100,20708023,6.92,O=C(/C=C/CN1CCCC1)N1CCOc2cc3ncnc(Nc4ccc(OCc5cccc(F)c5)c(Cl)c4)c3cc21
CHEMBL3678948,16346120,8.4,C#Cc1cccc(Nc2nc3cnc(Nc4ccc(N5CCN(C)CC5)cc4)nc3n2C(C)C)c1
CHEMBL2029432,10884003,8.88,C=CC(=O)Nc1cccc(N2C(=O)N(C)Cc3cnc(Nc4ccc(N5CCN(C)CC5)cc4C)nc32)c1
CHEMBL4226151,18581466,6.05,CN1CCN(c2ccc(Nc3ncc4nc(Sc5ccccc5)n(C5CCOCC5)c4n3)cc2)CC1
CHEMBL197640,1603452,8.3,CN1CCC(Oc2cccc3ncnc(Nc4ccc(OCc5cccc(F)c5)c(Cl)c4)c23)CC1
CHEMBL5898177,28405694,9.0,Cn1ccc2c([C@H](Nc3cc(C#N)c4ncc(C#N)c(NCC(C)(C)C)c4c3)C3=CN(C4(C(F)F)CC4)NN3)cccc2c1=O
CHEMBL2029425,10883996,8.55,C=CC(=O)Nc1cccc(N2C(=O)N(C)Cc3cnc(Nc4ccc(N5CCC(N(C)C)CC5)cc4OC)nc32)c1
CHEMBL245798,2045387,6.44,COc1cc2c(N[C@@H]3C[C@H]3c3ccccc3)c(C#N)cnc2cc1OC1CCN(C)CC1
CHEMBL3951434,16752277,8.66,Cc1cccc2nc(NC(=O)c3cccc(C(F)(F)F)c3)n([C@@H]3CCCCN(C(=O)/C=C/CN(C)C)C3)c12
CHEMBL5838142,28405208,8.22,CC(C)(C)CNc1c(C#N)cnc2c(C#N)cc(N[C@H](C3=CN(C4(C(F)F)CC4)NN3)c3ccc4cccnc4c3)cc12
CHEMBL4070454,18243179,7.95,Oc1ccc(-c2nc(-c3ccccc3)c(-c3ccnc4[nH]c(-c5ccccc5)cc34)[nH]2)cc1
CHEMBL3416627,15229670,6.66,COc1ccccc1-c1cc2c(Nc3ccc(OCc4cccc(F)c4)c(Cl)c3)ncnc2s1
CHEMBL5419934,25665178,6.9,COc1cc(N2CCN(C)CC2)ccc1Nc1nccc(-n2ccnc2-c2ccc(F)cc2)n1
CHEMBL3828269,16655513,8.53,Cn1cc(-c2ccc3ncnc(Nc4ccc(F)c(Cl)c4)c3c2)cn1
CHEMBL4076515,18172281,5.89,CCC(=O)N1CC[C@H](N2C(=O)N(c3cc(OC)ccc3F)Cc3cnc(Nc4ccc(N(C)CCN(C)C)c(C)c4)nc32)C1
CHEMBL5992914,28332698,4.52,COC1CCN(c2nccc(Nc3cc4c(cn3)nc(COCCN3CCN(c5ccc6c(c5)C(=O)N(C5CCC(=O)NC5=O)C6=O)CC3)n4C(C)C)n2)CC1
CHEMBL5266919,24976286,8.53,C=CC(=O)N1CCCCCCCn2cc(c3ccccc32)-c2ccnc(n2)Nc2cc1c(OCCCF)cc2F
CHEMBL5960937,28883450,6.89,C=CC(=O)N1CC(Nc2cncc(-c3cnc(Oc4cccc(Cl)c4)nc3)c2)C1
CHEMBL3940089,16895191,9.15,C=CC(=O)N1CCC(Oc2cc3c(Nc4ccc(F)c(Cl)c4F)ncnc3cc2OCCC)CC1
CHEMBL382638,1715588,7.7,COc1cc2ncnc(Nc3ccc(F)c(Cl)c3)c2cc1CN1CCC[C@H]1C(N)=O
CHEMBL490577,2202714,7.0,N#C/C(=C/c1ccc(O)c(O)c1)C(=O)NCCCCc1ccccc1
CHEMBL3699613,16318147,7.98,C=CC(=O)Nc1cccc(Nc2nc(Nc3ccc(N4CCCN(C(=O)OC(C)(C)C)CC4)cc3OC)ncc2C(F)(F)F)c1
CHEMBL2324873,12657570,6.28,Cc1ccc(C2=NN(C(N)=S)C(c3ccc4ccccc4c3)C2)cc1
CHEMBL2425737,13453581,7.66,O=C(CCOc1ccccc1)Nc1ccc2ncnc(Nc3cccc(Br)c3)c2c1
CHEMBL5923252,27737885,5.26,COc1ccccc1C(=O)NCc1ccc(-c2nn([C@@H]3C=C[C@H](O)C3)c3ncnc(N)c23)cc1
CHEMBL4129902,18304108,7.8,C=CC(=O)Nc1cccc(-n2c(=O)n(C(C)C)c(=O)c3cnc(Nc4ccc(N(C)CCN(C)C)cc4OC)nc32)c1
CHEMBL437879,1495676,9.68,COc1cc2ncnc(Nc3cc(Cl)c(Cl)cc3F)c2cc1OC
CHEMBL5280664,25078690,8.98,C=CC(=O)N1CCC(Oc2cc3c(Nc4ccc(Cl)c(Cl)c4F)ncnc3cc2O[C@@H]2CCN(C)C2)CC1
CHEMBL3623289,15745758,7.67,COc1cc2ncnc(Nc3cccc(Cl)c3F)c2cc1OC(=O)N1CCN(C)[C@H](C)C1
CHEMBL1928954,7963952,5.78,O=C(/C=C/c1ccccc1)Nc1cccc(Oc2cc(Nc3ccc(OCc4cccc(F)c4)c(Cl)c3)ncn2)c1
CHEMBL4063301,17989467,8.21,O=C(Nc1ccc2ncnc(Nc3cccc(Cl)c3)c2c1)C1CCCCC1
CHEMBL3759480,16457552,8.82,COc1cc(C(N)=O)ccc1-c1cc2c(N[C@H](CO)c3ccccc3)ncnc2s1
CHEMBL5770747,28403726,8.52,CC[C@@H](Nc1c(C#N)cnc2c(Cl)cc(N[C@H](C3=CN(C4CCCC4)NN3)c3cccnc3)cc12)c1ccccc1
CHEMBL4784258,22835831,10.0,COc1cc(CN(C)CCN(C)C)ccc1-c1cc2c(N[C@H](CO)c3ccccc3)ncnc2[nH]1
CHEMBL6013835,28403939,7.85,CC(C)(C)N1CCC(N2C=C(C(Nc3cc(Cl)c4ncc(C#N)c(Nc5cncc(Cl)c5)c4c3)c3cccnc3)NN2)CC1
CHEMBL5845015,28404809,9.0,CC(C)(C)CNc1c(C#N)cnc2c(C#N)cc(N[C@H](C3=CN(C4(C(N)=O)CC4)NN3)c3cccc4ncccc34)cc12
CHEMBL5568705,25979153,7.4,COc1ccc(-c2c(NC(=O)/C=C/CN(C)C)ccc3ncnc(Nc4ccc(OCc5ccccn5)c(Cl)c4)c23)cc1OC
CHEMBL3647418,26589071,8.22,CCOc1cc2ncc(C#N)c(Nc3ccc(OCc4ccccn4)c(Cl)c3)c2cc1NC(=O)/C=C/[C@@H]1CCCN1
CHEMBL4279008,18795776,5.82,COc1ccc(-c2nc3sc(-c4ccc(Cl)cc4)cn3n2)cc1
CHEMBL5796361,28403315,8.399999999999999,N#CCC[C@@H](Nc1c(C#N)cnc2c(Cl)cc(N[C@H](C3=CN(C4CC4)NN3)c3cccnc3)cc12)c1ccccc1
CHEMBL5176588,24902234,6.59,Cc1cc2cc(Nc3ncnc4ccc(N)cc34)ccc2[nH]1
CHEMBL6048492,28404101,8.0,CC(C)(C)N1CCC(N2C=C([C@@H](Nc3cc(Cl)c4ncc(C#N)c(Nc5ccc(F)c(Cl)c5)c4c3)c3csc4ccccc34)NN2)CC1
CHEMBL5919894,28722470,6.35,C=CC(=O)N1CCC(Oc2cc3c(Nc4ccccc4)ncnc3cc2OC)C1
CHEMBL3604924,15685149,5.72,CCC(=O)Nc1cccc(Oc2nc(Nc3cc(C)[nH]n3)cc(N3CCN(C)CC3)n2)c1
CHEMBL3937373,16752251,7.05,Cc1cccc2nc(NC(=O)c3cccc(C(F)(F)F)c3)n([C@H]3CC[C@H](O)CC3)c12
CHEMBL4303382,28620863,5.89,COc1cc(N2CCOCC2)ccc1Nc1ncc(Cl)c(Nc2ccccc2NS(C)(=O)=O)n1
CHEMBL5933544,28403948,7.7,CC(C)(C)N1CCC(n2cc([C@@H](Nc3cc(Cl)c4ncc(C#N)c(NC5CCCCC5)c4c3)c3cccnc3)nn2)CC1
CHEMBL5957231,26750525,9.37,CCN1CCN(Cc2ccc(C(=O)N[C@@H]3[C@H]4Oc5ccc(Oc6ccnc7c6CNC(=O)N7)cc5[C@@H]34)cc2C(F)(F)F)CC1
CHEMBL1828879,6358485,4.76,O=C(Cc1ccc(Br)cc1)NS(=O)(=O)c1ccc(Br)cc1
CHEMBL4649833,20667655,5.02,CCN1CCN(CCCNc2ccc(Oc3nc4ccccc4c4nncn34)cc2)CC1
CHEMBL4791756,22896512,8.12,Fc1ccc(Br)cc1Nc1ncnc2cc3c(cc12)OCCO3
CHEMBL4105526,18060625,8.13,C=CC(=O)Nc1ccc(OC)c(Nc2cc(-c3[nH]c(SC)nc3C3CC3)ccn2)c1
CHEMBL5436031,25481296,10.22,COc1cc(N2CCC(N(C)CCN(C)C)CC2)c(C)cc1Nc1ncc(Br)c(Nc2ccc3nccnc3c2P(C)(C)=O)n1
CHEMBL4211573,18456085,5.57,COc1cc(N2CCN(C)CC2)ccc1Nc1ncc(Cl)c(Oc2ccc(NC(=O)COCc3ccccc3)cc2)n1
CHEMBL5415311,25481274,10.0,COc1cc(N2CCC(N3CC(F)(CO)C3)CC2)c(C)cc1Nc1ncc(Br)c(Nc2ccc3nccnc3c2P(C)(C)=O)n1
CHEMBL5906294,28403660,8.7,CC[C@@H](Nc1c(C#N)cnc2c(Cl)cc(N[C@H](C3=CN(C4CC4)NN3)c3cccnc3)cc12)c1ccccc1
CHEMBL4456266,19187637,7.75,CCOc1cc2ncc(C#N)c(Nc3ccc(OCc4cccc(F)c4)c(Cl)c3)c2cc1NC(=O)C1CSSC1
CHEMBL5272004,25078693,7.41,C=CC(=O)N1CCC(Oc2cc3c(Nc4ccc(Cl)c(Cl)c4F)ncnc3cc2O[C@@H](C)CC(C)C)CC1
CHEMBL5807695,28404239,7.8,COCCN1C=C([C@@H](Nc2cc(Cl)c3ncc(C#N)c(Nc4ccc(F)c(Cl)c4)c3c2)c2cc(C#N)cs2)NN1
CHEMBL4081727,18155517,5.72,COc1cc(Br)c(/C=C2\CC(C)C/C(=C\c3nc(C)c(C)nc3C)C2=O)cc1OC
CHEMBL4080424,18039946,7.82,C=CC(=O)Nc1cc(Nc2n[nH]c3cc(-c4cccnc4)ccc23)c(OC)cc1N(C)CCN(C)C
CHEMBL2437485,26745547,5.22,CN(C)C/C=C/C(=O)Nc1ccc(-n2c(=O)cnc3cnc(Nc4ccccc4)nc32)cc1
CHEMBL4099254,18189819,6.96,C=CC(=O)N1CCC[C@@H](n2nc(C3CC3)c3c(N)ncnc32)C1
CHEMBL204625,1710031,7.2,Nc1ccccc1C#Cc1cncnc1Nc1ccc(OCc2cccc(F)c2)c(Cl)c1
CHEMBL5411617,25536090,7.01,Cc1cccc(CN(C)c2ncnc3[nH]c(-c4ccc(S(N)(=O)=O)cc4)cc23)c1
CHEMBL4458437,19310293,7.89,CCN(C/C=C/C(=O)Nc1cccc(-c2c(-c3ccccc3)oc3ncnc(N[C@H](CO)c4ccccc4)c23)c1)CCO
CHEMBL234580,1951290,6.11,O=C1CNCCN(Cc2ccn3ncnc(Nc4ccc5c(cnn5Cc5cccc(F)c5)c4)c23)C1
CHEMBL5430683,25482720,6.14,Cn1cc(-c2ccnc(Nc3ccc(OCCOCCn4ccnc4[N+](=O)[O-])c(F)c3)n2)c2ccccc21
CHEMBL5439547,25535988,7.17,COCCOc1ccc(-c2cc3c(N(C)Cc4ccccc4)ncnc3[nH]2)cc1
CHEMBL3416447,15229687,8.05,COc1ccccc1-c1cc2c(N[C@H](C)c3ccccc3)ncnc2s1
CHEMBL4095063,18172234,8.07,Cc1cc(Nc2ncc3c(n2)N([C@H]2CCN(C(=O)C(C)C)C2)C(=O)N(c2ccccc2Cl)C3)ccc1N1CCN(C)CC1
CHEMBL4065503,18048500,6.92,Cc1nnc(NC(=S)Nc2ccc3ncnc(Nc4cccc(Cl)c4)c3c2)s1
CHEMBL5860901,28404641,8.52,Cn1ccc2c([C@H](Nc3cc(Cl)c4ncc(C#N)c(NCC(C)(C)C)c4c3)C3=CN(C4CC4)NN3)ccnc21
CHEMBL5942334,28405763,8.52,CC(C)(CNc1c(C#N)cnc2c(C#N)cc(N[C@H](C3=CN(C4(C(F)F)CC4)NN3)c3cccc4ncccc34)cc12)C(F)(F)F
CHEMBL5438864,25533358,7.66,C/C=C/C(=O)Nc1cc(Nc2nccc(-c3cn(S(=O)(=O)CC)c4ccccc34)n2)cc2cnn(CCN(C)C)c12
CHEMBL3734933,16390281,6.54,CO[C@H]1CCN(c2nccc(Nc3cc4c(cn3)nc(CO)n4C(C)C)n2)C[C@H]1F
CHEMBL2385970,13322661,5.46,CN(C)C/C=C/C(=O)Nc1ccc(-c2cncc(C#N)c2Nc2ccc(F)c(Cl)c2)cc1
CHEMBL3814816,16612259,7.19,S=C(NCCN1CCOCC1)Nc1ccc2ncnc(Nc3ccc(Cl)cc3)c2c1
CHEMBL4435885,18945174,7.55,COc1cc2ncnc(Nc3ccc(Br)cc3F)c2cc1OCCCN1CCNCCNCC1
CHEMBL3759725,16457557,8.52,COc1c(C(=O)NCCN(C)C)cccc1-c1cc2c(N[C@H](C)c3ccccc3)ncnc2s1
CHEMBL210502,1721401,5.97,Cc1cccc(Nc2ncnc3ccc(NC(=O)N(CCCl)N=O)cc23)c1
CHEMBL5924640,28403957,7.92,COc1ccc([C@H](Nc2cc(Cl)c3ncc(C#N)c(Nc4ccc(F)c(Cl)c4)c3c2)C2=CN(C3CCN(C(C)(C)C)CC3)NN2)cn1
CHEMBL3604930,15685193,5.85,Cc1cc(Nc2cc(N3CCN(C)CC3)nc(Oc3ccc(N)cc3)n2)n[nH]1
CHEMBL3403513,15175203,6.64,Cc1nc(N(C)c2ccc3c(c2)CCO3)c2cc(C)oc2n1
CHEMBL3219133,14533871,8.08,C=CC(=O)Nc1cccc(N2C(=O)C(Cc3ccccc3)N(C)C(=O)c3cnc(Nc4ccc(N5CCN(C)CC5)cc4OC)nc32)c1
CHEMBL6033024,26749721,8.89,CN1CCN(Cc2ccc(C(=O)N[C@@H]3[C@H]4Oc5ccc(Oc6ccnc7c6CCC(=O)N7)cc5[C@@H]34)cc2F)CC1
CHEMBL5850364,28404953,9.0,Cc1nc(F)ccc1[C@H](Nc1cc(C#N)c2ncc(C#N)c(NCC(C)(C)C)c2c1)C1=CN([C@@H](C)CF)NN1
CHEMBL5086066,24349083,8.77,COc1cc(N2CCC(N(C)C)CC2)c(-c2cnn(C)c2)cc1Nc1ncc(Cl)c(Nc2ccccc2P(C)(C)=O)n1
CHEMBL3604938,15685201,5.07,CCC(=O)Nc1cccc(Oc2nc(Nc3n[nH]c4ccccc34)cc(N3CCN(C)CC3)n2)c1
CHEMBL452717,2271270,6.89,COc1ccccc1Cc1nc2ccc(-c3nn([C@H]4CC[C@H](N5CCN(C(C)=O)CC5)CC4)c4ncnc(N)c34)cc2[nH]1
CHEMBL5542514,25870250,5.34,C=CC(=O)N1[C@@H]2CC[C@H]1C[C@@H](n1nc(-c3ccc(Oc4ccc5c(c4)ncn5C)c(Cl)c3)c3c(C)ncnc31)C2
CHEMBL5764610,28517135,5.5,C=CC(=O)N1CC(Nc2nc(Nc3ccc(N4CCN(C5COC5)CC4C)cc3)c3c(c2F)CNC3=O)CCC1C
CHEMBL5916066,28405754,9.0,Cn1ccc2c([C@H](Nc3cc(C#N)c4ncc(C#N)c(NCC(C)(C)C)c4c3)C3=CN(C45CC(C4)C5)NN3)cccc2c1=O
CHEMBL5797573,28517093,5.56,C=CC(=O)N1CCCC(Nc2nc(Nc3ccc(OCCO)cc3)c3c(c2F)CNC3=O)C1
CHEMBL5941761,27653201,5.26,C=CC(=O)Nc1cccc(Nc2nc(NCc3ccc(OC)cc3)ncc2F)c1
CHEMBL1958217,8049021,5.37,COc1ccc(C2CC(c3ccc(C)cc3)=NN2C2=NC(=O)CS2)cc1
CHEMBL5806322,26811070,8.54,COC[C@H]1CCN1C/C=C/C(=O)Nc1cc2c(Nc3ccc(F)c(Cl)c3)ncnc2cc1OC[C@H]1[C@@H]2COC[C@@H]21
CHEMBL2148047,12036055,7.25,CC(C)(C)S(=O)(=O)CC(=O)NCCn1ccc2ncnc(Nc3ccc(Oc4cccc(C(F)(F)F)c4)c(Cl)c3)c21
CHEMBL6057486,28405130,8.15,CC(C)(C)CNc1c(C#N)cnc2c(Cl)cc(N[C@H](C3=CN(C4(C5CC5)CC4)NN3)c3cccc4cnccc34)cc12
CHEMBL1645462,24815703,7.7,Cc1c(NC(=O)OC[C@@H]2COCCN2)cn2ncnc(Nc3ccc4c(cnn4Cc4cccc(F)c4)c3)c12
CHEMBL4472983,19293617,6.41,CC/C=C\C(=O)Nc1cc(Nc2nccc(-c3cn(C)c4ccc(F)cc34)n2)c(OC)cc1N(C)CCN(C)C
CHEMBL3974626,16809237,7.44,COc1ccc(N2C(=O)CS/C2=N/Nc2nncc3ccccc23)cc1
CHEMBL5281589,25089037,5.7,COc1ccc(/C=C2\CCc3ccc([N+](=O)[O-])cc3\C2=N\O)c(Cl)c1OC
CHEMBL4204566,18450566,6.15,C=CC(=O)N[C@H]1CN(c2nc(Nc3cnn(C)c3)c3ncn(C(C)C)c3n2)C[C@@H]1F
CHEMBL3233789,14586730,8.52,CN1CCN(C/C=C/C(=O)Nc2cc3c(Nc4ccc(F)c(Cl)c4)ncnc3s2)CC1
CHEMBL5394139,25691177,8.52,C=CC(=O)Nc1cccc(-c2c(-c3ccccc3)oc3ncnc(NC4CC4)c23)c1
CHEMBL4225781,18577561,7.39,C=CC(=O)Nc1cccc(NC(=O)Nc2ccnc(Nc3ccc(N4CCC(N5CCOCC5)CC4)cc3OC)n2)c1
CHEMBL52913,875866,7.28,C=CC(=O)Nc1ccc2c(Nc3cccc(Cl)c3)ncnc2c1
CHEMBL6005779,27750608,7.21,C=CC(=O)Nc1cc(Nc2ncc(Cl)c(-c3cn[nH]c3)n2)c(OC)cc1N1CCC(N(C)C)CC1
CHEMBL3353396,15073072,4.72,C=CC(=O)Nc1cc(Nc2ncc(Cl)c(-c3cnn4ccccc34)n2)c(OC)cc1N1CCN(C(=O)[C@H](C)N)CC1
CHEMBL1829275,6358495,4.61,O=C(Cc1cccc(Br)c1)NS(=O)(=O)c1ccc(Br)cc1
CHEMBL4208167,18456113,5.0,COc1cc(N2CCN(C)CC2)ccc1Nc1ncc(Cl)c(Oc2ccc([N+](=O)[O-])cc2)n1
CHEMBL5942555,28403345,8.31,CC(C)(C)CNc1c(C#N)cnc2c(Cl)cc(N[C@@H](C3=CN(CC(=O)O)NN3)c3ccc(F)nc3)cc12
CHEMBL5762432,28405349,8.52,CCC1(N2C=C([C@@H](Nc3cc(Cl)c4ncc(C#N)c(NCC(C)(C)C)c4c3)c3cccc4c(=O)n(C)ccc34)NN2)CC1
CHEMBL5891063,28404851,8.7,Cc1nc(F)ccc1[C@H](Nc1cc(C#N)c2ncc(C#N)c(NCC(C)(C)C)c2c1)C1=CN(C(C)(C)C)NN1
CHEMBL2385978,13322653,5.7,CCOc1cc([N+](=O)[O-])c(C(=O)Nc2ccc(OCc3cccc(F)c3)c(Cl)c2)cc1NC(=O)/C=C/CN(C)C
CHEMBL3219130,14533868,7.88,C=CC(=O)Nc1cccc(N2C(=O)C(C(C)CC)N(C)C(=O)c3cnc(Nc4ccc(N5CCN(C)CC5)cc4OC)nc32)c1
CHEMBL4078182,18048473,7.69,S=C(Nc1cccc(Cl)c1)Nc1ccc2ncnc(Nc3cccc(Br)c3)c2c1
CHEMBL6021944,28405388,8.7,CCn1ccc2c([C@H](Nc3cc(Cl)c4ncc(C#N)c(NCC(C)(C)C)c4c3)C3=CN(C45CC(C4)C5)NN3)cccc2c1=O
CHEMBL5619592,26122260,6.58,C=CC(=O)Nc1cc(Nc2ncc(F)c(-c3ccc4cc(C(=O)N(C)C)n(C(C)C)c4c3)n2)ccc1N1CCN(C)CC1
CHEMBL4848234,23256347,6.93,O=C(NO)c1ccccc1Nc1nc(Nc2ccc(N3CCOCC3)cc2)ncc1Cl
CHEMBL5967377,27070550,5.26,CN(C)C(=O)N[C@@H]1CCCN(c2cnc(C(N)=O)c(Nc3ccc(C4CCN(C5CCCCC5)CC4)cc3)n2)C1
CHEMBL6010206,28405286,7.33,CC(C)(C)CNc1c(C#N)cnc2c(Cl)cc(N[C@H](C3=CN(C45CC(C4)C5)NN3)c3cccc4[nH]ccc34)cc12
CHEMBL5804118,27070172,6.26,CN(C)C(=O)N[C@@H]1CCCN(c2cnc(C(N)=O)c(Nc3ccc(C4CCN(CCOCCO)CC4)cc3)n2)C1
CHEMBL2426285,13446021,5.75,COc1ccc(NC(=O)CC#N)cc1Nc1ncc(Cl)c(-c2c[nH]c3ccccc23)n1
CHEMBL4227812,18577490,6.46,C=CC(=O)Nc1cccc(NC(=O)Nc2ccnc(Nc3ccc(OC)cc3OC)n2)c1
CHEMBL4083815,18117552,5.14,O=c1c2ccccc2nc(-c2ccccc2)n1-c1nnc(-c2ccccc2Cl)s1
CHEMBL6013184,28404968,6.35,CC(C)(C)CNc1c(C#N)cnc2c(Cl)cc(N[C@H](C3=CN(C4(C(F)(F)F)CC4)NN3)c3cncc4ccccc34)cc12
CHEMBL3680378,26581707,7.92,COc1cc2ncnc(Nc3ccc(F)c(Cl)c3)c2cc1NC(=O)/C=C/CN1CCCCCC1
CHEMBL5929024,26838937,8.3,CC(C)(C)CNc1ncnc2ccc(NC(c3ccc(F)cc3)c3cn(C4CC4)nn3)cc12
CHEMBL3088219,13833372,6.37,Cc1ncc([N+](=O)[O-])n1C/C(=N/NC(=O)c1ccc(N)cc1)c1ccc(Br)cc1
CHEMBL5821647,28403852,8.0,C[C@@H](Nc1c(C#N)cnc2c(Cl)cc(N[C@H](C3=CNNN3)c3cccnc3)cc12)c1ccccc1
CHEMBL5998662,26749646,8.36,O=C1CCc2c(Oc3ccc4c(c3)[C@H]3[C@H](NC(=O)c5ccc(CN6CCC[C@H](O)C6)c(C(F)(F)F)c5)[C@H]3O4)ccnc2N1
CHEMBL3088221,13833374,5.72,Cc1ncc([N+](=O)[O-])n1C/C(=N/NC(=O)c1ccccc1N)c1ccc(Br)cc1
CHEMBL6060532,28405088,7.89,Cc1ccnc2cccc([C@H](Nc3cc(C#N)c4ncc(C#N)c(NCC(C)(C)C)c4c3)C3=CN(C4(C(F)(F)F)CC4)NN3)c12
CHEMBL3237939,14574928,5.0,Cc1ccc(-n2nc(C)c(C3C(C#N)=C(N)N(c4cccnc4)C4=C3C(=O)CCC4)c2Cl)cc1
CHEMBL4284911,18765347,5.91,COc1cccc(Nc2cc(Nc3ccc(S(N)(=O)=O)cc3)ncn2)c1
CHEMBL3787132,16540080,6.92,C=CC(=O)N1C[C@@H](COc2nc(Nc3cnn(C)c3)nc3[nH]cc(Cl)c23)[C@H](OC)C1
CHEMBL5810106,28404329,8.52,CC(C)(C)CNc1c(C#N)cnc2c(Cl)cc(N[C@H](C3=CN(C4(C#N)CC4)NN3)c3cccc4ncsc34)cc12
CHEMBL5273525,25066921,7.0,C=CC(=O)N1CCC(C2CCNc3c(C(N)=O)c(-c4cc(OC)c5ccsc5c4)nn32)CC1
CHEMBL516373,2390230,9.11,C=CC(=O)NC1=NC=C2N=CN=C(Nc3ccc(F)c(Cl)c3)C21
CHEMBL5584189,25979151,8.54,CN(C)C/C=C/C(=O)Nc1ccc2ncnc(Nc3ccc(OCc4ccccn4)c(Cl)c3)c2c1-c1ccccc1
CHEMBL6016738,28404512,8.52,Cc1nc(F)ccc1[C@H](Nc1cc(Cl)c2ncc(C#N)c(NCC(C)(C)C)c2c1)C1=CN(C2(C#N)CC2)NN1
CHEMBL5079081,24377974,7.02,C=C(Cl)C(=O)Nc1cc(Nc2ncc(Cl)c(N3CCc4sccc4C3)n2)c(OC)cc1N(C)CCN(C)C
CHEMBL3655351,26576609,9.0,CN(C/C=C/C(=O)N1CCc2c(sc3ncnc(Nc4cc(O)c(Cl)c(Cl)c4)c23)C1)C(C)(C)C
CHEMBL5886252,28162784,5.66,NC(=O)c1c(-c2ccc(Oc3ccc(Cl)cc3)cc2)nn(C2CCCN(C(=O)/C=C/CO)C2)c1N
CHEMBL5887910,28403366,8.46,CC1(C)COCCC1Nc1c(C#N)cnc2c(Cl)cc(N[C@@H](C3=CN(C4CC4)NN3)c3ccc(F)nc3)cc12
CHEMBL205059,1681971,9.05,O=C(C#CCCN1CCCCC1)Nc1cc2c(Nc3ccc(F)c(Cl)c3)ncnc2cn1
CHEMBL2178349,16346190,7.92,CN1CCN(c2ccc(Nc3ncc4nc(Nc5ccccc5)n(C)c4n3)cc2)CC1
CHEMBL3671551,26587586,6.81,C=CC(=O)Nc1cc2c(Nc3ccc(Br)cc3F)ncnc2cc1OCC(C)NC(C)=O
CHEMBL5946888,27072095,5.26,CCOc1ccc(C(=O)N[C@@H]2CCCN(c3nnc(C(N)=O)c(Nc4ccc(C5=NCCN5C)cc4)n3)C2)cc1
CHEMBL5178865,24848242,8.47,CN1CCN(c2ccc(-c3ccc4c(=O)n(C(C(=O)Nc5nccs5)c5ccccc5)ccc4c3)cc2)CC1
CHEMBL3676379,26587820,7.24,C=CC(=O)Nc1cc2c(Nc3ccc(Br)cc3F)ncnc2cc1OCCNC(=O)C(COC)N(C)C
CHEMBL5797186,27750428,6.94,C=CC(=O)Nc1cc(Nc2nccc(-c3cnc4c(ccn4C)c3)n2)c(OC)cc1N1CCN(C)CC1
CHEMBL438805,1601116,6.02,CCCc1c(C(=O)OCC)cn2ncnc(Nc3ccc4c(cnn4Cc4ccccc4)c3)c12
CHEMBL5436254,25665197,8.68,CCS(=O)(=O)Nc1nc(-c2ccc(F)cc2)c(-c2ccnc(Nc3ccc(C4CCN(C)CC4)cc3)n2)s1
CHEMBL401054,2045394,6.39,COc1cc2ncc(C#N)c(N[C@@H]3C[C@H]3c3ccccc3)c2cc1OCCN1CCOCC1
CHEMBL3297893,14752123,6.91,Cc1nc(Nc2ccc(C(F)(F)F)cc2)c2cc(C)oc2n1
CHEMBL4759112,22921883,9.49,CN(C)C/C=C/C(=O)Nc1cc2ncnc(Nc3ccc(F)c(Cl)c3)c2cc1O[C@@H]1CCOC1
CHEMBL5903077,27750554,7.38,C=CC(=O)Nc1cc(Nc2ncc(F)c(-c3cnn(C)c3)n2)c(OC)cc1N(C)CCN(C)C
CHEMBL2029426,10883997,7.92,C=CC(=O)Nc1cccc(N2C(=O)N(C)Cc3cnc(Nc4ccccc4)nc32)c1
CHEMBL4204354,18456150,4.82,COc1cc(N2CCN(C)CC2)ccc1Nc1ncc(Cl)c(Oc2ccc(N=C=S)cc2)n1
CHEMBL3966129,16809239,8.2,Clc1ccc(C(/C=C/c2ccccc2)=N\Nc2nncc3ccccc23)cc1
CHEMBL5439238,25665196,8.43,CCS(=O)(=O)Nc1nc(-c2ccc(F)cc2)c(-c2ccnc(Nc3ccc(N4CCN(C(C)C)CC4)cc3)n2)s1
CHEMBL4083467,18117555,4.92,Cc1nnc(-n2c(-c3ccccc3)nc3cc(Cl)ccc3c2=O)s1
CHEMBL2032379,10883994,7.89,C=CC(=O)Nc1cccc(N2C(=O)N(C)Cc3cnc(Nc4ccc(N5CCOCC5)cc4OC)nc32)c1
CHEMBL4749862,22835820,9.22,COc1cnccc1-c1cc2c(N[C@H](CO)c3ccccc3)ncnc2[nH]1
CHEMBL4099008,17998435,7.2,C=CC(=O)N1CCC(Cn2c(=O)cc(C)c3cnc(Nc4ccc(N5CCN(C)CC5)cc4OC)nc32)C1
CHEMBL160846,272862,8.1,CS(=O)(=O)CCNc1nc(-c2ccc3ncnc(Nc4ccc(OCc5ccccc5)c(Cl)c4)c3c2)cs1
CHEMBL5929629,27653165,6.26,C=CC(=O)Nc1cc(Nc2nc(Nc3cccc(OC)c3)ncc2C(F)(F)F)ccc1Cl
CHEMBL4074782,17967048,4.4,Cc1ccccc1-c1nnc(Cc2nc3ccccc3[nH]2)o1
CHEMBL4541014,19110267,7.64,COc1cc(Nc2ncnc3cc(-c4ccccc4)sc23)cc(OC)c1OC
CHEMBL3671571,26587649,7.92,C=CC(=O)Nc1cc2c(Nc3ccc(Br)cc3F)ncnc2cc1OCCNC(=O)CN1CCN(C)CC1
CHEMBL114446,6261346,4.82,COc1cc2ncc(C(N)=O)c(Nc3cccc(Br)c3)c2cc1OC
CHEMBL4462395,19218807,5.66,COc1cc(N(C)c2ccnc3ccc(C(F)(F)F)cc23)cc(OC)c1OC
CHEMBL1090362,3240755,7.8,CCN1CCN(c2ccc(Nc3nccc(-c4c(-c5cccc(NC(=O)Cc6ccccc6)c5)nc5sccn45)n3)cc2)CC1
CHEMBL5742539,28404956,7.96,Cc1nc(F)ccc1[C@H](Nc1cc(Cl)c2ncc(C#N)c(NCC(C)(C)C)c2c1)C1=CN(C2(C(=O)O)CC(F)(F)C2)NN1
CHEMBL2031301,10888040,7.76,CN(C)CCC(=O)N(C)c1ccc2ncnc(Nc3cccc(Br)c3)c2c1
CHEMBL5180839,24749170,8.3,O=C(Nc1nccs1)C(c1ncn2c1CCC2)N1Cc2c(F)cc(C#Cc3ccc(CN4CCC(CO)CC4)cc3)cc2C1=O
CHEMBL5199106,24871168,6.31,COc1cc2ncnc3c2cc1OCCOCCOc1cc(ccc1Cl)N3
CHEMBL4540442,19158987,7.92,C=CC(=O)Nc1cc(Nc2nccc(Nc3ccccc3S(=O)(=O)N(C)C)n2)c(OC)cc1N(C)CCN(C)C
CHEMBL5396915,25533357,7.51,C=CC(=O)Nc1cc(Nc2nccc(-c3cn(S(=O)(=O)CC)c4ccccc34)n2)cc2cnn(CCN(C)C)c12
CHEMBL5937064,28403912,8.15,N#Cc1cnc2c(Cl)cc(N[C@H](C3=CNNN3)c3csc4c3CCNC4)cc2c1Nc1ccc(F)c(Cl)c1
CHEMBL473141,2390303,4.99,CCOc1cc2nccc(Nc3cccc(Br)c3)c2cc1NC(=O)/C=C/CN1CCOCC1
CHEMBL4081429,18248399,6.37,C=CC(=O)Nc1cc(Nc2nccc(-c3cn4c5c(cccc35)CCC4)n2)c(OC)cc1N1CCNC(=O)C1
CHEMBL3956430,16756450,8.04,C=CC(=O)Nc1cccc(Nc2nc(Nc3ccc(OCCn4ccnc4)cc3)ncc2F)c1
CHEMBL5923851,28405076,7.92,Cn1ccc2c([C@H](Nc3cc(C#N)c4ncc(C#N)c(NCC(C)(C)C)c4c3)C3=CN(C4(C(F)(F)F)CC4)NN3)ccnc21
CHEMBL4069277,18248384,6.72,C=CC(=O)Nc1cc(Nc2nccc(-c3cn4c5c(cccc35)CCC4)n2)c(OC)cc1N(C)CCN(C)C(C)=O
CHEMBL3622669,15743442,6.85,COc1cc2ncnc(Nc3ccc(F)c(Cl)c3)c2cc1NC(=O)/C=C/CNC1CC(F)(F)C1
CHEMBL3655338,26576567,9.0,CC(C)(CN1CCOCC1)NC/C=C/C(=O)N1CCc2c(sc3ncnc(Nc4ccc(F)c(Cl)c4)c23)C1
CHEMBL3098325,13868184,6.05,COc1cc2nc(Cl)nc(Nc3ccc(C(N)=O)cc3)c2cc1OC
CHEMBL4073874,18189809,6.66,CN(C)C/C=C/C(=O)N1CCC[C@@H](n2nc(-c3ccccc3)c3c(N)ncnc32)C1
CHEMBL5568892,25955018,5.89,C=CC(=O)Nc1cc2c(Oc3ccc(NC(=O)NCCC4CCCCC4)cc3F)ncnc2cc1OC
CHEMBL3622620,15743411,6.71,C=CC(=O)Nc1cc2c(Nc3ccc(F)c(C#N)c3)ncnc2cc1OCCOC
CHEMBL5619516,26122266,7.12,C=CC(=O)Nc1cc(Nc2ncc(F)c(-c3ccc4cc(C(=O)NC)n(C(C)C)c4c3)n2)ccc1N(C)CCN(C)C
CHEMBL541988,6261345,4.47,COc1cc2ncc(C(=O)O)c(Nc3cccc(Br)c3)c2cc1OC
CHEMBL3910915,16895215,8.12,C=CC(=O)N1CCC(Oc2cc3c(Nc4ccc(Br)c(C)c4)ncnc3cc2OC)CC1
CHEMBL4757724,22844214,8.41,CN1CCN(CCCOc2cc3ncnc(Nc4ccc(F)c(Cl)c4)c3cc2NC(=O)c2cc([N+](=O)[O-])ccc2F)CC1
CHEMBL5434495,25481268,10.22,COCC1CN(C2CCN(c3cc(OC)c(Nc4ncc(Br)c(Nc5ccc6nccnc6c5P(C)(C)=O)n4)cc3C)CC2)C1
CHEMBL3416612,15229706,6.82,C[C@@H](Nc1ncnc2sc(Br)cc12)c1ccc(F)cc1
CHEMBL447331,2390239,9.36,Brc1cccc(Nc2ncnc3cc4c(cc23)CN4)c1
CHEMBL5186680,24741556,10.22,COc1cc(N2CCC(N3CC(N(C)C)C3)CC2)c(C)cc1Nc1ncc(Br)c(Nc2ccc3nccnc3c2P(C)(C)=O)n1
CHEMBL2179124,18243186,6.2,Fc1ccc(-c2nc(-c3ccccc3)[nH]c2-c2ccnc3[nH]ccc23)cc1
CHEMBL5272858,25105718,7.56,C=CC(=O)Nc1cc(Nc2ncc(Br)c(Nc3ccc4ccn(C)c4c3)n2)ccc1N1CCN(C)CC1
CHEMBL3671498,26587424,8.7,C=CC(=O)Nc1cc2c(Nc3ccc(Br)cc3F)ncnc2cc1OCCNC(=O)CN(C)C
CHEMBL5762944,28404980,6.42,COc1ccnc2cccc([C@H](Nc3cc(Cl)c4ncc(C#N)c(NCC(C)(C)C)c4c3)C3=CN(C4(C(F)(F)F)CC4)NN3)c12
CHEMBL5963710,28404854,8.52,Cc1nc(F)ccc1[C@H](Nc1cc(C#N)c2ncc(C#N)c(NCC(C)(C)C)c2c1)C1=CN(C(C)(C)C(F)F)NN1
CHEMBL5856597,27653327,6.26,C=CC(=O)Nc1ccc(Nc2nc(Nc3ccc(OCCOC)c(F)c3)ncc2F)cc1
CHEMBL2437458,13483490,7.33,C=CC(=O)Nc1cccc(-n2c(=O)cnc3cnc(Nc4ccc(Cl)cc4)nc32)c1
CHEMBL3921555,16668436,8.05,CN1CCN(C/C=C/C(=O)Nc2cc3c(Nc4ccc(F)c(Cl)c4)ncnc3cn2)CC1
CHEMBL5181694,24907652,7.59,CCOc1cc2ncnc(Nc3ccc(Oc4cc5nncn5cn4)c(C)c3)c2cc1NC(=O)/C(F)=C\[C@@H]1CCCN1C
CHEMBL4452628,19293625,6.66,COc1cc(N(C)CCN(C)C)c(NC(=O)/C=C\C(C)C)cc1Nc1ncc(C#N)c(-c2cn(C)c3ccccc23)n1
CHEMBL4521028,19073804,8.23,COc1cc2c(Nc3ccc(Br)cc3F)ncnc2cc1OCCOCCNC(=O)Cn1cnc([N+](=O)[O-])n1
CHEMBL3671494,26587412,8.1,C=CC(=O)Nc1cc2c(Nc3ccc(Br)cc3F)ncnc2cc1OCCNC(=O)C1CC1
CHEMBL5846553,28722704,5.47,C=CC(=O)N1CCC(Oc2cc3c(Nc4ccc(Cl)cc4Cl)ncnc3cn2)CC1
CHEMBL4210237,18456057,5.08,C=CC(=O)Nc1ccccc1Oc1nc(Nc2ccc(N3CCN(C)CC3)cc2OC)ncc1Cl
CHEMBL5886724,28403321,8.52,CN1Cc2cccc([C@H](Nc3cc(C#N)c4ncc(C#N)c(NCC(C)(C)C)c4c3)C3=CN(C4CC4)NN3)c2C1=O
CHEMBL323970,6261325,5.11,COc1cc2ncc(C#N)c(Nc3cccc(C(N)=O)c3)c2cc1OC
CHEMBL4749518,22892163,6.47,Cn1c(-c2csc(N/N=C\C3CCCN3)n2)nc2ccccc21
CHEMBL5612541,26111498,4.86,Cc1ccc(/C=N/NC(=O)Cc2csc3nc(-c4ccc(C#N)cc4)cn23)cc1
CHEMBL207246,1715577,7.16,COc1cc2ncnc(Nc3cccc(Cl)c3F)c2cc1CN1CCC1C(N)=O
CHEMBL5180914,24871193,8.55,COc1cc2ncnc3c2cc1OCCOCCOCCOc1cc(F)c(Cl)cc1N3
CHEMBL5286368,25023168,7.59,CN1CCN(CCC(=O)N2CCOc3c2ccc2ncnc(Nc4ccc(F)c(Cl)c4)c32)CC1
CHEMBL5208679,24824810,7.7,CC(C)c1cnc(N2CCC2)c2cnc(Nc3ccnc(N4CC[C@@H](O)[C@@](C)(F)C4)n3)cc12
CHEMBL5746567,27652868,7.26,C=CC(=O)N1CCOc2ccc(Nc3nc(Nc4ccc(OCCO)nc4)ncc3C(C)=O)cc21
CHEMBL5745455,28404293,7.24,CN1C=C(C(Nc2cc(Cl)c3ncc(C#N)c(Nc4ccc(F)c(Cl)c4)c3c2)C2=CN(C3CCN(C(C)(C)C)CC3)NN2)NN1
CHEMBL522134,2390171,9.38,C=CC(=O)Nc1ccc2ncnc(Cc3cccc(C)c3)c2c1
CHEMBL3671558,26587607,7.03,C=CC(=O)Nc1cc2c(Nc3ccc(Br)cc3F)ncnc2cc1OC1CCN(C(C)=O)C1
CHEMBL3344212,15130268,7.11,CS(=O)(=O)CC(NC1CCCCC1)c1ccc(-c2ccc3ncnc(Nc4ccc(OCc5cccc(F)c5)c(Cl)c4)c3c2)o1
CHEMBL5754376,27737510,6.26,COc1ccccc1C(=O)NCc1ccc(-c2nn(C3CCCC3)c3ncnc(N)c23)cc1
CHEMBL5279992,25089035,5.08,COc1cc2c(cc1OC)C(=N/O)/C(=C/c1cc(OC)c(OC)c(OC)c1Br)CC2
CHEMBL5409123,25691186,8.15,C=CC(=O)Nc1cccc(-c2c(-c3ccc(N(C)CCN(C)C)cc3)oc3ncnc(NCCO)c23)c1
CHEMBL5871921,28404203,8.52,Cn1cc([C@@H](Nc2cc(Cl)c3ncc(C#N)c(Nc4ccc(F)c(Cl)c4)c3c2)c2cccnc2)nn1
CHEMBL4087383,18172265,5.8,CCC(=O)N1CC[C@H](N2C(=O)N(c3cc(OC)ccc3F)Cc3cnc(Nc4ccc(N5CCN(C)CC5)cc4OC)nc32)C1
CHEMBL4463012,19310294,7.85,CCN(CC)C/C=C/C(=O)Nc1cccc(-c2c(-c3ccccc3)oc3ncnc(N[C@H](CO)c4ccccc4)c23)c1
CHEMBL5967218,28403645,6.93,CC(C)(O)[C@@H](Nc1c(C#N)cnc2c(Cl)cc(N[C@H](C3=CNNN3)c3cccnc3)cc12)c1ccccc1
CHEMBL193368,1601158,6.77,CCc1c(C(=O)OCCCn2ccnc2)cn2ncnc(Nc3ccc4c(cnn4Cc4ccccc4)c3)c12
CHEMBL4072769,18048458,7.43,Cc1cccc(Nc2ncnc3ccc(NC(=S)NCc4ccccc4)cc23)c1
CHEMBL6042374,28332560,5.7,O=C1CCC(N2C(=O)c3cccc(NCCOCCOc4ccc(-c5cc6c(NCc7ccccc7Cl)ncnc6[nH]5)cc4)c3C2=O)C(=O)N1
CHEMBL4521214,19168487,7.16,CCOc1cc2ncnc(Nc3ccc(F)c(Cl)c3)c2cc1OC(=O)CSc1ccccn1
CHEMBL6007655,28332824,5.245,COC1(CCN2CCN(c3ccc4c(c3)C(=O)N(C3CCC(=O)NC3=O)C4=O)CC2)CCN(c2nccc(Nc3cc4c(cn3)nc(C)n4C(C)C)n2)CC1
CHEMBL294034,12712341,7.22,COc1cc2ncnc(Nc3ccc(F)c(Cl)c3)c2cc1OCCn1ccnc1
CHEMBL5805659,26961292,7.67,C=CC(=O)N1CC[C@@H](n2nc(C(=O)Nc3nc4cc(F)ccc4o3)c3c(N)ncnc32)C1
CHEMBL5761010,28405439,8.3,Cn1c(=O)ccc2c([C@H](Nc3cc(Cl)c4ncc(C#N)c(NCC(C)(C)C)c4c3)C3=CN(C45CC(C4)C5)NN3)cccc21
CHEMBL3699597,16342749,7.7,C=CC(=O)Nc1cccc(Oc2nc(Nc3ccc(N4CCN(C(=O)NC)CC4)cc3OC)ncc2C(F)(F)F)c1
CHEMBL5966165,26839084,8.77,Cn1ccc2c([C@H](Nc3cc(Cl)c4ncnc(NCC(C)(C)C)c4c3)c3cn(C45CC(C4)C5)nn3)cccc2c1=O
CHEMBL3758749,16461818,6.82,COc1cc2c(Nc3ccc(NC(=O)c4cccc(Cl)c4)cc3)ncnc2cc1OCCCN1CCN(C)CC1
CHEMBL5860718,28403666,8.7,CC[C@@H](Nc1c(C#N)cnc2c(Cl)cc(N[C@H](C3=CN(C(C)C)NN3)c3cccnc3)cc12)c1ccccc1
CHEMBL247914,2038910,7.33,NC1CCN(Cc2ccn3ncnc(Nc4ccc5c(cnn5Cc5ccccn5)c4)c23)CC1
CHEMBL3965948,16666141,8.0,O=C(CBr)OCCn1c(=O)oc2cc3ncnc(Nc4ccc(N5CCOCC5)c(Cl)c4)c3cc21
CHEMBL5956472,28405463,7.82,Cc1nc(Cl)ccc1[C@H](Nc1cc(Cl)c2ncc(C#N)c(NCC(C)(C)C)c2c1)C1=CN(C2(C(F)(F)F)CC2)NN1
CHEMBL6028598,27652700,7.26,C=C(C#N)C(O)c1cccc(Nc2nc(Nc3ccc(OCCOC)cc3)ncc2F)c1
CHEMBL5809188,28403978,7.41,CC(C)N1C=C([C@@H](Nc2cc(Cl)c3ncc(C#N)c(Nc4ccc(F)c(Cl)c4)c3c2)c2cnco2)NN1
CHEMBL5750469,28404302,7.72,CCN1CC[C@@H](N2C=C(C(Nc3cc(Cl)c4ncc(C#N)c(Nc5ccc(F)c(Cl)c5)c4c3)c3cccnc3)NN2)C1
CHEMBL53665,879563,7.75,C=CC(=O)Nc1ccc2ncnc(Nc3ccc(F)c(Br)c3)c2n1
CHEMBL5976274,28404443,8.05,CC(=O)c1cc(N[C@H](C2=CN(C3(C(F)(F)F)CC3)NN2)c2cccc3ncsc23)cc2c(NCC(C)(C)C)c(C#N)cnc12
CHEMBL5851971,27738248,6.26,COc1ccccc1C(=O)NCc1ccc(-c2nn(C3CCCC3)c3ncnc(N)c23)cc1C
CHEMBL6046965,26750078,8.77,CN(C)[C@@H]1CCCN(c2ccc(C(=O)N[C@@H]3[C@H]4Oc5ccc(Oc6ccnc7c6CCC(=O)N7)cc5[C@@H]34)cc2C(F)(F)F)C1
CHEMBL126974,900242,5.96,CCOc1cc2ncnc(Nc3cccc(-c4cncnc4)c3)c2cc1OCC
CHEMBL202556,1681974,8.51,O=C(C#CCN1CCOCC1)Nc1cc2c(Nc3ccc(F)c(Cl)c3)ncnc2cn1
CHEMBL3639703,26587394,7.17,C=CC(=O)Nc1cc2c(Nc3ccc(Br)cc3F)ncnc2cc1OCCCNC(=O)CS(C)(=O)=O
CHEMBL5080260,24408199,7.47,C=CC(=O)Nc1cccc(-n2c(=O)c(C3CCCCC3)nc3cnc(Nc4cccc(OCC(C)=O)c4)nc32)c1
CHEMBL5913484,27653066,7.26,C=CC(=O)N1CCOc2ccc(Nc3nc(Nc4ccc(OC)nc4)ncc3F)cc21
CHEMBL4206716,18539778,7.64,CN1CCN(c2ccc(Nc3cc4c(N5CCCCC5)nc(Nc5ccccc5)nc4cn3)nc2)CC1
CHEMBL5767529,27619511,4.14,C=CC(=O)Nc1cccc(Nc2nc(Nc3ccc(N4CCC(N5CCOCC5)CC4)cc3OC)ncc2C(F)(F)F)c1
CHEMBL6016956,26961349,7.71,CCN(C)C/C=C/C(=O)N1CC[C@@H](n2cc(C(=O)Nc3nc4cc(-c5ccccc5)ccc4o3)c3c(N)ncnc32)C1
CHEMBL474324,2503065,6.33,COCCOc1cc2ncnc(-c3c[nH]c4cc(F)c(Cl)cc34)c2cc1OCCOC
CHEMBL5434067,25599183,7.85,CC[C@H](C)Nc1cc(Nc2ccnc(-c3cnn(S(=O)(=O)C4CC4)c3)n2)ncc1C(=O)NC1CCOCC1
CHEMBL5820260,28405067,8.7,Cc1nc(F)ccc1[C@H](Nc1cc(C#N)c2ncc(C#N)c(NCC(C)(C)C)c2c1)C1=CN(C(F)(F)CO)NN1
CHEMBL3946396,16739514,8.15,COc1cccc(-c2cc3c(N[C@H](C)c4ccccc4)ncnc3o2)c1
CHEMBL5188272,24919463,7.72,CCS(=O)(=O)n1cc2c3ccc(cc31)OCCCCCOc1cc(ccc1N1CCOCC1)Nc1ncc(Cl)c-2n1
CHEMBL3628791,15759236,5.53,Fc1ccc(Nc2ncnc3sccc23)cc1Cl
CHEMBL5887361,28162808,6.42,NC(=O)c1c(-c2ccc(Oc3ncc(Cl)cc3F)cc2)nn([C@@H]2CCCN(C(=O)/C=C/CF)C2)c1N
CHEMBL3898480,16894740,7.0,C[C@@H](Nc1ncnc2[nH]c(-c3ccc(CNCCCCCCCC(=O)NO)cc3)cc12)c1ccccc1
CHEMBL5971716,27072059,5.26,N#CCC(=O)N1CCC(c2ccc(Nc3nc(N4CCC[C@@H](NC(=O)N5CCCCC5)C4)nnc3C(N)=O)cc2)CC1
CHEMBL5981673,26811076,7.65,COC[C@@H]1CCN1C/C=C/C(=O)Nc1cc2c(Nc3ccc(F)c(Cl)c3)ncnc2cc1OC[C@H]1[C@@H]2COC[C@@H]21
CHEMBL3655347,26576597,9.0,CC(C)N(C)C/C=C/C(=O)N1CCc2c(oc3ncnc(Nc4ccc(F)c(Cl)c4)c23)C1
CHEMBL5274657,25043262,7.1,O=C(NC1=NC2C(=O)NN=C(c3ccc(Br)cc3)C2S1)Nc1ccc(Cl)cc1
CHEMBL5176897,24919481,8.18,CCS(=O)(=O)n1cc(-c2nc(Nc3cc(Cl)c(N4CCC(N5CCN(C)CC5)CC4)cc3OC)ncc2Cl)c2ccccc21
CHEMBL4084868,18172239,7.59,Cc1cc(Nc2ncc3c(n2)N([C@H]2CCN(C(=O)C4CCCC4)C2)C(=O)N(c2ccccc2Cl)C3)ccc1N1CCN(C)CC1
CHEMBL5975243,28405151,8.05,Cc1ccc([C@H](Nc2cc(C#N)c3ncc(C#N)c(NCC(C)(C)C)c3c2)C2=CN(C3(C(F)(F)F)CC3)NN2)c(C)n1
CHEMBL5563703,25954999,5.12,C/C=C/C(=O)Nc1cc2c(Oc3ccc(NC(=O)CCCc4ccc(C)cc4)cc3F)ncnc2cc1OC
CHEMBL202721,18052749,6.96,COc1cc2c(Nc3ccc(NC(=O)c4ccccc4)cc3)ncnc2cc1OCCCN1CCOCC1
CHEMBL6024600,27750410,8.05,C=CC(=O)Nc1cc(Nc2ncc(OC)c(-c3cnc4c(ccn4C)c3)n2)c(OC)cc1N(C)CCN(C)C
CHEMBL5820639,28404056,8.4,Cc1nc(Cl)ccc1[C@H](Nc1cc(Cl)c2ncc(C#N)c(Nc3ccc(F)c(Cl)c3)c2c1)C1=CN(CCO)NN1
CHEMBL4290568,18722893,9.0,C=C=CC(=O)Nc1cc(Nc2ncc(C)c(-c3cn(C)c4ccccc34)n2)c(OC)cc1N(C)CCN(C)C
CHEMBL5762343,27653309,6.26,C=CC(=O)N1CCC[C@@H](Nc2nc(Nc3ccc(OCCOC)cc3)ncc2F)C1
CHEMBL5632830,26154073,5.9,COCCOc1cc2ncnc(Nc3ccc(OS(=O)(=O)F)cc3)c2cc1OCCOC
CHEMBL2018756,10855813,6.05,CCOC(=O)Nc1ccc(Nc2ncnc3cc(OC)c(OC)cc23)cc1C
CHEMBL5830978,28403207,7.96,CN1Cc2cccc([C@H](Nc3cc(Cl)c4ncc(C#N)c(Nc5ccc(F)c(Cl)c5)c4c3)C3=CN(C4CCN(C(C)(C)C)CC4)NN3)c2C1=O
CHEMBL5431909,25481276,9.89,COc1cc(N2CCC(N3CC[C@@H](N(C)C)C3)CC2)c(C)cc1Nc1ncc(Br)c(Nc2ccc3nccnc3c2P(C)(C)=O)n1
CHEMBL5944879,27071594,6.26,NC(=O)c1ncc(N2CCC[C@@H](N)C2)nc1Nc1ccc(C2CCN(C3CCCC3)CC2)cc1
CHEMBL6031696,28721804,6.89,C=CC(=O)N1CC(Oc2ccc3ncnc(Nc4ccc(Cl)c(Cl)c4)c3n2)C1
CHEMBL3754564,16444037,7.96,C=CC(=O)Nc1cccc(-n2c(=O)cc(C)c3cnc(Nc4ccc(N5CCN(C)CC5)cc4OCC)nc32)c1
CHEMBL453378,2390201,8.82,CCOC(=O)/C=C/C(=O)Cc1cc2c(Nc3cccc(Br)c3)ncnc2cn1
CHEMBL3628906,15760011,5.48,Cc1cc(Oc2ncnc3sc4c(c23)CCCC4)ccc1NC(=O)Nc1cccc(Br)c1
CHEMBL3325472,15118449,4.74,N#CC1=C(N)N(c2cccnc2)C2=C(C(=O)CCC2)C1c1cc2cc(Cl)ccc2n2nnnc12
CHEMBL122785,1044669,4.99,O=S(=O)(O)c1cc(NCc2cc(O)ccc2O)ccc1O
CHEMBL4760606,22844308,7.24,CS(=O)(=O)c1ccc(F)c(C(=O)Nc2cc3c(Nc4ccc(F)c(Cl)c4)ncnc3cc2OCCCN2CCOCC2)c1
CHEMBL4562352,19168488,9.22,CCOc1cc2ncnc(Nc3ccc(F)c(Cl)c3)c2cc1OC(=O)CSc1cccnc1
CHEMBL3655341,26576579,9.0,COCCN(C/C=C/C(=O)N1CCc2c(sc3ncnc(Nc4ccc(F)c(Cl)c4)c23)C1)CCOC
CHEMBL3087193,13826563,7.79,C=CC(=O)N1CC[C@H](N2C(=O)N(c3ccccc3)Cc3cnc(Nc4ccc(C5CCN(C)CC5)cc4)nc32)C1
CHEMBL4527443,19408284,7.7,C=CC(=O)Nc1cccc(Nc2nc(Nc3ccc(N4CCN(C(C)=O)CC4)c(OC)c3)ncc2C(F)(F)F)c1
CHEMBL5893059,28883630,6.51,C=CC(=O)N1CC(Nc2cncc(-c3cnc(Nc4cccc(OC(F)(F)F)c4)nc3)n2)C1
CHEMBL514771,2390307,4.97,COc1cc2nccc(Nc3ccc(F)c(Cl)c3)c2cc1NC(=O)/C=C/C(C)N1CCOCC1
CHEMBL78257,1677862,5.39,N#CC(C#N)=C(N)/C(C#N)=C/c1cc(O)c(O)c(O)c1
CHEMBL205284,1710018,7.38,Fc1cccc(COc2ccc(Nc3ncncc3C#Cc3cc[nH]n3)cc2Cl)c1
CHEMBL5968371,28405322,8.4,Cn1ccc2c([C@H](Nc3cc(Cl)c4ncc(C#N)c(NCC(C)(C)C)c4c3)C3=CN(C(C)(C)C)NN3)cccc2c1=O
CHEMBL5949435,27071609,6.26,NC(=O)c1ncc(N2CCC[C@@H](NC=O)C2)nc1Nc1ccc(C2CCN(C3CCCC3)CC2)cc1
CHEMBL5420774,25533421,7.42,CCS(=O)(=O)n1cc(-c2nc(Nc3ccc4c(cnn4CCN(C)C)c3)ncc2Cl)c2ccccc21
CHEMBL5917246,28404482,7.55,CC(C)(C)CNc1c(C#N)cnc2c(Cl)cc(N[C@H](C3=CN(C4CC4)NN3)c3cncc4cnccc34)cc12
CHEMBL1958210,8049014,5.25,Cc1ccc(C2CC(c3ccc(Br)cc3)=NN2C2=NC(=O)CS2)cc1
CHEMBL193159,1495556,7.5,O=C(CCl)Nc1ccc2ncnc(Nc3cccc(Br)c3)c2c1
CHEMBL3233765,14586661,5.47,CN1CCN(CC(=O)Nc2cc3c(Nc4ccc(F)c(Cl)c4)ncnc3s2)CC1
CHEMBL5417219,25533377,7.58,CCN(CC)CCn1ncc2cc(Nc3nccc(-c4cn(S(=O)(=O)CC)c5ccccc45)n3)cc(NC(=O)C3CC3)c21
CHEMBL1958027,8049000,4.96,O=C1CSC(N2N=C(c3ccc(F)cc3)CC2c2ccc(Cl)cc2)=N1
CHEMBL3325479,15118442,6.7,CCOC(=O)C1=C(N)N(c2cccnc2)C2=C(C(=O)CCC2)C1c1cc2cc(OC)ccc2n2nnnc12
CHEMBL5278452,25023165,7.15,CCC(=O)N1CCOc2c1ccc1ncnc(Nc3ccc(F)c(Cl)c3)c21
CHEMBL4741678,22844314,7.54,O=C(Nc1cc2c(Nc3ccc(F)c(Cl)c3)ncnc2cc1OCCCN1CCOCC1)c1cccc(F)c1F
CHEMBL4584413,19122079,7.92,C=CC(=O)Nc1cc2c(Nc3ccc(F)c(Cl)c3)ncnc2cc1OCc1cn(CCc2ccccc2)nn1
CHEMBL5914358,28404083,8.52,CC(C)N1C=C([C@@H](Nc2cc(Cl)c3ncc(C#N)c(Nc4ccc(F)c(Cl)c4)c3c2)c2csc3c2CCN(C)C3)NN1
CHEMBL3092306,13852038,6.2,CN(C)CCNC(=O)Nc1cc2c(Nc3ccc(F)c(Cl)c3)ncnc2cc1O[C@H]1CCOC1
CHEMBL3759961,16457546,8.7,COc1cccc(OC)c1-c1cc2c(N[C@H](C)c3ccccc3)ncnc2s1
CHEMBL3633940,15774381,8.05,NC(=O)Nc1ccc(C(=O)Nc2ccc3ncnc(Nc4ccc(F)c(Cl)c4)c3c2)cc1
CHEMBL5854622,28404740,8.7,CC(C)(C)CNc1c(C#N)cnc2c(C#N)cc(N[C@H](C3=CN(C4(C(F)F)CC4)NN3)c3cccc4ccncc34)cc12
CHEMBL5425947,25481301,10.0,CCc1cc(Nc2ncc(C(F)(F)F)c(Nc3ccc4nccnc4c3P(C)(C)=O)n2)c(OC)cc1N1CCC(N2CC(N(C)C)C2)CC1
CHEMBL4475546,19310309,7.09,C=CC(=O)Nc1cccc(-c2c(Cl)sc3ncnc(N[C@H](CO)c4ccccc4)c23)c1
CHEMBL5275712,25018381,7.5,C=CC(=O)Nc1cc(Nc2ncc(C(=O)OCC)c(-c3cn4c5c(cccc35)CCC4)n2)c(OC)cc1N(C)CCN(C)C
CHEMBL5916200,28403810,8.7,CC(C)(C)N1CCC(N2C=C([C@@H](Nc3cc(Cl)c4ncc(C#N)c(Nc5cccc(Cl)c5F)c4c3)c3csc4c3CCN(C3COC3)C4)NN2)CC1
CHEMBL5408433,25533369,6.47,[2H]C([2H])([2H])n1cc(-c2ccnc(Nc3cc(NC(=O)C(C)C)c4c(cnn4CCN(C)C)c3)n2)c2ccccc21
CHEMBL1170459,3364637,5.24,Cc1ncc([N+](=O)[O-])n1CCOC(=O)/C=C/c1ccc2ccccc2c1
CHEMBL3758761,16457554,7.68,COc1c(C=O)cccc1-c1cc2c(N[C@H](C)c3ccccc3)ncnc2s1
CHEMBL2385984,13322647,5.3,CCOc1cc([N+](=O)[O-])c(C(=O)Nc2ccc(F)c(Cl)c2)cc1NC(=O)c1ccc(CN2CCN(C)CC2)cc1
CHEMBL399372,2047154,7.92,CCOc1cc2ncnc(C#Cc3nccn3-c3ccccc3)c2cc1OCC
CHEMBL3586185,15628371,5.12,O=C1N=C(N2CCC[C@H]2C(=O)Nc2ccc3ncnc(Nc4cccc(Cl)c4)c3c2)S/C1=C/c1ccc(Cl)cc1
CHEMBL6015025,27652946,7.26,C=CC(=O)N1CCOc2ccc(Nc3nc(Nc4ccc5c(cnn5C)c4)ncc3C(C)=O)cc21
CHEMBL5957373,28517123,5.64,C=CC(=O)N1CC(Nc2nc(Nc3ccc(N4CCOCC4)cc3)c3c(c2F)CNC3=O)CCC1C
CHEMBL218677,1768211,8.7,COc1cc2ncnc(Nc3cccc(Cl)c3F)c2cc1OC1CCN(CC(N)=O)CC1
CHEMBL5742380,26768665,7.82,O=C(/C=C/CN1C[C@@H]2OCCO[C@@H]2C1)Nc1ccc2ncnc(Nc3ccc(OCc4cccc(F)c4)c(Cl)c3)c2c1
CHEMBL360209,1453217,5.66,COc1cc2ncnc(Nc3ccc(Cl)c(NC(=O)c4ccccc4)c3)c2cc1OC
CHEMBL5809223,28517222,5.95,C=CC(=O)NC1CN(c2nc(Nc3cnn(C)c3)c3c(c2F)CNC3=O)C1
CHEMBL4855850,23250026,6.61,C#CCNC(=O)c1cc(Nc2cc(C3CC3)[nH]n2)nc(N2CCN(Cc3ccc(S(=O)(=O)F)cc3)CC2)n1
CHEMBL5918623,28403906,7.29,Cc1ccc([C@H](Nc2cc(Cl)c3ncc(C#N)c(Nc4ccc(F)c(Cl)c4)c3c2)C2=CN(COC(=O)C(C)(C)C)NN2)cn1
CHEMBL5542205,25866186,7.05,C=CC(=O)N1CC[C@H](n2cc(-c3ccncc3)c(-c3cccc(/C=C/c4ncc(C5CC5)o4)c3)n2)C1
CHEMBL2070199,10988326,6.67,Clc1cccc(Nc2ncnc3ccc(NCc4ccc5c(c4)OCCCO5)cc23)c1
CHEMBL5988246,26961373,7.38,C=CC(=O)N[C@H]1CC[C@@H](n2nc(C(=O)Nc3nc4ccccc4o3)c3c(N)ncnc32)CC1
CHEMBL5877254,27750698,8.52,C=CC(=O)Nc1cc(Nc2ncc(F)c(-c3cnc4c(c3)c(Cl)cn4C)n2)c(OC)cc1N(C)CCN(C)C
CHEMBL5952264,26768791,9.05,COc1cc2ncnc(Nc3ccc(F)c(Cl)c3F)c2cc1NC(=O)/C=C/CN1C[C@@H]2OCCO[C@@H]2C1
CHEMBL6039447,27737948,7.26,COc1ccccc1C(=O)NCc1ccc(-c2nn(C(C)(C)C)c3ncnc(N)c23)cc1
CHEMBL5868518,26940994,8.0,C=CC(=O)Nc1cc(Nc2ncc3ccc(-c4cnn(C)c4)n3n2)c(OC)cc1OCCN(C)C
CHEMBL4519470,19187642,7.32,COc1cc2ncnc(Nc3ccc(Oc4ccc(C)nc4)c(C)c3)c2cc1NC(=O)CC1CCSS1
CHEMBL4588786,19315825,8.0,CC(=O)OC[C@@]1(C)[C@@H]2CC[C@]3(C)[C@H](CC=C4[C@@H]5CC(C)(C)CC[C@]5(C(=O)OCCCCO[N+](=O)[O-])CC[C@]43C)[C@@]2(C)CC[C@@H]1OC(C)=O
CHEMBL6015820,28405004,8.52,Cc1ncsc1[C@H](Nc1cc(C#N)c2ncc(C#N)c(NCC(C)(C)C)c2c1)C1=CN(C2(C(F)F)CC2)NN1
CHEMBL5898294,26839033,8.48,CC(C)(C)CNc1ncnc2c(C#N)cc(N[C@H](c3cn(C4(C(F)(F)F)CC4)nn3)c3cccc4ncsc34)cc12
CHEMBL6021032,27652784,5.26,Cc1cccc(Nc2nc(Nc3cccc(NC(=O)/C=C/Cn4cccn4)c3)ncc2F)c1
CHEMBL490775,2202767,5.16,C[C@H](NC(=O)[C@H](C)NC(=O)c1ccc(S(=O)(=O)Oc2ccc(/C=C/[N+](=O)[O-])cc2)cc1)C(=O)O
CHEMBL2325105,12657579,5.25,NC(=S)N1N=C(c2ccc(Br)cc2)CC1c1cccc2ccccc12
CHEMBL6027785,28883654,5.68,C=CC(=O)N1CC(Nc2cncc(-c3cnc(Oc4ccc(Cl)cc4)nc3)n2)C1
CHEMBL203529,1697630,5.16,Fc1ccc2c(c1)CNc1c(Nc3ccccc3)ncnc1O2
CHEMBL4549542,19445309,7.08,CN1CCN(C/C=C/C(=O)N2CCOc3cc4ncnc(Nc5ccc(F)c(Cl)c5)c4cc32)CC1
CHEMBL225721,1881008,6.01,COc1ccc(N(CCN/N=N/c2ccc3ncnc(Nc4cccc(Cl)c4)c3c2)CC(C)Cl)cc1
CHEMBL3622637,15743476,8.27,COCCOc1cc2ncnc(Nc3ccc(OCc4ccccn4)c(Cl)c3)c2cc1NC(=O)/C=C/CN(C)C
CHEMBL6056862,28404782,8.7,CC(C)(C)CNc1c(C#N)cnc2c(Cl)cc(N[C@H](C3=CN(C4(C(N)=O)CCC4)NN3)c3cccc4ncccc34)cc12
CHEMBL2437465,13483450,7.85,C=CC(=O)Nc1cccc(-n2c(=O)cnc3cnc(Nc4ccc(N(CC)CC)cc4)nc32)c1
CHEMBL5198664,25105699,6.77,Cc1cnc(Nc2ccc(N3CCN(C)CC3)cc2)nc1Nc1ccc2[nH]ccc2c1
CHEMBL4289274,18795778,5.77,COc1cc(-c2nc3sc(-c4ccc(Cl)cc4)cn3n2)cc(OC)c1OC
CHEMBL2316142,12615161,5.82,COc1cc(/C=C2\CCC/C(=C\c3ccccc3Cl)C2=O)cc(OC)c1
CHEMBL3133758,13973662,6.78,CCN(CCO)CCCOc1ccc2c(Nc3cccc(NC(=O)Nc4ccc(F)c(Cl)c4)c3)ncnc2c1
CHEMBL1094808,3299624,4.04,Nc1nc(Nc2ccc(C(F)(F)F)c(F)c2)c2cc(Cc3ccc(Cl)cc3Cl)[nH]c2n1
CHEMBL5181848,24670263,8.02,C=CC(=O)N1CCC(Oc2nc(Nc3ccc(N4CCOCC4)cc3OC)nc3ccsc23)CC1
CHEMBL6004044,28883426,5.19,C=CC(=O)N1CC(Nc2cncc(-c3cnc(Oc4cccc(C#N)c4)nc3)c2)C1
CHEMBL5441041,25691194,7.89,C=CC(=O)Nc1cccc(-c2c(-c3ccc(N4CCN(C)CC4)nc3)oc3ncnc(NC4CCCC4)c23)c1
CHEMBL382073,1681983,8.74,CCN(CC)CCC#CC(=O)Nc1ccc2ncnc(Nc3ccc(F)c(Cl)c3)c2c1
CHEMBL5810347,28404869,6.68,COc1cc(N[C@H](C2=CN(C3(C(F)(F)F)CC3)NN2)c2ccc(F)nc2C)cc2c(NCC(C)(C)C)c(C#N)cnc12
CHEMBL5870784,27750512,6.66,C=CC(=O)Nc1cc(Nc2nccc(-c3cnn(C)c3)n2)c(OC)cc1N1CCC(N(C)C)CC1
CHEMBL4097141,18248441,8.31,C=CC(=O)Nc1cc(Nc2nccc(-c3cn4c5c(cccc35)CCC4)n2)c(OC)cc1N1CC(N(C)C)C1
CHEMBL5860261,28403831,8.4,Cc1ncccc1[C@H](Nc1cc(Cl)c2ncc(C#N)c(Nc3cccc(Cl)c3F)c2c1)C1=CNNN1
CHEMBL5424694,25536007,6.63,CN(Cc1ccncc1)c1ncnc2[nH]c(-c3ccc(CO)cc3)cc12
CHEMBL4101719,18243312,7.68,OCCCc1nc(-c2ccc(F)cc2)c(-c2ccnc3[nH]c(-c4ccccc4)cc23)[nH]1
CHEMBL6030509,28405436,8.7,Cn1ccc2c([C@H](Nc3cc(Cl)c4ncc(C#N)c(NCC(C)(C)C(F)(F)F)c4c3)C3=CN(C45CC(C4)C5)NN3)cccc2c1=O
CHEMBL5170376,24824824,8.0,CC(C)c1cnc(N2CC(C(=O)N(C)C)C2)c2cnc(Nc3ccnc(N4CC[C@@H](O)[C@@](C)(F)C4)n3)cc12
CHEMBL5771755,28403765,8.1,Cc1ncccc1[C@H](Nc1cc(Cl)c2ncc(C#N)c(Nc3cccc(Cl)c3)c2c1)C1=CN(C2CCN(C(C)(C)C)CC2)NN1
CHEMBL5566478,25870224,6.13,C=CC(=O)N1CCC[C@@H](n2nc(-c3ccc(Oc4ccc5c(c4)ncn5C)c(C)c3)c3c(N)ncnc32)C1
CHEMBL31965,26212544,9.0,C=CC(=O)Nc1cc2c(Nc3ccc(F)c(Cl)c3)ncnc2cc1OCCCN1CCOCC1
CHEMBL5437181,25691179,7.39,C=CC(=O)Nc1cccc(-c2c(-c3ccccc3)oc3ncnc(NC4CCCC4)c23)c1
CHEMBL1958031,8049004,5.27,O=C1CSC(N2N=C(c3ccc(Cl)cc3)CC2c2ccccc2)=N1
CHEMBL3628907,15760010,5.9,O=C(Nc1cccc(Br)c1)Nc1ccc(Oc2ncnc3sc4c(c23)CCCC4)cc1Cl
CHEMBL4781497,22968038,6.6,CN1CCN(c2ccc(Nc3nc(Oc4ccc5ccc(=O)[nH]c5c4)c4sccc4n3)cc2)CC1
CHEMBL2425091,13452936,7.03,COc1cc2ncnc(Nc3ccc(F)c(Cl)c3)c2cc1OCCN1CC(OC)C1
CHEMBL1095130,3299620,5.6,Nc1nc(Nc2ccc(Cl)cc2F)c2cc(Cc3ccc(Cl)cc3Cl)[nH]c2n1
CHEMBL382822,1715583,6.35,COc1cc2ncnc(Nc3cccc(Cl)c3F)c2cc1CN1CCC[C@@H]1C(=O)N(C)C
CHEMBL5415613,25599169,8.22,CCNC(=O)c1cnc(Nc2ccnc(-c3cnn(S(=O)(=O)C4CC4)c3)n2)cc1N[C@@H](C)CC
CHEMBL5752653,28403690,7.25,N#Cc1cnc2c(Cl)cc(N[C@H](C3=CN(C4COC4)NN3)c3cccnc3)cc2c1NC1CCOCC1
CHEMBL5813491,28405280,7.38,Cc1nc(F)ccc1[C@H](Nc1cc(Cl)c2ncc(C#N)c(NCC3C(C)(C)C3(C)C)c2c1)C1=CN(C2(C(F)F)CC2)NN1
CHEMBL4128415,18304102,8.72,C=CC(=O)Nc1cccc(-n2c(=O)n(Cc3ccccc3)c(=O)c3cnc(Nc4ccc(N5CCC(N(C)C)CC5)cc4OC)nc32)c1
CHEMBL3233769,14586665,5.75,C=CCOC(=O)Nc1cc2c(Nc3ccc(F)c(Cl)c3)ncnc2s1
CHEMBL4064224,18243222,7.17,C=CC(=O)Nc1cccc(-c2c[nH]c3nccc(Cl)c23)c1
CHEMBL5916714,28405466,7.47,Cc1ccc([C@H](Nc2cc(Cl)c3ncc(C#N)c(NCC(C)(C)C)c3c2)C2=CN(C3(C(F)(F)F)CC3)NN2)cn1
CHEMBL5813210,28405547,8.0,CC(C)(C)CNc1c(C#N)cnc2c(C#N)cc(N[C@H](C3=CN(C4(C(F)(F)F)CC4)NN3)c3ccc4nccn4c3)cc12
CHEMBL2018761,10855818,5.14,COC(=O)Nc1cc(Nc2ncnc3cc(OC)c(OC)cc23)ccc1C
CHEMBL5758018,28405895,8.15,CC(C)(CNc1c(C#N)cnc2c(Cl)cc(N[C@H](C3=CN(C4(C(F)F)CC4)NN3)c3cccc4ncccc34)cc12)C(F)(F)F
CHEMBL2425092,13452939,7.25,COc1cc2ncnc(Nc3ccc(F)c(Cl)c3)c2cc1OCCCN1CC2(COC2)C1
CHEMBL5884157,27653276,7.26,C=CC(=O)Nc1cccc(Nc2nc(Nc3ccc(OC(C)(C)CO)c(F)c3)ncc2F)c1
CHEMBL1928955,7963953,7.19,O=C(COc1ccccc1)Nc1cccc(Oc2cc(Nc3ccc(OCc4cccc(F)c4)c(Cl)c3)ncn2)c1
CHEMBL4082000,18039962,8.35,C=CC(=O)Nc1cc(Nc2n[nH]c3cc(-c4cccc(C(F)(F)F)c4)ccc23)c(OC)cc1N(C)CCN(C)C
CHEMBL5746985,28403648,7.17,CC(C)N1C=C([C@@H](Nc2cc(Cl)c3ncc(C#N)c(N[C@@H](c4ccccc4)C(C)(C)O)c3c2)c2cccnc2)NN1
CHEMBL5199122,24877541,6.55,CSc1nc(-c2cccc(NC(=O)c3c(F)ccc(O)c3CN3Cc4ccccc4C3=O)c2)c(-c2ccnc(NC(C)=O)c2)[nH]1
CHEMBL4468464,19122073,7.92,C=CC(=O)Nc1cc2c(Nc3ccc(F)c(Cl)c3)ncnc2cc1OCc1cn(Cc2ccccc2F)nn1
CHEMBL5958954,27737750,6.26,COc1ccccc1C(=O)NCc1ccc(-c2nn(C3CCCC(=O)C3)c3ncnc(N)c23)cc1
CHEMBL3344210,15130271,7.46,CNC(CS(C)(=O)=O)c1ccc(-c2ccc3ncnc(Nc4ccc(OCc5cccc(F)c5)c(Cl)c4)c3c2)o1
CHEMBL4541573,19445325,6.44,CN(C)C/C=C/C(=O)N1CCCOc2cc3ncnc(Nc4ccc(F)c(Cl)c4)c3cc21
CHEMBL5981661,26749616,7.23,C[C@@H]1CN(Cc2ccc(C(=O)N[C@@H]3[C@H]4Oc5ccc(Oc6ccnc7c6CCC(=O)N7)cc5[C@@H]34)cc2C(F)(F)F)C[C@H](C)O1
CHEMBL5850193,28405520,8.7,CC1(N2C=C([C@@H](Nc3cc(C#N)c4ncc(C#N)c(NCC(C)(C)C(F)(F)F)c4c3)c3ccc(F)c4ncccc34)NN2)CC1
CHEMBL5206902,24848249,9.7,CN1CCC(c2ccc(-c3ccc4ncn(C(C(=O)Nc5nccs5)c5ccccc5)c(=O)c4c3)cc2)CC1
CHEMBL5814097,28404194,8.4,CN1C=C(C(Nc2cc(Cl)c3ncc(C#N)c(Nc4ccc(F)c(Cl)c4)c3c2)c2cccnc2)NN1
CHEMBL5814661,26749553,7.16,O=C1CCc2c(Oc3ccc4c(c3)[C@H]3[C@H](NC(=O)c5ccc(CN6CCCCC6)c(C(F)(F)F)c5)[C@H]3O4)ccnc2N1
CHEMBL4873830,23256359,6.7,O=C(O)c1ccccc1Nc1nc(Nc2ccc(OCC(=O)N3CCOCC3)cc2)ncc1Cl
CHEMBL4078431,17956904,9.52,COc1cc2ncnc(Nc3cccc(Br)c3)c2cc1OCCCOP(N)(=O)N(CCCl)CCCl
CHEMBL4095447,18189825,9.0,C=CC(=O)N1CCC[C@@H](n2nc(-c3cccc4ccccc34)c3c(N)ncnc32)C1
CHEMBL5172251,24919453,7.66,CCc1cc(Nc2ncc(Cl)c(-c3cn(S(=O)(=O)CC)c4ccccc34)n2)c(OC)cc1N1CCC(N2CCN(C)CC2)CC1
CHEMBL5959323,28403960,7.46,CC(C)Oc1ncccc1[C@H](Nc1cc(Cl)c2ncc(C#N)c(Nc3ccc(F)c(Cl)c3)c2c1)C1=CN(C2CCN(C(C)(C)C)CC2)NN1
CHEMBL53898,1183296,6.16,N#C/C(=C\c1ccc(O)c(O)c1)C(=O)NCCCc1ccccc1
CHEMBL5977400,27070103,5.26,CN(C)C(=O)N[C@@H]1CCCN(c2cnc(C(N)=O)c(Nc3ccc(C4CCN(S(C)(=O)=O)CC4)cc3)n2)C1
CHEMBL5875860,28722164,7.07,C=CC(=O)N1CC(Oc2cc3c(Nc4cccc(C5CC5)c4)ncnc3cc2OC)C1
CHEMBL5994959,26961343,7.43,Nc1ncnc2c1c(C(=O)Nc1nc3cc(Cl)ccc3o1)cn2[C@@H]1CCN(C(=O)/C=C/CN2CCCCC2)C1
CHEMBL5201973,24907645,8.63,Cc1cc(Nc2ncnc3cc(O)c(NC(=O)/C=C/[C@H]4CCCN4C)cc23)ccc1Oc1ccc2nccn2c1
CHEMBL4061473,18060629,8.51,C=CC(=O)N1CCC[C@@H]1CSc1nc(-c2ccc(F)cc2)c(-c2ccnc(Nc3ccccc3)c2)[nH]1
CHEMBL3920551,16847205,7.29,COc1cc2c(Nc3ccc(NC(=O)Nc4ccc(C)c(C)c4)c(Cl)c3)ncnc2cc1OCCCN1CCOCC1
CHEMBL5893452,26940988,7.64,C=CC(=O)Nc1cc(Nc2ncc3ccc(-c4cnn(C)c4)n3n2)c(OC)cc1N1CCC(N(C)C)CC1
CHEMBL5995813,27652748,7.26,COCCOc1ccc(Nc2ncc(F)c(Nc3cccc(NC(=O)/C=C/CN4CC[C@H](O)C4)c3)n2)cc1
CHEMBL5201846,24823391,8.0,COc1cc(N(C)CCN(C)C)c(NC(=O)c2ccncn2)cc1Nc1nccc(-c2cn(C)c3ccccc23)n1
CHEMBL5956631,27737660,5.26,COc1c(C)cccc1C(=O)NCc1ccc(-c2nn(C3CCCC3)c3ncnc(N)c23)cc1
CHEMBL5912662,28405214,8.3,CC(C)(C)CNc1c(C#N)cnc2c(C#N)cc(N[C@H](C3=CN(C4(C(F)(F)F)CC4)NN3)c3ccc(C#N)c4ncccc34)cc12
CHEMBL4780286,22835791,9.1,OC[C@@H](Nc1ncnc2[nH]c(-c3ccccc3)cc12)c1ccccc1
CHEMBL4441404,19226240,6.15,COc1ccc(/C(CSc2nc3[nH]c(=O)n(C)c(=O)c3[nH]2)=N\O)cc1
CHEMBL4079861,17998442,8.62,C=CC(=O)Nc1cc(C(C)C)cc(-n2c(=O)cc(C)c3cnc(Nc4ccc(N5CCN(C)CC5)cc4OC)nc32)c1
CHEMBL3925584,16739499,7.62,COc1ccc(-c2cc3c(N[C@H](C)c4ccccc4F)ncnc3o2)cc1
CHEMBL6033704,27653297,6.26,C=CC(=O)Nc1cccc(Nc2nc(Nc3ccc(Cl)c(O[C@@H]4CCOC4)c3)ncc2F)c1
CHEMBL5420820,25665198,8.44,CCS(=O)(=O)Nc1nc(-c2ccc(F)cc2)c(-c2ccnc(Nc3ccc(N4CCN(C)CC4)c(C)c3)n2)s1
CHEMBL3671538,26587547,7.68,C=CC(=O)Nc1cc2c(Nc3ccc(Br)cc3F)ncnc2cc1OCCNC(=O)CCCN(C)C
CHEMBL3416625,15229672,8.3,COc1ccccc1-c1cc2c(Nc3ccc(F)c(Cl)c3)ncnc2s1
CHEMBL207037,1715576,7.3,COc1cc2ncnc(Nc3cccc(Cl)c3F)c2cc1CN1CC(C(N)=O)C1
CHEMBL6052028,27652889,7.26,C=CC(=O)N1CCC[C@@H](Nc2nc(Nc3cccc(OCCN4CCOCC4)c3)ncc2F)C1
CHEMBL3092301,13852018,6.58,O=C(Nc1cc2c(Nc3ccc(F)c(Cl)c3)ncnc2cc1O[C@H]1CCOC1)N1CCC(N2CCCC2)CC1
CHEMBL5766216,28404707,8.22,Cc1nc(F)ccc1[C@H](Nc1cc(Cl)c2ncc(C#N)c(NCC(C)(C)C)c2c1)C1=CN(C(C)(C)C(F)(F)F)NN1
CHEMBL489312,2390243,7.68,CN(C)CCCN1Cc2cc3c(Nc4cccc(Br)c4)ncnc3cc21
CHEMBL3930316,16668207,8.7,CCC(=O)Nc1cc2c(Nc3ccc(F)c(Cl)c3)ncnc2cc1OC
CHEMBL5796551,27750488,8.7,C=CC(=O)Nc1cc(Nc2nccc(-c3cnc4c(c3)c(Cl)cn4C)n2)c(OC)cc1N(C)CCN(C)C
CHEMBL5776776,27652988,7.26,C=CC(=O)N1CCOc2ccc(Nc3nc(Nc4ccc(N5CCOCC5)nc4)ncc3C(C)=O)cc21
CHEMBL5808967,28404695,8.7,CC(C)(C)CNc1c(C#N)cnc2c(Cl)cc(N[C@H](C3=CN(C4(C(F)F)CC4)NN3)c3cccc4ccncc34)cc12
CHEMBL3699619,16280732,6.7,C=CC(=O)Nc1cccc(Oc2nc(Nc3ccc(N4CCN(C(=O)OC(C)(C)C)CC4)cc3OC)ncc2Cl)c1
CHEMBL4078973,18172279,6.66,CCC(=O)N1CC[C@H](N2C(=O)N(c3cc(OC)ccc3F)Cc3cnc(Nc4ccc(N5CC6(CCN(C)CC6)C5)c(C)c4)nc32)C1
CHEMBL3234743,14571455,5.88,Cc1ccc(C(=O)Nc2ccc(CN3CCN(C)CC3)c(C(F)(F)F)c2)cc1NC(=O)c1ccc(O)nc1
CHEMBL3735952,16390277,6.06,COC1CCN(c2nccc(Nc3cc4[nH]cnc4cn3)n2)CC1
CHEMBL5284179,25059910,7.66,COc1cc2c(Nc3ccc(Oc4ccccc4)c(C)c3)ncnc2cc1OCC1CCN(C)CC1
CHEMBL205045,1710020,7.77,Fc1cccc(COc2ccc(Nc3ncncc3C#Cc3ccccn3)cc2Cl)c1
CHEMBL250924,2047159,7.58,COc1cc2ncnc(C#Cc3ccccc3-c3ccccc3)c2cc1OC
CHEMBL4453748,19172995,7.19,C=CC(=O)N(c1ccc(F)c(Cl)c1)c1ncnc2cc(OC)c(OCCCN3CCOCC3)cc12
CHEMBL4465231,19029997,5.98,CNc1cncc(-c2c[nH]c3nc(Nc4ccc(N5CCN(C(C)=O)CC5)cc4)nc(Oc4ccccc4)c23)n1
CHEMBL1090358,3240743,9.02,CCN1CCN(c2ccc(Nc3nccc(-c4c(-c5cccc(NC(=O)c6c(F)cccc6F)c5)nc5sccn45)n3)cc2)CC1
CHEMBL3237934,14574806,5.13,COc1cc(N2CCN(C)CC2)ccc1Nc1ncc(Cl)c(Oc2cccc(NC(=O)CCN3CCN(C)CC3)c2)n1
CHEMBL3604941,15685166,6.22,C=CC(=O)Nc1cccc(Oc2nc(Nc3n[nH]c4ccccc34)cc(N3CCN(C(C)=O)CC3)n2)c1
CHEMBL208594,1721410,7.96,CNc1ccc2ncnc(Nc3cccc(C)c3)c2c1
CHEMBL5290503,25059905,6.02,COc1cc2c(Nc3ccc(Oc4ccccc4)cc3Br)ncnc2cc1OCC1CCN(C)CC1
CHEMBL5890663,26839072,8.92,Cn1ccc2c([C@H](Nc3cc(C#N)c4ncnc(NCC(C)(C)C)c4c3)c3cn(C4(C(F)F)CC4)nn3)cccc2c1=O
CHEMBL49986,889461,6.97,C=CC(=O)Nc1cc2ncnc(Nc3cccc(Br)c3)c2cn1
CHEMBL3736183,16390280,6.6,CO[C@H]1CCN(c2nccc(Nc3cc4c(cn3)nc(C)n4C(C)C)n2)C[C@H]1F
CHEMBL56455,1145378,5.77,COc1ccc(CCNC(=O)/C(C#N)=C/c2ccc(O)c(O)c2)cc1OC
CHEMBL5401500,25665193,8.2,CCS(=O)(=O)Nc1nc(-c2ccc(F)cc2)c(-c2ccnc(Nc3ccc4c(ccn4CCN4CCOCC4)c3)n2)s1
CHEMBL3604928,15685191,6.05,Cc1cc(Nc2cc(N3CCN(C)CC3)nc(Oc3ccc([N+](=O)[O-])cc3)n2)n[nH]1
CHEMBL5563422,25865972,7.11,C=CC(=O)N1CC[C@@H](n2cc(-c3ncnc4cc(OC)c(OC)cc34)c(-c3cccc(OC)c3)n2)C1
CHEMBL5840304,27071723,6.26,NC(=O)c1ncc(N2CCC[C@@H](NC(=O)c3cncc(F)c3)C2)nc1Nc1ccc(C2CCN(C3CCCC3)CC2)cc1
CHEMBL6023899,28405184,8.7,CC(C)(C)CNc1c(C#N)cnc2c(C#N)cc(N[C@H](C3=CN(C4(C(F)(F)F)CC4)NN3)c3cccc4c(=O)[nH]ccc34)cc12
CHEMBL4129646,18304100,9.4,C=CC(=O)Nc1cccc(-n2c(=O)n(CCC)c(=O)c3cnc(Nc4ccc(N5CCC(N(C)C)CC5)cc4OC)nc32)c1
CHEMBL4650319,25098101,7.6,C=CC(=O)Nc1cc(Nc2ncc(C(=O)OC(C)C)c(-c3cn(C)c4ccccc34)n2)c(OC)cc1N(C)CCN(C)C
CHEMBL3936642,16666127,7.11,O=C(CBr)OCCn1c(=O)oc2cc3ncnc(Nc4ccc(OCc5cccc(F)c5)c(Cl)c4)c3cc21
CHEMBL5971053,28405340,8.3,Cc1nc(F)ccc1[C@H](Nc1cc(Cl)c2ncc(C#N)c(NCC(C)(C)C)c2c1)C1=CN(C2(CC(F)(F)F)CC2)NN1
CHEMBL3799864,16581394,8.74,C=CC(=O)Nc1cccc(Oc2nc(Nc3ccc(N4CCCN(C(C)=O)CC4)cc3OC)ncc2SC)c1
CHEMBL3628792,15759237,5.88,Fc1ccc(Nc2ncnc3sc4c(c23)CCCC4)cc1Cl
CHEMBL2316143,12615160,5.68,COc1cc(/C=C2\CCC/C(=C\c3ccccc3F)C2=O)cc(OC)c1
CHEMBL3915306,16666136,5.19,O=C(CBr)OCCn1c(=O)oc2cc3ncnc(Nc4ccc(OCc5ccc(Cl)cc5)cc4)c3cc21
CHEMBL5428404,25536008,7.11,Cc1cccc(CN(C)c2ncnc3[nH]c(-c4ccc(CO)cc4)cc23)n1
CHEMBL94191,12712360,6.7,COc1cc2ncnc(Nc3ccccc3)c2cc1OC
CHEMBL4287141,18722895,9.0,C=C=CC(=O)Nc1cc(Nc2nccc(-c3cn(C)c4cc(F)ccc34)n2)c(OC)cc1N(C)CCN(C)C
CHEMBL5208416,24670254,8.25,C=CC(=O)N1CCC(Oc2nc(Nc3ccc(N4CCN(C)CC4)cc3)nc3[nH]ccc23)CC1
CHEMBL384699,1768040,7.29,COc1cc2ncnc(Nc3cc(Cl)ccc3F)c2cc1OCCCN1CCOCC1
CHEMBL1171273,3364632,4.5,COc1ccccc1/C=C/C(=O)OCCn1c([N+](=O)[O-])cnc1C
CHEMBL3085379,2047163,6.7,CCN(CC)[C@@](C)(C#Cc1ncnc2cc(OC)c(OC)cc12)Cc1ccncc1
CHEMBL3234747,14571459,7.36,Cc1ccc(C(=O)Nc2ccc(CN3CCN(C)CC3)c(C(F)(F)F)c2)cc1NC(=O)c1cnc(NC2CC2)nc1
CHEMBL1944928,8025252,4.19,COc1ccc2c3oc(=O)cc(O)c3c(=O)n(C)c2c1
CHEMBL399371,2047157,8.3,CCOc1cc2ncnc(/C=C/CCc3ccccc3)c2cc1OCC
CHEMBL5851917,28405241,8.7,Cc1nc(F)ccc1[C@H](Nc1cc(Cl)c2ncc(C#N)c(NCC(C)(C)C(F)(F)F)c2c1)C1=CN(C2(C)CC2)NN1
CHEMBL6023552,28404659,8.4,Cn1ncc2c([C@H](Nc3cc(Cl)c4ncc(C#N)c(NCC(C)(C)C)c4c3)C3=CN(C4(C)CC4)NN3)cccc21
CHEMBL5436840,25533378,6.43,CN(C)CCn1ncc2cc(Nc3nccc(-c4cn(C)c5ccccc45)n3)ccc21
CHEMBL3671574,26587658,7.6,C=CC(=O)Nc1cc2c(Nc3ccc(Br)cc3F)ncnc2cc1OCCNC(=O)C1CCCN1C(C)=O
CHEMBL3622647,15743466,6.83,CN(C)C/C=C/C(=O)Nc1cc2c(Nc3ccc(F)c(C#N)c3)ncnc2cc1O[C@H]1CCOC1
CHEMBL1172843,19310315,7.7,C=CC(=O)Nc1cccc(-c2c(-c3ccccc3)oc3ncnc(N[C@H](CO)c4ccccc4)c23)c1
CHEMBL3680373,26581689,8.19,O=C(/C=C/CN1CCCCC1)Nc1cc2c(Nc3ccc(F)c(Cl)c3)ncnc2cc1OCCF
CHEMBL5288249,25078699,7.97,C=CC(=O)N1CCC(Oc2cc3c(Nc4cccc(C#N)c4)ncnc3cc2O[C@H]2CCOC2)CC1
CHEMBL5793602,28405841,8.52,CC(C)(C)CNc1c(C#N)cnc2c(Cl)cc(N[C@H](C3=CN(C45CC(C4)C5)NN3)c3ccc(F)c4ncccc34)cc12
CHEMBL4639556,20708029,5.31,CN1CCN(C/C=C/C(=O)N2CCCOc3cc4ncnc(Nc5ccc(OCc6cccc(F)c6)c(Cl)c5)c4cc32)CC1
CHEMBL5959742,28620584,5.37,COc1cc(C2CCNCC2)ccc1Nc1ncc(C(F)(F)F)c(Nc2ccccc2NS(C)(=O)=O)n1
CHEMBL125920,892035,7.96,CCOc1cc2ncnc(Nc3cccc(-c4cc[nH]n4)c3)c2cc1OCC
CHEMBL5853497,28162814,6.51,NC(=O)c1c(-c2ccc(Oc3ccc(Cl)cn3)cc2)nn([C@@H]2CCCN(C(=O)/C=C/C(F)F)C2)c1N
CHEMBL3403514,15176258,6.51,Cc1nc(N(C)c2ccc3occc3c2)c2cc(C)oc2n1
CHEMBL4175782,18423622,8.11,C=CC(=O)Nc1cc(Nc2nccc(Nc3ccccc3-c3ncn(C)n3)n2)c(OC)cc1N(C)CCN(C)C
CHEMBL5893709,28404785,8.7,CC(C)(C)CNc1c(C#N)cnc2c(Cl)cc(N[C@H](C3=CN(C4(C#N)CC4)NN3)c3cccc4ncccc34)cc12
CHEMBL3921302,16666122,7.7,CN1CCN(c2ccc(Nc3ncnc4cc5oc(=O)n(CCOC(=O)CCl)c5cc34)cc2Cl)CC1
CHEMBL6027049,27069668,6.26,COc1ccc(C(=O)N[C@@H]2CCCN(c3cnc(C(N)=O)c(Nc4ccc(C5CCN(C)CC5)cc4)n3)C2)cc1
CHEMBL4532084,19073795,8.21,COc1cc2c(Nc3ccc(C)c(Br)c3)ncnc2cc1OCCOCCOCCNC(=O)Cn1cnc([N+](=O)[O-])n1
CHEMBL5962946,28517180,6.0,C#CC(=O)N1CCCC(N(C)c2nc(-c3cnn(C)c3)c3c(c2F)CNC3=O)C1
CHEMBL5887780,28404974,7.17,Cc1ncoc1[C@H](Nc1cc(Cl)c2ncc(C#N)c(NCC(C)(C)C)c2c1)C1=CN(C2(C(F)F)CC2)NN1
CHEMBL6041434,26838943,8.11,CC(C)(C)CNc1ncnc2ccc(N[C@@H](c3ccc(F)cc3)c3cn(C4CC4)nn3)cc12
CHEMBL3932286,16895190,8.38,C=CC(=O)N1CCC(Oc2cc3c(Nc4cccc(Cl)c4)ncnc3cc2OC)CC1
CHEMBL4202780,18456097,5.11,COc1cc(N2CCN(C)CC2)ccc1Nc1ncc(Cl)c(Oc2ccccc2NC(=O)/C=C/CN(C)C)n1
CHEMBL3760082,16457562,8.52,COc1ccc(C=O)cc1-c1cc2c(N[C@H](C)c3ccccc3)ncnc2s1
CHEMBL3416621,15229697,7.1,Brc1cc2c(Nc3ccccc3)ncnc2s1
CHEMBL5084760,24381004,9.15,Cc1cc(Nc2ncc(Cl)c(Nc3ccccc3P(C)(C)=O)n2)ccc1N1CCC(N2CCN(C)CC2)CC1
CHEMBL5750602,27737561,5.26,CC(C)Oc1ccccc1C(=O)NCc1ccc(-c2nn(C3CCCC3)c3ncnc(N)c23)cc1
CHEMBL5411377,25665211,7.31,CCS(=O)(=O)N1CCC(c2nc(-c3ccc(F)cc3)c(-c3ccnc(Nc4ccc(N5CCN(C(C)C)CC5)cc4)n3)s2)CC1
CHEMBL2337369,12684830,4.23,CC(C)(C)C(=O)Nc1nc(Nc2ccc(Cl)cc2)c2c(n1)[nH]c1cccc(Cl)c12
CHEMBL3357648,15112238,7.41,CCOc1cc2ncnc(Nc3ccc(Oc4ccc(C)nc4)c(Cl)c3)c2cc1NC(=O)/C(F)=C\CN1CCCCC1
CHEMBL3612596,15698276,6.8,CCOC(=O)CCCn1c(=O)oc2cc3ncnc(Nc4ccc(OC(C)C)cc4)c3cc21
CHEMBL212250,1766871,7.6,O=S(=O)(CCOCc1ccc(-c2ccc3ncnc(Nc4ccc(OCc5cccc(F)c5)c(Cl)c4)c3c2)o1)c1ccccc1
CHEMBL206955,1715589,8.22,COc1cc2ncnc(Nc3ccc(F)c(Cl)c3)c2cc1CN1CCC[C@@H]1C(N)=O
CHEMBL5920148,28404020,8.3,N#Cc1cnc2c(Cl)cc(N[C@H](C3=CN(C4COC4)NN3)c3cccnc3)cc2c1Nc1ccc(F)c(Cl)c1
CHEMBL5741542,28405367,8.52,Cc1nc(F)ccc1[C@H](Nc1cc(Cl)c2ncc(C#N)c(NCC(C)(C)C)c2c1)C1=CN(C(CF)CF)NN1
CHEMBL5940713,27558878,7.06,C=CC(=O)Nc1cc(Nc2nc(OC3CN(S(C)(=O)=O)C3)c3ccn(CO)c3n2)c(OC)cc1N(C)CCN(C)C
CHEMBL3233778,14586676,8.1,CCN(CC)C/C=C/C(=O)Nc1cc2c(Nc3ccc(F)c(Cl)c3)ncnc2s1
CHEMBL2031300,10888039,9.64,CN1CCN(CCC(=O)Nc2ccc3ncnc(Nc4cccc(Br)c4)c3c2)CC1
CHEMBL4075241,18155519,5.51,COc1cc(Cl)c(/C=C2\CN(C(C)C)C/C(=C\c3nc(C)c(C)nc3C)C2=O)cc1OC
CHEMBL371888,1603448,7.23,COc1cc2ncnc(Nc3ccc(OCc4ccccn4)c(C)c3)c2cc1OC
CHEMBL5857449,28403885,7.43,Cn1cnc([C@H](Nc2cc(Cl)c3ncc(C#N)c(Nc4ccc(F)c(Cl)c4)c3c2)C2=CNNN2)c1
CHEMBL5893212,27653126,6.26,C=CC(=O)Nc1ccc(Nc2nc(Nc3cncc(OC)c3)ncc2C(F)(F)F)cc1
CHEMBL5394606,25533371,7.38,C=CC(=O)Nc1cc(Nc2nccc(-c3cn(S(=O)(=O)CC)c4ccccc34)n2)cc2cnn(CCN(CC)CC)c12
CHEMBL3961553,16739492,8.7,OC[C@@H](Nc1ncnc2oc(-c3ccc(O)cc3)cc12)c1ccccc1
CHEMBL5794118,27750416,7.24,C=CC(=O)Nc1cc(Nc2ncc(C(F)(F)F)c(-c3cnc4c(ccn4C)c3)n2)c(OC)cc1N(C)CCN(C)C
CHEMBL5808700,27653291,7.26,C=CC(=O)Nc1cccc(Nc2nc(Nc3ccc(Cl)c(OC(C)CO)c3)ncc2F)c1
CHEMBL4557772,19293637,8.22,C=C(F)C(=O)Nc1cc(Nc2nccc(-c3cn(C)c4ccccc34)n2)c(OC)cc1N(C)CCN(C)C
CHEMBL3676375,26587808,7.06,C=CC(=O)Nc1cc2c(Nc3ccc(Br)c(Cl)c3F)ncnc2cc1OCC(C)NC(=O)CN(C)C
CHEMBL2064391,10967427,5.17,CC(=O)c1cccc(Nc2ncnc3cc4oc(=O)n(CCCN5CCOCC5)c4cc23)c1
CHEMBL377277,1696700,5.09,COc1cc(OC(C)C)c2c(Nc3ccc(F)c(Cl)c3)ncnc2c1
CHEMBL2347966,12722985,8.4,CN(C)CC(=O)Nc1cccc(-c2c(-c3ccccc3)oc3ncnc(N[C@H](CO)c4ccccc4)c23)c1
CHEMBL4550104,18923676,9.0,Cc1cc2cc(n1)-c1cnn(C)c1OCCCCCN1/C(=N/C2=O)Nc2ccccc21
CHEMBL247915,2038909,6.72,NC1CCN(Cc2ccn3ncnc(Nc4ccc5c(cnn5Cc5cccnc5)c4)c23)CC1
CHEMBL5796539,28517078,5.37,C=CC(=O)N1CCCC(Nc2nc(Nc3ccc(N4CCN(C)CC4)cc3)c3c(c2F)CNC3=O)C1
CHEMBL5436784,25533368,6.8,[2H]C([2H])([2H])n1cc(-c2ccnc(Nc3cc(NC(C)=O)c4c(cnn4CCN(C)C)c3)n2)c2ccccc21
CHEMBL5573322,25947801,4.49,CCN(CC)c1nc2oc(C)c(C(=O)NN)c2c(=O)n1-c1ccccc1
CHEMBL3930539,16756453,8.05,C=CC(=O)Nc1cccc(Nc2nc(Nc3ccc(Cn4ccnc4)cc3)ncc2F)c1
CHEMBL3742146,16404694,5.37,C/C(=N\Nc1ncc(Cl)c(Nc2cccc(NC(=O)/C=C/CN(C)C)c2)n1)c1cccnc1
CHEMBL5188940,24741586,10.1,CCc1cc(Nc2ncc(Br)c(Nc3ccc4c(c3P(C)(C)=O)OCCO4)n2)c(OC)cc1N1CCC(N2CC(N(C)C)C2)CC1
CHEMBL5860484,27071360,5.26,CCN1CCN([C@@H]2CCCN(c3cnc(C(N)=O)c(Nc4ccc(C5(C)CCN(C6CC6)CC5)cc4)n3)C2)C1=O
CHEMBL399438,2045383,6.63,N#Cc1cnc2cc(-c3ccc(CN4CCOCC4)cc3)ccc2c1N[C@@H]1C[C@H]1c1ccccc1
CHEMBL6011609,28883690,5.21,C=CC(=O)N1CCC(Nc2cncc(-c3cnc(Nc4cccc(Cl)c4)nc3)c2)CC1C
CHEMBL3898077,16895221,8.7,C=C(CN(C)C)C(=O)N1CC(Oc2cc3c(Nc4ccc(F)c(Cl)c4F)ncnc3cc2OC)C1
CHEMBL172652,1036448,8.39,Brc1cccc(Nc2ncnc3cc4[nH]nnc4cc23)c1
CHEMBL5567060,25865962,7.66,Fc1ccccc1COc1cccc(-c2n[nH]cc2-c2ccncc2)c1
CHEMBL5967802,28405364,8.22,Cc1nc(F)ccc1[C@H](Nc1cc(Cl)c2ncc(C#N)c(NCC(C)(C)C)c2c1)C1=CN(C2(C(C)(C)C)CC2)NN1
CHEMBL2031308,10888047,8.66,CCOc1cc2ncc(C#N)c(Nc3ccc(F)c(Cl)c3)c2cc1NC(=O)CCN1CCCCC1
CHEMBL3758951,16457541,8.1,C[C@@H](Nc1ncnc2sc(-c3ccc(F)c(C=O)c3)cc12)c1ccccc1
CHEMBL4227490,18577524,6.72,C=CC(=O)Nc1cccc(NC(=O)Nc2ccnc(Nc3ccccc3OC)n2)c1
CHEMBL5925262,28403936,8.52,Cc1ncccc1[C@H](Nc1cc(Cl)c2ncc(C#N)c(Nc3ccc(F)c(Cl)c3)c2c1)C1=CN(C2CCN(C(C)(C)C)CC2)NN1
CHEMBL5185330,24871176,6.16,COc1cc2ncnc3c2cc1OCCOCCOc1ccccc1N3
CHEMBL3639984,16307831,7.19,C=CC(=O)Nc1cccc(Nc2nc(Nc3ccc(N4CCN(C(=O)CO)CC4)cc3OC(F)(F)F)ncc2C(F)(F)F)c1
CHEMBL4208673,18539784,7.46,CN1CCN(c2nc(Nc3ccc(F)cc3)nc3cnc(Nc4ccc(N5CCC(N(C)C)CC5)cn4)cc23)CC1
CHEMBL5974834,27750602,6.95,C=CC(=O)Nc1cc(Nc2ncc(Cl)c(-c3cnn(C(F)F)c3)n2)c(OC)cc1N1CCC(N(C)C)CC1
CHEMBL5412108,25665184,7.58,CN(C)CCn1ccc2cc(Nc3nccc(-c4sc(N5CCOCC5)nc4-c4ccc(F)cc4)n3)ccc21
CHEMBL4068254,17967044,4.5,c1ccc(-c2nnc(Cc3nc4ccccc4[nH]3)o2)cc1
CHEMBL5268143,25018391,7.72,C=CC(=O)Nc1cc(Nc2ncc(C(=O)OCC)c(-c3cn(C)c4ccccc34)n2)c(OC)cc1N(C)CCN(C)C
CHEMBL4293734,18722859,9.0,C=C=CC(=O)Nc1cc(Nc2nccc(-c3cn(C)c4ccccc34)n2)c(OC)cc1N1CCC(N(C)C)CC1
CHEMBL1958037,8049010,5.5,O=C1CSC(N2N=C(c3ccc(Br)cc3)CC2c2ccccc2)=N1
CHEMBL5814182,28883642,5.84,C=CC(=O)N1CC[C@H](Nc2cncc(-c3cnc(Nc4cccc(OC(F)F)c4)nc3)n2)C1
CHEMBL5834209,28405136,7.85,CC(C)(C)CNc1c(C#N)cnc2c(Cl)cc(N[C@H](C3=CN(C(C)(C)CF)NN3)c3cccc4cnccc34)cc12
CHEMBL5869051,28404863,8.1,CCc1nc(F)ccc1[C@H](Nc1cc(Cl)c2ncc(C#N)c(NCC(C)(C)C)c2c1)C1=CN(C2(C(F)(F)F)CC2)NN1
CHEMBL5282716,25073528,7.5,CC(C)n1nc(N2CC(C(C)(C)O)C2)c2cnc(Nc3ccnc(-c4cnn(S(=O)(=O)C5CC5)c4)n3)cc21
CHEMBL5937054,28403210,8.22,CC(C)N1C=C([C@@H](Nc2cc(Cl)c3ncc(C#N)c(Nc4ccc(F)c(Cl)c4)c3c2)c2cccc3c2C(=O)NC3)NN1
CHEMBL5770897,27071252,6.26,CN1CCN([C@@H]2CCCN(c3cnc(C(N)=O)c(Nc4ccc(C5(C)CCN(C=O)CC5)cc4)n3)C2)C1=O
CHEMBL4067855,18117876,7.95,C=CC(=O)Nc1cccc(Nc2nc(Nc3ccc(/C=C/c4cc(Cl)cc(Cl)c4)cc3)ncc2Cl)c1
CHEMBL4086559,18248411,7.26,C=CC(=O)Nc1cc(Nc2ncnc(-c3cn(C)c4ccccc34)c2OC)c(OC)cc1N(C)CCN(C)C
CHEMBL5857101,27322388,8.31,COc1cc(Nc2ncc(Cl)c(Nc3ccccc3C(=O)C(=O)N(C)C)n2)ccc1N1CCC(N(C)C)CC1
CHEMBL6017472,28405712,8.7,C[C@@H](CF)N1C=C([C@@H](Nc2cc(C#N)c3ncc(C#N)c(NCC(C)(C)C)c3c2)c2cccc3c(=O)n(C)ccc23)NN1
CHEMBL5789779,26768674,7.66,O=C(/C=C/CN1C[C@@H]2OCCO[C@@H]2C1)Nc1ccc2ncnc(Nc3ccc(OCc4ccccn4)c(Cl)c3)c2c1
CHEMBL5891982,28404698,8.3,CC(C)(C)CNc1c(C#N)cnc2c(Cl)cc(N[C@H](C3=CN(C4(C(F)F)CC4)NN3)c3cccn4nccc34)cc12
CHEMBL135577,329906,5.34,CCN(CC)CCNC(=O)c1c([Se][Se]c2[nH]c3ccccc3c2C(=O)NCCN(CC)CC)[nH]c2ccccc12
CHEMBL4278031,18766029,6.01,COc1cccc(Nc2cc(Nc3cccc(Cl)c3)ncn2)c1
CHEMBL3612561,15711353,6.33,COCCn1c(=O)oc2cc3ncnc(Nc4ccc(F)c(Cl)c4)c3cc21
CHEMBL4099713,18189807,8.0,C=CC(=O)N1CCC[C@@H](n2nc(-c3ccccc3)c3c(N)ncnc32)C1
CHEMBL4846607,23177933,6.87,NS(=O)(=O)c1ccc(NC(=S)Nc2ccc3ncnc(Nc4cccc(C(F)(F)F)c4)c3c2)cc1
CHEMBL5201725,24749178,7.66,O=C(Nc1nccs1)C(c1ncn2c1CCC2)n1cc2c(Cl)cc(-c3ccc(N4CCOCC4)cc3)c(Cl)c2n1
CHEMBL203725,1696698,8.52,CN1CCC(Oc2cccc3ncnc(Nc4ccc(F)c(Cl)c4)c23)CC1
CHEMBL5982687,27652874,7.26,C=CC(=O)N1CCOc2ccc(Nc3ncc(F)c(Nc4ccc5c(c4)CC(=O)N5)n3)cc21
CHEMBL6056552,26768782,8.48,O=C(/C=C/CN1C[C@@H]2OCCO[C@@H]2C1)Nc1cc2c(Nc3ccc(Cl)c(Cl)c3F)ncnc2cc1O[C@H]1CCOC1
CHEMBL3747281,16416933,5.3,CC(=O)N1N=C(c2ccc(F)cc2)CC1c1ccc(C(=O)OCCn2c([N+](=O)[O-])cnc2C)cc1
CHEMBL53753,1084598,7.82,CNc1cc2c(Nc3cccc(Br)c3)ncnc2cn1
CHEMBL5805600,28404146,6.19,CCN1CCC(N2C=C([C@H](c3cccnc3)N(CC)c3cc(Cl)c4ncc(C#N)c(Nc5ccc(F)c(Cl)c5)c4c3)NN2)CC1
CHEMBL3746212,16416931,5.38,CC(=O)N1N=C(c2ccc(Br)cc2)CC1c1ccc(C(=O)OCCn2c([N+](=O)[O-])cnc2C)cc1
CHEMBL5397162,25533367,6.59,[2H]C([2H])([2H])n1cc(-c2ccnc(Nc3cc(NC(=O)CC)c4c(cnn4CCN(C)C)c3)n2)c2ccccc21
CHEMBL489897,2390184,8.82,C=CC(=O)Nc1nc2c(Cc3ccc(F)c(Cl)c3)ncnc2cc1OCCCN1CCOCC1
CHEMBL490496,2390180,9.8,C=CC(=O)Nc1nc2c(Cc3ccc(F)c(Cl)c3)ncnc2cc1/C=C/CCN1CCOCC1
CHEMBL4871192,23310021,7.51,C#CC(=O)N1CCC(c2cnn3c(C(N)=O)c(-c4ccc(Oc5ccccc5)cc4)[nH]c23)CC1
CHEMBL4758761,22921884,8.82,C=CC(=O)Nc1cc2c(Nc3ccc(OCc4cccc(F)c4)c(Cl)c3)ncnc2cc1OCc1cn(CCCCC(=O)NO)nn1
CHEMBL215716,1766864,7.8,[O-][S+]1CCN(Cc2ccc(-c3ccc4ncnc(Nc5ccc(OCc6ccccc6)c(F)c5)c4c3)o2)CC1
CHEMBL5906478,28404614,8.3,CC(C)(C)CNc1c(C#N)cnc2c(Cl)cc(N[C@@H](C3=CN(C4(C(F)F)CC4)NN3)c3cccnc3Cl)cc12
CHEMBL6059204,26750315,6.42,CCCCCC(=O)N[C@@H]1[C@H]2Oc3ccc(Oc4ccnc5c4CCC(=O)N5)cc3[C@@H]12
CHEMBL5979481,27750374,6.57,C=CC(=O)Nc1cc(Nc2ncc(Cl)c(-c3cnc4c(ccn4C)c3)n2)c(OC)cc1N1CCC(N(C)C)CC1
CHEMBL250315,2047149,5.25,COc1cc2ncnc(C#Cc3ccccc3)c2cc1OC
CHEMBL3905242,16847215,6.63,COc1cc2c(Nc3ccc(NC(=O)Nc4ccc(Cl)cc4)cc3)ncnc2cc1OCCCN1CCN(C)CC1
CHEMBL5836093,26750243,6.88,O=C1CCc2c(Oc3ccc4c(c3)[C@H]3[C@H](NC(=O)c5ccnc(C(F)(F)F)c5)[C@H]3O4)ccnc2N1
CHEMBL5192223,24741562,9.89,COc1cc(N2CCC(N3CCCOCC3)CC2)c(C)cc1Nc1ncc(Br)c(Nc2ccc3c(c2P(C)(C)=O)OCCO3)n1
CHEMBL6003695,28405658,8.7,COC1=C([C@@H](Nc2cc(C#N)c3ncc(C#N)c(NCC(C)(C)C)c3c2)c2ccc(F)nc2C)NNN1C1CC1
CHEMBL4292351,18783592,7.77,C=CC(=O)Nc1cccc(Nc2nc(Nc3ccc(CN4CCOCC4)cc3OC)ncc2Cl)c1
CHEMBL3233791,14586732,8.7,CC(C)N1CCN(C/C=C/C(=O)Nc2cc3c(Nc4ccc(F)c(Cl)c4)ncnc3s2)CC1
CHEMBL5840456,28405616,7.7,Cc1nc(F)ccc1[C@H](Nc1cc(C#N)c2ncc(C#N)c(NCC3C(C)(C)C3(C)C)c2c1)C1=CN(C2(C(F)F)CC2)NN1
CHEMBL5804773,28404413,9.0,CC(C)(C)CNc1c(C#N)cnc2c(Cl)cc(N[C@H](C3=CN(C4CC4)NN3)c3cccc4cnccc34)cc12
CHEMBL4444312,18896912,7.8,CCC/C=C\C(=O)Nc1cc(Nc2nc3c(c(-c4cn(C)c5ccccc45)n2)CS(=O)(=O)CC3)c(OC)cc1N(C)CCN(C)C
CHEMBL3353407,15073264,5.7,C=CC(=O)Nc1cc(Nc2ncc(Cl)c(-c3cn(C)c4ccccc34)n2)c(OC)cc1N(C)CCN(C)C
CHEMBL5558799,25866162,7.03,C=CC(=O)Nc1ccc(OC)c(Nc2nccc(-c3c[nH]nc3-c3cccc(OC)c3)n2)c1
CHEMBL4080934,18248443,7.93,C=CC(=O)Nc1cc(Nc2nccc(-c3cn4c5c(cccc35)CCC4)n2)c(OC)cc1N1CC(CCN(C)C)C1
CHEMBL4277911,18722854,9.1,C=C=CC(=O)Nc1cc(Nc2nccc(-c3cn(C)c4ccccc34)n2)c(OC)cc1N(CC)CCN(C)C
CHEMBL1243254,3436100,7.78,CCOc1cc2ncc(C#N)c(Nc3ccc(F)c(Cl)c3)c2cc1NC(=O)/C=C/CN(C)Cc1ccc(F)cc1
CHEMBL3235202,14568927,6.92,COc1ccc(Oc2nc3ccc(C)cc3cc2/C=N/NC(=O)Cn2c([N+](=O)[O-])cnc2C)cc1
CHEMBL5892354,27653096,7.26,C=CC(=O)Nc1cccc(Nc2nc(Nc3cccc(OCCCn4ccnc4)c3)ncc2F)c1
CHEMBL454371,2390196,8.8,C=C=CC(=O)Cc1ccc2ncnc(Nc3cccc(Br)c3)c2c1
CHEMBL5275348,25066925,5.96,C=CC(=O)N1CCC([C@@H]2CCNc3c(C(N)=O)c(-c4cc(OC)c(Br)c(OC)c4)nn32)CC1
CHEMBL3622639,15743474,8.92,COCCOc1cc2ncnc(Nc3ccc(F)c(Cl)c3)c2cc1NC(=O)/C=C/CN(C)C
CHEMBL5867430,28333508,5.17,COC1CCN(c2nccc(Nc3cc4c(cn3)nc(COCCN3CCN(c5ccc6c(c5)C(=O)N(C5CCC(=O)NC5=O)C6=O)CC3)n4C(C)(C)C)n2)CC1
CHEMBL5876618,28405100,8.7,CC(C)(C)CNc1c(C#N)cnc2c(C#N)cc(N[C@H](C3=CN(C4(C(F)F)CC4)NN3)c3ccc(F)c4cnccc34)cc12
CHEMBL6018816,28405787,8.52,Cc1ccc2c([C@H](Nc3cc(C#N)c4ncc(C#N)c(NCC(C)(C)C)c4c3)C3=CN(C4(C)CC4)NN3)cccc2n1
CHEMBL3633941,15774380,7.51,CCNC(=O)Nc1ccc(C(=O)Nc2ccc3ncnc(Nc4ccc(F)c(Cl)c4)c3c2)cc1
CHEMBL4759031,22896500,7.98,Fc1c(I)cccc1Nc1ncnc2cc3c(cc12)OCCO3
CHEMBL6004855,27737903,6.26,COc1ccccc1C(=O)NCc1ccc(-c2nn(C3CCC(OC(=O)c4ccc(C)cc4)CC3)c3ncnc(N)c23)cc1
CHEMBL3814460,16612225,6.59,O=C(NCCN1CCOCC1)Nc1ccc2ncnc(Nc3ccc(OCc4cccc(F)c4)c(Cl)c3)c2c1
CHEMBL5843489,28517156,5.08,C=CC(=O)N1CCCC(Nc2nc(-c3cnn(C4CC4)c3)c3c(c2F)CNC3=O)C1
CHEMBL4467561,19158990,8.3,C=CC(=O)Nc1cc(Nc2ncc(I)c(Nc3ccccc3S(=O)(=O)N(C)C)n2)c(OC)cc1N(C)CCN(C)C
CHEMBL5286091,25018380,7.4,C=CC(=O)Nc1cc(Nc2ncc(C(=O)OC)c(-c3cn4c5c(cccc35)CCC4)n2)c(OC)cc1N(C)CCN(C)C
CHEMBL392273,1951296,7.48,Fc1cccc(Cn2ncc3cc(Nc4ncnn5ccc(CN6CCCNCC6)c45)ccc32)c1
CHEMBL3754709,16435157,6.5,COc1cc(NC(=O)Nc2nccs2)cc(-c2cccnc2)c1OC
CHEMBL4072986,18048499,6.92,S=C(Nc1ccc2ncnc(Nc3cccc(Cl)c3)c2c1)Nc1ncc(Cl)s1
CHEMBL4064937,18172238,7.54,Cc1cc(Nc2ncc3c(n2)N([C@H]2CCN(C(=O)C4CC4)C2)C(=O)N(c2ccccc2Cl)C3)ccc1N1CCN(C)CC1
CHEMBL4205869,18456068,5.05,COc1cc(N2CCN(C)CC2)ccc1Nc1ncc(Cl)c(Oc2cccc([N+](=O)[O-])c2)n1
CHEMBL5962200,27737609,5.26,COc1cc(F)ccc1C(=O)NCc1ccc(-c2nn(C3CCCC3)c3ncnc(N)c23)cc1
CHEMBL5976210,28403825,8.22,N#Cc1cnc2c(Cl)cc(N[C@H](C3=CNNN3)c3csc4c3CCN(C3COC3)C4)cc2c1Nc1cccc(Cl)c1F
CHEMBL5966730,28404233,8.52,N#Cc1csc([C@H](Nc2cc(Cl)c3ncc(C#N)c(Nc4ccc(F)c(Cl)c4)c3c2)C2=CN(CCO)NN2)c1
CHEMBL5566736,25979179,9.09,O=C(/C=C/CNC1CC1)Nc1ccc2ncnc3c2c1C=CN3c1ccc(OCc2ccccn2)c(Cl)c1
CHEMBL3676346,26587721,6.05,C=CC(=O)Nc1cc2c(Nc3ccc(Br)c(F)c3F)ncnc2cc1OCCNC(=O)CCN1CCCCC1
CHEMBL3622648,15743465,8.22,C#Cc1cccc(Nc2ncnc3cc(OC4CCOCC4)c(NC(=O)/C=C/CN(C)C)cc23)c1
CHEMBL2180204,18189814,7.52,C=CC(=O)N1CCC[C@@H](n2nc(-c3cccc(C(F)(F)F)c3)c3c(N)ncnc32)C1
CHEMBL1090840,3261317,8.49,C=CC(=O)Nc1ccc2nccc(Nc3cccc(Br)c3)c2c1
CHEMBL5270335,25018399,7.24,C=CC(=O)Nc1cc(Nc2ncc(C(=O)OC(C)C)c(-c3cn(C)c4ccccc34)n2)c(OC)cc1N(C)C[C@@H]1CCCN1C
CHEMBL3678955,16338662,7.96,CC(C)n1c(Nc2ccc(NC(=O)Nc3ccc(F)c(Cl)c3)cc2)nc2cnc(Nc3ccc(N4CCN(C)CC4)cc3)nc21
CHEMBL3586176,15628375,5.19,Cc1cccc(/C=C2/SC(N3CCC[C@H]3C(=O)Nc3ccc4ncnc(Nc5cccc(Cl)c5)c4c3)=NC2=O)n1
CHEMBL3957416,16668431,7.85,CCOc1cc2ncnc(Nc3ccc(NS(=O)(=O)c4ccccc4)cc3)c2cc1NC(=O)/C=C/CN1CCOCC1
CHEMBL3699596,16299782,8.26,C=CC(=O)Nc1cccc(Oc2nc(Nc3ccc(N4CCN(C(=O)OC)CC4)cc3OC)ncc2C(F)(F)F)c1
CHEMBL6021920,28404629,6.7,Cc1nc(F)ccc1[C@H](Nc1cc(Cl)c2ncc(C#N)c(N[C@@H]3CCOC3(C)C)c2c1)C1=CN(C2(C(F)F)CC2)NN1
CHEMBL4435233,19073797,8.3,COc1cc2c(Nc3ccc(Br)cc3F)ncnc2cc1OCCOCCOCCNC(=O)Cn1cnc([N+](=O)[O-])n1
CHEMBL206848,1697611,5.36,O=C(O)c1ccc2c(c1)CNc1c(Nc3ccc(F)c(Cl)c3)ncnc1O2
CHEMBL5938232,27738047,6.26,COc1ccccc1C(=O)NCc1ccc(-c2nn(C3CCC(C)C3)c3ncnc(N)c23)cc1
CHEMBL5280967,25078682,9.62,C=CC(=O)N1CCC(Oc2cc3c(Nc4ccc(Cl)c(Cl)c4F)ncnc3cc2O[C@@H]2CCOC2)CC1
CHEMBL5897274,27652817,6.26,C=CC(=O)N(C)Cc1ccc(Oc2nc(Nc3cccc(OCCCN4CCCC4=O)c3)ncc2F)cc1
CHEMBL3753157,16435162,6.3,COc1ccc(-c2ccc(OC(F)(F)F)c(NC(=O)Nc3nccs3)c2)cn1
CHEMBL4284780,19408321,8.92,C=CC(=O)Nc1cccc(-n2c(=O)c(=O)n(CC)c3cnc(Nc4ccc(N5CCN(C)CC5)cc4OC)nc32)c1
CHEMBL247711,2038912,6.72,COc1cn2ncnc(Nc3ccc4c(cnn4Cc4cccc(F)c4)c3)c2c1CN1CCCNCC1
CHEMBL4104950,17956906,7.66,COc1cc2ncnc(Nc3ccc(OCc4cccc(F)c4)c(Cl)c3)c2cc1OCCCOP(N)(=O)N(CCCl)CCCl
CHEMBL3613702,15698607,10.43,C=CC(=O)Nc1ccc2ncnc(Nc3cc(F)c(Cl)c(Cl)c3)c2c1
CHEMBL301612,1149451,7.11,Cn1c(=O)c(-c2c(Cl)cccc2Cl)cc2cnc(Nc3ccccc3)nc21
CHEMBL4282506,18798656,7.64,N#CCC(=O)N/N=C1\C(=O)Nc2ccc(S(=O)(=O)N3CCOCC3)cc21
CHEMBL3971939,16895216,8.03,C=CC(=O)N1CCC(Oc2cc3c(Nc4cccc(C)c4)ncnc3cc2OC)CC1
CHEMBL4747759,22892149,6.55,Cn1c(-c2csc(NN=C3CCCCC3)n2)nc2ccccc21
CHEMBL323424,6261332,6.64,COc1cc2ncc(C#N)c(Nc3ccc(C(C)C)cc3)c2cc1OC
CHEMBL379047,1721402,6.81,CN(CCCl)C(=O)Nc1ccc2ncnc(Nc3cccc(Br)c3)c2c1
CHEMBL4082763,18248388,7.96,C=CC(=O)Nc1cc(Nc2cc(-c3cn(C)c4ccccc34)nc(OC)n2)c(OC)cc1N(C)CCN(C)C
CHEMBL208118,1715573,8.05,COc1cc2ncnc(Nc3cccc(Cl)c3F)c2cc1CN(C)[C@H](C)C(N)=O
CHEMBL5826650,28405490,8.15,C[C@@H](CF)N1C=C([C@@H](Nc2cc(Cl)c3ncc(C#N)c(NCC(C)(C)C)c3c2)c2cccc3ncccc23)NN1
CHEMBL5991370,27069950,5.26,CN(C/C=C/C(=O)N1CCC[C@@H](N(C)c2cnc(C(N)=O)c(Nc3ccc(C(=O)N4CCOCC4)cc3)n2)C1)C1CC1
CHEMBL5287438,24976277,9.47,C=CC(=O)N1CCCCCCn2cc(c3ccccc32)-c2ccnc(n2)Nc2cccc1c2
CHEMBL5826541,28404380,8.22,Cc1nc(F)ccc1[C@H](Nc1cc(Cl)c2ncc(C#N)c(NCC(C)(C)C)c2c1)C1=CN(C2(C(F)(F)F)CC2)NN1
CHEMBL5432141,25665189,8.37,CCCCS(=O)(=O)Nc1nc(-c2ccc(F)cc2)c(-c2ccnc(Nc3ccc4c(ccn4CCN(C)C)c3)n2)s1
CHEMBL5209094,24741549,10.0,CCc1cc(Nc2ncc(Br)c(Nc3ccn4ncnc4c3P(C)(C)=O)n2)c(OC)cc1N1CCC(N2CCN(CC)CC2)CC1
CHEMBL3344215,15130265,7.97,CS(=O)(=O)C[C@@H](N)c1ccc(-c2ccc3ncnc(Nc4ccc(OCc5cccc(F)c5)c(Cl)c4)c3c2)o1
CHEMBL5855771,28517132,5.39,C=CC(=O)N1CC(Nc2nc(Nc3ccc(N4CCOCC4)c(F)c3)c3c(c2F)CNC3=O)CCC1C
CHEMBL214798,1768062,8.7,COc1cc2ncnc(Nc3cccc(Cl)c3F)c2cc1OC1CCN(C)CC1
CHEMBL5840400,27750380,7.279999999999999,C=CC(=O)Nc1cc(Nc2nccc(-c3cnc4c(ccn4C)c3)n2)c(OC)cc1N1CCC(N(C)C)CC1
CHEMBL369967,1601141,5.13,CCNCc1cn2ncnc(Nc3ccc4c(cnn4Cc4ccccc4)c3)c2c1CC
CHEMBL3805774,16588581,8.36,CCOc1cc2ncnc(Nc3cccc(OC)c3)c2c2c1OCCO2
CHEMBL3355888,14983532,8.46,COc1cc2ncnc(Nc3ccc(F)c(Cl)c3)c2cc1OCCCn1c([N+](=O)[O-])cnc1C
CHEMBL3752248,16435163,7.14,O=C(Nc1nccs1)Nc1cc(-c2cncnc2)ccc1OC(F)(F)F
CHEMBL4543893,19030000,5.7,C=CC(=O)N1CCC[C@H]1COc1nc(Nc2ccc(N3CCN(C(C)=O)CC3)cc2)nc2[nH]cc(-c3cncc(NC)n3)c12
CHEMBL4091966,18189842,7.7,C=CC(=O)N1CCC[C@@H](n2nc(I)c3c(N)ncnc32)C1
CHEMBL5557178,25870240,5.33,C=CC(=O)N1CC[C@@H](n2nc(-c3ccc(Oc4ccc5c(c4)ncn5C)c(C)c3)c3c(C)ncnc32)C1
CHEMBL1928947,7963945,7.43,C=CC(=O)Nc1cccc(Oc2cc(Nc3ccc(OCc4cccc(F)c4)c(Cl)c3)ncn2)c1
CHEMBL4861796,23276950,6.02,COc1ccc(C(Nc2ccc(Br)cc2)n2c(=O)ccc3cc(O)ccc32)cc1
CHEMBL4563980,19168166,7.23,C=CC(=O)Nc1cc(Nc2nccc(NC(=O)c3cccc(OC)c3)n2)c(OC)cc1N(C)CCN(C)C
CHEMBL5961642,26961391,7.0,C=CC(=O)N[C@H]1CC[C@@H](n2nc(C(=O)Nc3nc4cc(Cl)ccc4o3)c3c(N)ncnc32)CC1
CHEMBL56731,1151705,6.16,N#C/C(=C\c1ccc(O)c(O)c1)C(=O)Nc1ccccc1
CHEMBL5206817,24833319,7.72,C=CC(=O)Nc1cccc(-c2c(-c3ccc(N4CCN(C)CC4)cc3)[nH]c3ncnc(OC4CCCC4)c23)c1
CHEMBL3087198,13826567,7.82,C=CC(=O)N1CC[C@H](N2C(=O)N(c3ccccc3)Cc3cnc(Nc4ccc(N5CCN(C)CC5)cc4OC)nc32)C1
CHEMBL5885055,28405499,8.52,Cc1nnc(C2(N3C=C([C@@H](Nc4cc(Cl)c5ncc(C#N)c(NCC(C)(C)C)c5c4)c4ccc(F)nc4C)NN3)CC2)o1
CHEMBL3416446,15229688,7.77,COc1ccccc1-c1cc2c(NCc3ccccc3)ncnc2s1
CHEMBL110062,6261350,5.17,N#Cc1cnc2cc3c(cc2c1Nc1cccc(Br)c1)OCO3
CHEMBL2325090,12657566,6.17,Clc1ccc(C2=NN(c3ccccc3)C(c3cccc4ccccc34)C2)cc1
CHEMBL5417494,25536002,8.13,Cc1ccccc1CN(C)c1ncnc2[nH]c(-c3ccc(CO)cc3)cc12
CHEMBL4473768,19110263,8.0,COc1cc(Nc2ncnc3cc(-c4ccc(I)cc4)sc23)cc(OC)c1OC
CHEMBL3925158,16668232,6.94,CCC(=O)Nc1cc2c(Nc3ccc(OCc4ccccn4)cc3)ncnc2cc1OC
CHEMBL3633152,15771537,8.4,C=CC(=O)Nc1cccc(-n2c(=O)cc(C)c3cnc(Nc4ccc(OCCN(C)C)cc4OC)nc32)c1
CHEMBL2347968,12722994,6.78,OC[C@@H](Nc1ncnc2oc(-c3ccccc3)c(Cl)c12)c1ccccc1
CHEMBL5786207,28403639,8.1,CC(C)N1C=C([C@@H](Nc2cc(Cl)c3ncc(C#N)c(NC(CCO)c4ccccc4)c3c2)c2cccnc2)NN1
CHEMBL5935668,28403867,8.22,CC(C)(C)N1CCC(N2C=C([C@@H](Nc3cc(Cl)c4ncc(C#N)c(Nc5ccc(Cl)c(Cl)c5F)c4c3)c3cccnc3)NN2)CC1
CHEMBL5271937,25023166,7.15,CCC(=O)N1CCOc2c1ccc1ncnc(Nc3cccc(Br)c3)c21
CHEMBL3671514,26587472,7.46,C=CC(=O)Nc1cc2c(Nc3ccc(Br)c(Cl)c3F)ncnc2cc1OCCNC(=O)N1CCOCC1
CHEMBL4173032,18423620,6.76,C=CC(=O)Nc1cc(Nc2nccc(Nc3ccccc3-n3nccn3)n2)c(OC)cc1N1CCN(C)CC1
CHEMBL4744985,22921887,9.46,C=CC(=O)Nc1cc2c(Nc3ccc(F)c(Cl)c3)ncnc2cc1OCc1cn(CCCCC(=O)NO)nn1
CHEMBL5284486,25018390,7.7,C=CC(=O)Nc1cc(Nc2ncc(C(=O)OC)c(-c3cn(C)c4ccccc34)n2)c(OC)cc1N(C)CCN(C)C
CHEMBL5850413,28517090,5.92,C=CC(=O)N1CCCC(Nc2nc(Nc3cnn(C4CN(C)CC4F)c3)c3c(c2F)CNC3=O)C1
CHEMBL3604921,15685146,7.52,C=CC(=O)Nc1cccc(Oc2nc(Nc3cc(C)[nH]n3)cc(N3CCN(C)CC3)n2)c1
CHEMBL4126358,18304099,8.6,C=CC(=O)Nc1cccc(-n2c(=O)n(CC)c(=O)c3cnc(Nc4ccc(N5CCC(N(C)C)CC5)cc4OC)nc32)c1
CHEMBL5889231,28403567,7.96,N#Cc1cnc2c(Cl)cc(N[C@H](C3=CN(c4ccccc4)NN3)c3cccnc3)cc2c1Nc1cnc(F)c(F)c1
CHEMBL6054621,28404344,8.7,CC(C)(C)CNc1c(C#N)cnc2c(C#N)cc(N[C@H](C3=CN(C4CCN(C(C)(C)C)CC4)NN3)c3cccc4ncsc34)cc12
CHEMBL372246,1495669,5.22,C=CC(=O)Nc1cc2c(Nc3cc(Cl)c(Cl)cc3F)ncnc2cc1N1CCN(C)CC1
CHEMBL6029953,27652994,7.26,C=CC(=O)N1CCOc2ccc(Nc3nc(Nc4ccc(OC)cc4)ncc3C(C)=O)cc21
CHEMBL4443805,19030087,5.9,C=CC(=O)N1CCC(Oc2nc(Nc3ccc(N4CCOCC4)cc3)nc3[nH]cc(-c4cncc(NC)n4)c23)CC1
CHEMBL4293145,18722856,9.15,C=C=CC(=O)Nc1cc(Nc2nccc(-c3cn(C)c4ccccc34)n2)c(OC)cc1O[C@H]1CCOC1
CHEMBL4284684,18783602,7.61,C=CC(=O)Nc1ccccc1Nc1nc(Nc2ccc(OCC(=O)N3CCOCC3)cc2)ncc1Cl
CHEMBL3671573,26587655,7.85,C=CC(=O)Nc1cc2c(Nc3ccc(Br)cc3F)ncnc2cc1OCCNC(=O)CCN1CCCCC1
CHEMBL6062851,27540830,8.54,C=CC(=O)N1CCCC(n2nc(-c3ccc(Oc4ncc(Cl)cc4F)cc3)c(C(N)=O)c2N)C1
CHEMBL1090363,3240758,7.62,CN(C)CCc1cccc(Nc2nccc(-c3c(-c4cccc(NC(=O)Cc5ccccc5)c4)nc4sccn34)n2)c1
CHEMBL3806110,16588598,7.98,COCCOc1cc2ncnc(Nc3ccc(F)c(Cl)c3)c2c2c1OCCO2
CHEMBL5849883,28405580,8.7,Cc1nc(F)ccc1[C@H](Nc1cc(C#N)c2ncc(C#N)c(NCC(C)(C)C(F)(F)F)c2c1)C1=CN(C23CC(C2)C3)NN1
CHEMBL111307,6261326,5.75,COc1cc2ncc(C#N)c(Nc3ccc(C)c(Br)c3)c2cc1OC
CHEMBL4072928,18048486,6.88,S=C(Nc1ccc(Cl)c(Cl)c1)Nc1ccc2ncnc(Nc3cccc(Br)c3)c2c1
CHEMBL4206288,18539780,7.25,CN1CCN(c2ccc(Nc3cc4c(N5CCOCC5)nc(Nc5ccccc5)nc4cn3)nc2)CC1
CHEMBL3088223,13833376,4.91,Cc1ncc([N+](=O)[O-])n1C/C(=N/NC(=O)c1ccc(Cl)cc1)c1ccc(Br)cc1
CHEMBL206320,1697616,5.7,Fc1ccc2c(c1)CNc1c(Nc3cccc(-c4ccccc4)c3)ncnc1O2
CHEMBL4560187,19073800,8.51,COc1cc2c(Nc3cccc(F)c3)ncnc2cc1OCCOCCNC(=O)Cn1cnc([N+](=O)[O-])n1
CHEMBL5836125,27652682,5.26,CCC(=O)Nc1cccc(Nc2nc(Nc3ccccc3)ncc2C)c1
CHEMBL5276760,25018383,6.83,C=CC(=O)Nc1cc(Nc2ncc(C(=O)NC)c(-c3cn4c5c(cccc35)CCC4)n2)c(OC)cc1N(C)CCN(C)C
CHEMBL5284387,25018389,7.82,C=CC(=O)Nc1cc(Nc2ncc(-c3cnn(C(C)C)c3)c(-c3cn4c5c(cccc35)CCC4)n2)c(OC)cc1N(C)CCN(C)C
CHEMBL5280953,25105709,5.22,CC(=O)N1CCc2cc(Nc3nc(Nc4ccc(N5CCN(C)CC5)cc4)ncc3Br)ccc21
CHEMBL5836136,28403687,8.15,N#Cc1cnc2c(Cl)cc(N[C@H](C3=CN(CCCN4CCCC4)NN3)c3cccnc3)cc2c1Nc1cnc(F)c(F)c1
CHEMBL3806145,16588548,7.24,C#Cc1cccc(Nc2ncnc3cc(OC4CCOCC4)c4c(c23)OCCO4)c1
CHEMBL1928957,7963955,6.09,O=C(/C=C/c1ccc(F)cc1)Nc1cccc(Oc2cc(Nc3ccc(OCc4cccc(F)c4)c(Cl)c3)ncn2)c1
CHEMBL5741053,26941024,6.95,C=CC(=O)Nc1cc(Nc2ncc3ccc(C4CC4)n3n2)c(OC)cc1N(C)CCN(C)C
CHEMBL5089912,24413793,6.97,C=CC(=O)Nc1cc(Nc2nccc(Nc3ccn(C)n3)n2)c(OC)cc1N(C)CCN(C)CC(=O)OC
CHEMBL4094959,18189827,8.7,C=CC(=O)N1CCC[C@@H](n2nc(-c3cn(C)c4ccccc34)c3c(N)ncnc32)C1
CHEMBL448628,2271282,7.6,COc1ccccc1Cc1nc2ccc(-c3nn([C@H]4CC[C@H](N5CCN(C(=O)N(C)C)CC5)CC4)c4ncnc(N)c34)cc2[nH]1
CHEMBL51485,1154455,6.01,CN1CCN(CCCNc2ncc3cc(-c4c(Cl)cccc4Cl)c(NC(=O)NCc4ccccc4)nc3n2)CC1
CHEMBL5972732,28404392,8.3,CC(C)(C)CNc1c(C#N)cnc2c(Cl)cc(N[C@H](C3=CN(C4CC4)NN3)c3ccc(F)nc3Cl)cc12
CHEMBL4289083,18798653,5.71,COc1ccc(-c2c(C#N)c(N)n(/N=C3\C(=O)Nc4ccc(S(=O)(=O)N5CCOCC5)cc43)c(=O)c2C#N)cc1
CHEMBL4088718,18048449,7.76,S=C(NCc1ccccc1)Nc1ccc2ncnc(Nc3cccc(Br)c3)c2c1
CHEMBL5203267,24824816,7.39,CC(C)c1cnc(N2CC(O)C2)c2cnc(Nc3ccnc(N4CC[C@@H](O)[C@@](C)(F)C4)n3)cc12
CHEMBL5801421,27738083,6.26,COc1ccccc1C(=O)NCc1ccc(-c2nn(C3CCCC3)c3ncnc(N)c23)cc1F
CHEMBL5094480,24349081,9.05,COc1cc(N2CCC(N(C)C)CC2)c(-c2cn[nH]c2)cc1Nc1ncc(Cl)c(Nc2ccccc2P(C)(C)=O)n1
CHEMBL3233784,14586725,8.7,O=C(/C=C/CN1CCCCC1)Nc1cc2c(Nc3ccc(F)c(Cl)c3)ncnc2s1
CHEMBL5173979,24749161,8.4,O=C(Nc1nccs1)C(c1ncn2c1CCC2)N1Cc2c(Cl)cccc2C1=O
CHEMBL1828864,6358469,5.66,Cc1ncc([N+](=O)[O-])n1CC(=O)NS(=O)(=O)c1ccc(Br)cc1
CHEMBL5201054,24815700,7.99,O=C(CCCCn1cc(-c2ccc3ncnc(Nc4ccccc4F)c3c2)nn1)NO
CHEMBL3671546,26587571,5.99,C=C(C)C(=O)Nc1cc2c(Nc3ccc(Br)cc3F)ncnc2cc1OCCNC(C)=O
CHEMBL2048795,10949880,8.55,O=C1Cc2cccc(Oc3ccc(Nc4ncnc5ccn(CCO)c45)cc3Cl)c2N1
CHEMBL3092311,13852033,6.71,COCCCNC(=O)Nc1cc2c(Nc3ccc(F)c(Cl)c3)ncnc2cc1O[C@H]1CCOC1
CHEMBL3741768,16410644,6.41,C#Cc1cccc(Nc2ncnc3cc(OCCOC(=O)C(C)c4ccc5cc(OC)ccc5c4)c(OCCOC(=O)C(C)c4ccc5cc(OC)ccc5c4)cc23)c1
CHEMBL5094237,24413806,7.56,C=CC(=O)Nc1cc(Nc2nccc(Nc3cn(C)c4ccccc34)n2)c(OC)cc1N(C)CCN(C)C(=O)/C=C/C
CHEMBL4799276,24833320,8.07,C=CC(=O)Nc1cccc(-c2c(-c3ccc(N4CCN(C)CC4)cc3)[nH]c3ncnc(OC(C)C)c23)c1
CHEMBL1797541,6261363,6.6,N#Cc1cnc2ccc(NC(=O)C#CCN(C3CC3)C3CC3)cc2c1Nc1cccc(Br)c1
CHEMBL4213609,18450573,6.17,C=CC(=O)N[C@@H]1CN(c2nc(Nc3cn(C)nc3OC)c3nc[nH]c3n2)C[C@H]1F
CHEMBL3978740,16895219,7.79,C=CC(=O)N1CCC(Oc2cc3c(Nc4cccc(C(F)(F)F)c4)ncnc3cc2OC)CC1
CHEMBL114496,6261330,6.12,COc1cc2ncc(C#N)c(Nc3cccc(SC)c3)c2cc1OC
CHEMBL5431254,25533370,6.58,[2H]C([2H])([2H])n1cc(-c2ccnc(Nc3cc(NC(=O)C4CC4)c4c(cnn4CCN(C)C)c3)n2)c2ccccc21
CHEMBL5786132,26749805,8.89,O=C1CCc2c(Oc3ccc4c(c3)[C@H]3[C@H](NC(=O)c5ccc(CN6CCNCC6)c(C(F)(F)F)c5)[C@H]3O4)ccnc2N1
CHEMBL5798869,26750447,8.92,CCN1CCN(Cc2ccc(C(=O)N[C@@H]3[C@H]4Oc5ccc(Oc6ccnc7c6CCC(=O)N7)cc5[C@@H]34)cc2OC(F)(F)F)CC1
CHEMBL5872134,27737813,6.26,COc1ccccc1C(=O)NCc1ccc(-c2nn([C@H]3C=C[C@H](O)C3)c3ncnc(N)c23)cc1
CHEMBL2347973,12722995,5.84,COC(=O)[C@@H](Nc1ncnc2oc(-c3ccccc3)c(-c3ccccc3)c12)c1ccccc1
CHEMBL5742171,28404104,7.92,N#Cc1cnc2c(Cl)cc(N[C@H](C3=CN(CCN4CCOCC4)NN3)c3cscn3)cc2c1Nc1ccc(F)c(Cl)c1
CHEMBL4863836,23299084,7.1,C=CC(=O)N1CCCC[C@H]1c1nc(-c2ccc(C(=O)Nc3cc(-c4ccccc4)ccn3)cc2)c(C(N)=O)n1N
CHEMBL4579805,19293678,6.04,CCC/C=C\C(=O)Nc1cc(Nc2nc(C)cc(-c3cn(C)c4ccc(F)cc34)n2)c(OC)cc1N(C)CCN(C)C
CHEMBL4288246,18722855,8.92,C=C=CC(=O)Nc1cc(Nc2nccc(-c3cn(C)c4ccccc34)n2)c(OC)cc1N(C)CCN1CCOCC1
CHEMBL3622626,15743487,6.98,C=CC(=O)Nc1cc2c(Nc3ccc(Cl)c(C(F)(F)F)c3)ncnc2cc1O[C@H]1CCOC1
CHEMBL3775148,16499791,6.29,O=C1COc2cc3ncnc(Nc4ccccc4)c3cc2N1CCCN1CCOCC1
CHEMBL5197952,24919469,7.55,CCS(=O)(=O)n1cc2c3ccc(cc31)OCCCCCCOc1cc(c(F)cc1N1CCOCC1)Nc1ncc(Cl)c-2n1
CHEMBL5746419,27652757,7.26,C=CC(=O)Nc1cccc(Nc2nc(Nc3cccc(OC(C)(C)CO)c3)ncc2F)c1
CHEMBL3678947,16354332,8.15,CC(C)n1c(Nc2cccc(Br)c2)nc2cnc(Nc3ccc(N4CCN(C)CC4)cc3)nc21
CHEMBL5761064,28404950,9.0,Cc1nc(F)ccc1[C@H](Nc1cc(C#N)c2ncc(C#N)c(NCC(C)(C)C)c2c1)C1=CN([C@@H]2C[C@@H]2F)NN1
CHEMBL3671536,26587541,7.16,C=CC(=O)Nc1cc2c(Nc3ccc(Br)cc3F)ncnc2cc1OCCNC(=O)CCOC
CHEMBL4162882,18427553,7.77,CC/C=C/C(=O)Nc1cc2c(N3CCc4ccccc43)ncnc2cc1OC
CHEMBL205765,1710016,7.04,CC(=O)Nc1cccc(C#Cc2cncnc2Nc2ccc(OCc3cccc(F)c3)c(Cl)c2)n1
CHEMBL5568516,25866178,7.09,C=CC(=O)N1C[C@@H](n2cc(-c3ccncc3)c(-c3ccc(F)c(COc4ccc5c(c4)CN(C)C5=O)c3)n2)C[C@H]1C
CHEMBL2029435,10884006,9.14,C=CC(=O)Nc1cccc(N2C(=O)N(C3CC3)Cc3cnc(Nc4ccc(N5CCN(C)CC5)cc4OC)nc32)c1
CHEMBL5784655,26941018,8.3,C=CC(=O)Nc1cc(Nc2ncc3ccc(-c4cnc5c(ccn5C)c4)n3n2)c(OC)cc1N(C)CCN(C)C
CHEMBL5428623,25533383,7.25,CCS(=O)(=O)n1cc(-c2ccnc(Nc3ccc4c(cnn4CCN4CCOCC4)c3)n2)c2ccccc21
CHEMBL5758720,28404428,8.7,CC(C)(C)CNc1c(C#N)cnc2c(Cl)cc(N[C@H](C3=CN(C4CC4)NN3)c3cccc4[nH]ncc34)cc12
CHEMBL4757145,22408229,8.7,C=CC(=O)Nc1cc(-c2c[nH]c3ncnc(Nc4ccc(OCc5ccccn5)c(Cl)c4)c23)ccc1OCCN(C)C
CHEMBL4785849,22894034,7.89,C=C(Cl)C(=O)Nc1cccc(Oc2nc(Nc3ccc(N4CCN(C(C)=O)CC4)cc3)ncc2Cl)c1
CHEMBL6006209,28405376,8.4,CC(C)(C)CNc1c(C#N)cnc2c(Cl)cc(N[C@H](C3=CN(C4(C(F)F)CC4)NN3)c3cccc4c(=O)[nH]ccc34)cc12
CHEMBL4100759,18243188,7.89,C=CC(=O)NCc1cccc(-c2nc(-c3ccc(F)cc3)c(-c3ccnc4[nH]c(-c5ccccc5)cc34)[nH]2)c1
CHEMBL160303,275243,7.15,CS(=O)(=O)CCNc1nc(-c2ccc3ncnc(Nc4ccc5c(cnn5Cc5ccccc5)c4)c3c2)cs1
CHEMBL5946980,28404902,8.7,CCc1ncccc1[C@H](Nc1cc(C#N)c2ncc(C#N)c(NCC(C)(C)C)c2c1)C1=CN(C2(C(F)F)CC2)NN1
CHEMBL5288582,25066920,6.57,C=CC(=O)N1CCC(C2CCNc3c(C(N)=O)c(-c4cc(OC)c5ccoc5c4)nn32)CC1
CHEMBL4125840,18299301,7.97,C=CC(=O)N1CC[C@H](Nc2nc(Nc3ccccc3)nc3cnc(Nc4ccc(N5CCN(C)CC5)cn4)cc23)C1
CHEMBL51028,1154451,6.06,CN1CCN(CCCNc2ncc3cc(-c4c(Cl)cccc4Cl)c(NC(=O)NC4CCCCC4)nc3n2)CC1
CHEMBL3416437,15229676,6.82,COc1ccccc1-c1cc2c(N[C@H](C)c3ccccn3)ncnc2s1
CHEMBL4457885,19187640,8.19,COc1cc2ncnc(Nc3ccc(OCc4cccc(F)c4)c(Cl)c3)c2cc1NC(=O)C1CSSC1
CHEMBL4094174,17989461,7.08,O=C(Nc1ccc2ncnc(Nc3cccc(Cl)c3)c2c1)C1CCC2(CC1)OOC1(CCCCC1)OO2
CHEMBL3678956,16344652,6.93,CC(C)n1c(Nc2ccc(C(=O)Nc3cccc(F)c3)cc2)nc2cnc(Nc3ccc(N4CCN(C)CC4)cc3)nc21
CHEMBL4532034,18923700,9.0,COc1ccncc1-c1cc(C(=O)/N=c2\[nH]c3ccccc3n2CC(C)(C)O)ccn1
CHEMBL4126654,18304094,7.16,C=CC(=O)Nc1cccc(-n2c(=O)n(C)c(=O)c3cnc(Nc4ccc(N5CCOCC5)cc4OC)nc32)c1
CHEMBL3740595,16410649,7.57,C#Cc1cccc(Nc2ncnc3cc(OCCOC(=O)Cc4c(C)n(C(=O)c5ccc(Cl)cc5)c5ccc(OC)cc45)c(OCCOC)cc23)c1
CHEMBL3671581,26587679,7.75,C=CC(=O)Nc1cc2c(Nc3ccc(Cl)cc3F)ncnc2cc1OCCNC(C)=O
CHEMBL6032138,27071480,5.26,CN1CCCN([C@@H]2CCCN(c3cnc(C(N)=O)c(Nc4ccc(C5(C)CCN(C6CC6)CC5)cc4)n3)C2)C1=O
CHEMBL5203543,24749175,7.96,CCN1CCN(c2ccc(-c3cc(Cl)c4cn(C(C(=O)Nc5nccs5)c5ncn6c5CCC6)nc4c3Cl)cc2)CC1
CHEMBL516375,2390133,7.46,CS(=O)(=O)CCNCc1nc(-c2ccc3ncnc(Nc4ccc(F)c(Cl)c4)c3c2)cs1
CHEMBL5799106,28722344,7.8,C=CC(=O)N1CC(Oc2cc3c(Nc4ccccc4)ncnc3cc2OC)C1
CHEMBL5879075,28403267,8.7,CC(C)(C)N1CCC(N2C=C([C@@H](Nc3cc(Cl)c4ncc(C#N)c(Nc5ccc(F)c(Cl)c5)c4c3)c3cccc4c3CNC4)NN2)CC1
CHEMBL2180203,18189817,7.22,C=CC(=O)N1CCC[C@@H](n2nc(-c3ccc(C(F)(F)F)cc3)c3c(N)ncnc32)C1
CHEMBL3357640,15112246,9.0,O=C(Nc1cc2c(Nc3ccc(F)c(Cl)c3)ncnc2cc1O[C@H]1CCOC1)/C(F)=C\CN1CCOCC1
CHEMBL5879127,28404437,8.52,CC(C)(C)CNc1c(C#N)cnc2c(C#N)cc(N[C@H](C3=CN(C4(C(F)(F)F)CC4)NN3)c3cccc4c3CNC4)cc12
CHEMBL363815,1495678,10.43,C=CC(=O)Nc1ccc2ncnc(Nc3cc(Cl)c(Cl)cc3F)c2c1
CHEMBL3736121,16390322,4.68,CO[C@H]1CCN(c2nccc(Nc3cc4c(cn3)nc([C@@H](C)O)n4[C@H](C)C(F)(F)F)n2)C[C@H]1F
CHEMBL3967219,16739517,7.89,C[C@@H](Nc1ncnc2oc(-c3ccc(F)cc3)cc12)c1ccccc1
CHEMBL5991264,28517075,5.76,C=CC(=O)N1CCCC(Nc2nc(Nc3cnn(C4CCOCC4)c3)c3c(c2F)CNC3=O)C1
CHEMBL4085868,18114696,5.23,C=CC(=O)Nc1cc(Nc2cc(-c3cccc(NC(=O)c4ccc(N(C)C)cc4)c3C)cn(C)c2=O)ccc1C(=O)N1CCOCC1
CHEMBL5849712,28404638,8.15,CC(C)(C)CNc1c(C#N)cnc2c(Cl)cc(N[C@@H](C3=CN(C4(C(F)F)CC4)NN3)c3ccc(F)nc3)cc12
CHEMBL4286943,18795777,5.55,COc1cc(-c2nc3sc(-c4ccccc4)cn3n2)cc(OC)c1OC
CHEMBL4087375,18172236,7.65,Cc1cc(Nc2ncc3c(n2)N([C@H]2CCN(C(=O)CC(C)C)C2)C(=O)N(c2ccccc2Cl)C3)ccc1N1CCN(C)CC1
CHEMBL437584,2271261,7.24,COc1ccccc1Cc1nc2ccc(-c3nn([C@H]4CC[C@H](N5CCOCC5)CC4)c4ncnc(N)c34)cc2[nH]1
CHEMBL126192,868682,8.7,CCOc1cc2ncnc(Nc3cccc(-c4nccs4)c3)c2cc1OCC
CHEMBL3799428,16581400,8.43,C=CC(=O)Nc1cccc(Oc2nc(Nc3ccc(N4CCN(C(=O)CC)CC4)cc3OC(F)F)ncc2SC)c1
CHEMBL3355881,14983525,9.31,C#Cc1cccc(Nc2ncnc3cc(OC)c(OCCCCCn4ccnc4[N+](=O)[O-])cc23)c1
CHEMBL5973020,28620764,5.57,COc1cc(N2CCNCC2)ccc1Nc1ncc(Cl)c(Nc2ccccc2NS(C)(=O)=O)n1
CHEMBL4068814,17967058,4.18,CC(=O)c1ccccc1-c1nnc(Cc2nc3ccccc3[nH]2)o1
CHEMBL3676367,26587784,7.92,C=CC(=O)Nc1cc2c(Nc3ccc(Br)c(Cl)c3F)ncnc2cc1OCCNC(=O)CCN1CCCCC1
CHEMBL5972469,28403111,6.42,N#Cc1cnc2c(Cl)cc(NC(c3ccncc3)c3ccccn3)cc2c1Nc1ccc(F)c(Cl)c1
CHEMBL5881803,28405700,8.3,Cn1ccc2c([C@H](Nc3cc(C#N)c4ncc(C#N)c(NCC(C)(C)C)c4c3)C3=CN(C4(C(F)F)CC4)NN3)ccnc21
CHEMBL3678949,16270851,8.4,CC(C)n1c(Nc2ccc(F)c(Cl)c2)nc2cnc(Nc3ccc(N4CCN(C)CC4)cc3)nc21
CHEMBL4856343,23250033,5.96,COc1cc(N2CCN(C(C)=O)CC2)ccc1Nc1ncc(Cl)c(Nc2cccc(NC(C)=O)c2)n1
CHEMBL4464785,19112701,5.8,COc1ccc(/C=C/C(=O)c2ccc(NC(=O)c3cc4cc5ccccc5nc4s3)cc2)cc1OC
CHEMBL1958029,8049002,5.08,Cc1ccc(C2CC(c3ccc(F)cc3)=NN2C2=NC(=O)CS2)cc1
CHEMBL5743902,26941054,7.68,C=CC(=O)Nc1cc(Nc2ncc3ccc(-c4cnc5ccccc5c4)n3n2)c(OC)cc1N1CCC(N(C)C)CC1
CHEMBL2441563,20708020,7.92,O=C(/C=C/CN1CCOCC1)N1CCOc2cc3ncnc(Nc4ccc(OCc5cccc(F)c5)c(Cl)c4)c3cc21
CHEMBL5795419,28404215,7.22,N#Cc1cnc2c(Cl)cc(N[C@H](C3=CN(C4COC4)NN3)c3cc(Br)cnc3Cl)cc2c1Nc1ccc(F)c(Cl)c1
CHEMBL5918532,28403561,8.3,CC(C)N1C=C([C@@H](Nc2cc(Cl)c3ncc(C#N)c(Nc4ccc(F)c(Cl)c4)c3c2)c2cccn3nccc23)NN1
CHEMBL5827368,26750231,5.46,O=C1CCc2c(Oc3ccc4c(c3)[C@H]3[C@H](NC(=O)Cc5cccc(C(F)(F)F)c5)[C@H]3O4)ccnc2N1
CHEMBL5182567,24902242,9.42,C=CC(=O)Nc1ccc2ncnc(Nc3ccc4[nH]cc(Br)c4c3)c2c1
CHEMBL53062,1078919,7.92,COc1cc2c(Nc3cccc(Br)c3)ncnc2cn1
CHEMBL5828230,28405751,8.22,Cn1c(=O)ccc2c([C@H](Nc3cc(C#N)c4ncc(C#N)c(NCC(C)(C)C)c4c3)C3=CN(C4(C(F)(F)F)CC4)NN3)cccc21
CHEMBL5759938,28405796,7.82,COc1ccc([C@H](Nc2cc(C#N)c3ncc(C#N)c(NCC(C)(C)C)c3c2)C2=CN(C3(C(F)(F)F)CC3)NN2)cn1
CHEMBL3263962,14652515,7.08,COc1cc2c(Oc3ccc(NS(=O)(=O)c4cccc(-c5cnn(C)c5)c4)cc3F)ccnc2cc1OCCCN1CCN(C)CC1
CHEMBL5574206,25979182,9.06,O=C(/C=C/CN1CCCCC1)Nc1ccc2ncnc3c2c1C=CN3c1ccc(OCc2ccccn2)c(Cl)c1
CHEMBL5924732,28883558,5.8,C=CC(=O)N1CC(Nc2cncc(-c3cnc(Oc4cccc(F)c4)nc3)n2)C1
CHEMBL6027214,28403603,8.0,Cc1ncccc1[C@H](Nc1cc(Cl)c2ncc(C#N)c(Nc3cnc(F)c(F)c3)c2c1)C1=CN(C2COC2)NN1
CHEMBL4471235,19236719,7.43,COc1cc2c(Nc3cc(NC(=O)C(c4ccccc4)N4Cc5ccccc5C4=O)ccc3F)ncnc2cc1OCC1CCN(C)CC1
CHEMBL1928949,7963947,6.43,CCOC(=O)CNc1cccc(Oc2cc(Nc3ccc(OCc4cccc(F)c4)c(Cl)c3)ncn2)c1
CHEMBL2018765,10855825,5.0,CCN(CC)CCOc1cc2ncnc(Nc3ccc(F)c(Cl)c3)c2cc1OC
CHEMBL5206444,24824827,8.57,CC(C)c1ccc(N2CC(CS(C)(=O)=O)C2)c2cnc(Nc3ccnc(N4CC[C@@H](O)[C@@](C)(F)C4)n3)cc12
CHEMBL6050550,26941000,7.46,C=CC(=O)Nc1cc(Nc2ncc3ccc(-c4cnn(C)c4)n3n2)c(OC)cc1N1CCN(C)CC1
CHEMBL517130,2390295,8.05,COc1cc2ncnc(Nc3ccc(F)c(Cl)c3)c2cc1CN(C)[C@H](C)C(N)=O
CHEMBL6002699,28405913,8.4,Cc1nc(F)ccc1[C@H](Nc1cc(Cl)c2ncc(C#N)c(NCC(C)(C)C)c2c1)C1=C(F)N(C2(C3CC3)CC2)NN1
CHEMBL5904700,28405028,8.52,Cc1nc(F)ccc1[C@H](Nc1cc(Cl)c2ncc(C#N)c(NCC(C)(C)C)c2c1)C1=CN(C2(CO)COC2)NN1
CHEMBL4097862,18048474,7.71,S=C(Nc1ccc(Cl)cc1)Nc1ccc2ncnc(Nc3cccc(Br)c3)c2c1
CHEMBL5996683,28404506,8.7,CC1(C)COCC[C@H]1Nc1c(C#N)cnc2c(C#N)cc(N[C@H](C3=CN(C4(C(F)(F)F)CC4)NN3)c3cccc4ncsc34)cc12
CHEMBL5831010,27071657,5.26,NC(=O)c1ncc(N2CCC[C@@H](NC(=O)C3CC3)C2)nc1Nc1ccc(C2CCN(C3CCCC3)CC2)cc1
CHEMBL5779120,28405871,7.85,COc1nccc2c([C@H](Nc3cc(Cl)c4ncc(C#N)c(NCC(C)(C)C)c4c3)C3=CN([C@@H](C)CF)NN3)cccc12
CHEMBL3353408,15073279,6.22,C=CC(=O)Nc1cc(Nc2ncc(Cl)c(-c3c[nH]c4ccccc34)n2)c(OC)cc1N(C)CCN(C)C
CHEMBL5523403,25864526,6.83,COc1cc2ncnc(Nc3ccc(F)c(Cl)c3)c2cc1OCCCCCNCc1c(OC)cc(OCc2cccc(-c3ccccc3)c2C)cc1OC
CHEMBL4100655,18189810,8.0,C=CC(=O)N1CCC[C@@H](n2nc(-c3cccc(F)c3)c3c(N)ncnc32)C1
CHEMBL5994362,28404017,7.89,CC(C)N1C=C([C@@H](Nc2cc(Cl)c3ncc(C#N)c(Nc4ccc(F)c(Cl)c4)c3c2)c2cocn2)NN1
CHEMBL3092300,13852019,5.77,O=C(Nc1cc2c(Nc3ccc(F)c(Cl)c3)ncnc2cc1O[C@H]1CCOC1)N1CCC2(CC1)OCCO2
CHEMBL5631083,26142959,8.82,C=CC(=O)Nc1cc(Nc2nccc(-c3ccc4c(C)nccn34)n2)c(OC)cc1N(C)CCN(C)C
CHEMBL6027273,28405907,8.52,Cc1nc(F)ccc1[C@H](Nc1cc(Cl)c2ncc(C#N)c(NCC(C)(C)C)c2c1)C1=C(F)N(C2(C)CC2)NN1
CHEMBL4287401,18722858,9.15,C=C=CC(=O)Nc1cc(Nc2nccc(-c3cn(C)c4ccccc34)n2)c(OC)cc1OCCN1CCOCC1
CHEMBL3678953,16278740,7.52,COc1ccc(Nc2nc3cnc(Nc4ccc(N5CCN(C)CC5)cc4)nc3n2C(C)C)cc1
CHEMBL3753444,16435174,6.34,COc1ccc(-c2cc(NC(=O)Nc3ccncc3)cc(OC)c2OC)cn1
CHEMBL4471155,19172989,7.5,C=CC(=O)N(c1ccc(Cl)c(Cl)c1)c1ncnc2cc(OC)c(OCCCN3CCOCC3)cc12
CHEMBL5630609,26142962,8.78,C=CC(=O)Nc1cc(Nc2nccc(-c3cnc4c(OC)cccn34)n2)c(OC)cc1N(C)CCN(C)C
CHEMBL5180965,24907648,7.64,Cc1cc(Nc2ncnc3cc(O)c(NC(=O)/C=C/[C@H]4CCCN4C)cc23)ccc1Oc1ccn2cnnc2c1
CHEMBL5910757,27322343,7.8,C=CC(=O)Nc1cc(Nc2ncc(Cl)c(Nc3ccccc3C(=O)C(=O)N(C)C)n2)c(OC)cc1N1CCN(C)CC1
CHEMBL2385992,13322640,5.3,Cc1ccc(NC(=O)/C=C/CN(C)C)cc1C(=O)Nc1nccc(-c2cccnc2)n1
CHEMBL5998236,26810998,8.24,COCCOc1cc2ncnc(Nc3ccc(F)c(Cl)c3)c2cc1NC(=O)/C=C/CN1CC[C@H]1COC
CHEMBL5566816,25865997,6.43,COc1cc2ncnc(-c3c[nH]nc3-c3cccc(OCc4ccc5c(c4)CN(C)C5=O)c3)c2cc1OC
CHEMBL3765425,16478375,8.33,COc1cc2ncnc(Nc3ccc(C(=O)NC45CC6CC(CC(C6)C4)C5)c(C#N)c3)c2cc1OCCCN1CCOCC1
CHEMBL3233787,14586728,8.4,O=C(/C=C/CN1CCC(F)(F)CC1)Nc1cc2c(Nc3ccc(F)c(Cl)c3)ncnc2s1
CHEMBL5287229,25098092,9.25,COc1cc(N2CCC(N)CC2)ccc1Nc1ncc(C(=O)OC(C)C)c(-c2cn(C)c3ccccc23)n1
CHEMBL3671487,26587388,8.4,C=CC(=O)Nc1cc2c(Nc3ccc(Br)cc3F)ncnc2cc1OCCCNC(C)=O
CHEMBL4225777,18581464,6.25,CN(C)CCOc1ccc(Nc2ncc3nc(Sc4ccccc4)n(C4CCOCC4)c3n2)cc1
CHEMBL5184048,24670262,6.9,C=CC(=O)N1CCC(Oc2nc(Nc3ccn(C)n3)nc3ccsc23)CC1
CHEMBL5770880,26750027,6.61,O=C1CCc2c(Oc3ccc4c(c3)[C@H]3[C@H](NC(=O)c5ccccc5C(F)(F)F)[C@H]3O4)ccnc2N1
CHEMBL3671579,26587673,6.01,C=CC(=O)Nc1cc2c(Nc3ccc(Br)cc3F)ncnc2cc1OCCNC(=O)CN1CCC1
CHEMBL4641096,20690043,6.77,CCC(=O)Nc1cc(Nc2nccc(-c3cn(CCCO)c4ccccc34)n2)c(OC)cc1N(C)CCN(C)C
CHEMBL4546122,19110261,7.28,COc1ccc(-c2cc3ncnc(Nc4cc(OC)c(OC)c(OC)c4)c3s2)cc1
CHEMBL206782,1710022,7.51,COC(=O)CCCC(=O)Nc1cccc(C#Cc2cncnc2Nc2ccc(OCc3cccc(F)c3)c(Cl)c2)c1
CHEMBL3758802,16457570,8.3,C#Cc1cccc(Nc2ncnc3sc(-c4ccc(CO)cc4OC)cc23)c1
CHEMBL4166609,18423644,8.39,C=CC(=O)Nc1cc(Nc2nccc(Nc3ccccc3-n3cccn3)n2)c(OC)cc1N(C)CCN(C)C
CHEMBL343352,17989469,8.47,Nc1ccc2ncnc(Nc3cccc(Cl)c3)c2c1
CHEMBL4095439,17998446,8.74,C=CC(=O)Nc1cc(Br)cc(-n2c(=O)cc(C)c3cnc(Nc4ccc(N5CCN(C)CC5)cc4OC)nc32)c1
CHEMBL4241638,18676735,7.03,CCN(c1ccc(OC)cc1)c1ncnc2occ(C)c12
CHEMBL3233788,14586686,7.75,CSC1CCN(C/C=C/C(=O)Nc2cc3c(Nc4ccc(F)c(Cl)c4)ncnc3s2)CC1
CHEMBL3736508,16390278,6.05,COC1CCN(c2nccc(Nc3cc4c(cn3)nc(C)n4C(C)C)n2)CC1
CHEMBL5807004,28404845,9.0,CC(C)(C)CNc1c(C#N)cnc2c(C#N)cc(N[C@H](C3=CN(C4(C(N)=O)CCC4)NN3)c3cccc4cnccc34)cc12
CHEMBL3604936,15685106,5.7,Cc1cc(Nc2cc(N3CCN(C)CC3)nc(Oc3ccc(NC(=O)/C=C/C(F)(F)F)cc3)n2)n[nH]1
CHEMBL3758758,16457564,8.15,COC(=O)c1ccc(OC)c(-c2cc3c(N[C@H](C)c4ccccc4)ncnc3s2)c1
CHEMBL5925992,27750404,8.4,C=CC(=O)Nc1cc(Nc2ncc(F)c(-c3cnc4c(ccn4C)c3)n2)c(OC)cc1N(C)CCN(C)N
CHEMBL5797137,27070361,5.26,CN(C)C(=O)N[C@@H]1CCCN(c2cnc(C(N)=O)c(Nc3ccc(C(=O)N(C)C)cc3)n2)C1
CHEMBL5871700,26961265,6.8,CCN(C)C/C=C/C(=O)N1CCC[C@@H](n2nc(C(=O)Nc3nc4cc(Cl)ccc4o3)c3c(N)ncnc32)C1
CHEMBL5895880,28405598,8.22,Cc1nc(F)ccc1[C@H](Nc1cc(C#N)c2ncc(C#N)c(NCC(C)(C)C)c2c1)C1=CN(CC2(C(F)(F)F)CC2)NN1
CHEMBL4214040,18456086,5.97,COc1cc(N2CCN(C)CC2)ccc1Nc1ncc(Cl)c(Oc2ccc(NC(=O)CO)cc2)n1
CHEMBL2347972,12722990,7.52,OC[C@@H](Nc1ncnc2oc(-c3ccccc3)c(-c3ccc4c(c3)OCO4)c12)c1ccccc1
CHEMBL3676372,26587799,7.12,C=CC(=O)Nc1cc2c(Nc3ccc(Br)c(Cl)c3)ncnc2cc1OCCNC(=O)CN(C)C
CHEMBL5286092,25105716,7.79,C=CC(=O)Nc1cc(Nc2ncc(Br)c(Nc3ccc4cc[nH]c4c3)n2)ccc1N1CCN(C)CC1
CHEMBL5752119,27540815,7.13,C=CC(=O)N1CCCC(n2nc(-c3ccc(Oc4ccc(F)cc4F)cc3)c(C(N)=O)c2N)C1
CHEMBL3622664,15743447,9.05,CCOc1cc2ncnc(Nc3ccc(F)c(Cl)c3)c2cc1NC(=O)/C=C/CNC1CC1
CHEMBL5924448,28722182,7.6,C=CC(=O)N1CCC(Oc2cc3c(Nc4ccc(Cl)c(Cl)c4F)ncnc3cc2OC)C1
CHEMBL3671547,26587574,6.06,CCC(=O)Nc1cc2c(Nc3ccc(Br)cc3F)ncnc2cc1OCCNC(C)=O
CHEMBL3676386,26587847,7.17,C=CC(=O)Nc1cc2c(Nc3ccc(Br)c(Cl)c3F)ncnc2cc1OCCNC(=S)NCC
CHEMBL3344209,15130272,7.75,CS(=O)(=O)CC(N)c1ccc(-c2ccc3ncnc(Nc4ccc(OCc5cccc(F)c5)c(Cl)c4)c3c2)o1
CHEMBL4067916,18172257,6.59,CCC(=O)N1CC[C@H](N2C(=O)N(c3cccc(OC(F)F)c3)Cc3cnc(Nc4ccc(N5CCN(C)CC5)c(C)c4)nc32)C1
CHEMBL5918820,28405262,8.52,Cc1nc(F)ccc1[C@H](Nc1cc(Cl)c2ncc(C#N)c(NCC(C)(C)C(F)(F)F)c2c1)C1=CN(C2(C(F)F)CC2)NN1
CHEMBL3425664,15257630,6.46,COc1cc(N2CCN(C)CC2)ccc1Nc1ncc(Cl)c(Oc2cccc(NC(=O)/C(C#N)=C/C3CC3)c2)n1
CHEMBL2018777,10855837,5.04,CCCCOc1cc2c(Nc3ccc(NC(=O)OCC)c(Cl)c3)ncnc2cc1OCCN(CC)CC
CHEMBL3979482,16894436,7.0,C#Cc1cccc(Nc2ncnc3ccc(OCCCC(=O)NO)cc23)c1
CHEMBL4098507,18172232,7.8,CCC(=O)N1CC[C@H](N2C(=O)N(c3ccccc3Cl)Cc3cnc(Nc4ccc(N5CCN(C)CC5)c(C)c4)nc32)C1
CHEMBL5206436,24848252,7.99,CN1CCN(c2ccc(-c3ccc4cnn(C(C(=O)Nc5nccs5)c5ccccc5)c(=O)c4c3)cc2)CC1
CHEMBL5993924,28404002,8.22,Cc1ncsc1[C@H](Nc1cc(Cl)c2ncc(C#N)c(Nc3ccc(F)c(Cl)c3)c2c1)C1=CN(C(C)C)NN1
CHEMBL5570443,25979167,8.84,CN(C)C/C=C/C(=O)Nc1ccc2ncnc3c2c1CCN3c1ccc(OCc2ccccn2)c(Cl)c1
CHEMBL6011854,28405232,8.1,Cc1ccc([C@H](Nc2cc(Cl)c3ncc(C#N)c(NCC(C)(C)C)c3c2)C2=CN(C3(C(F)F)CC3)NN2)c(C)n1
CHEMBL5984505,27652787,7.26,Cc1cccc(Nc2nc(Nc3cccc(NC(=O)/C=C/CN4CC5CC4CN5)c3)ncc2F)c1
CHEMBL4570293,19168258,7.48,C=CC(=O)Nc1cc(Nc2nccc(NC(=O)c3cccc4ccccc34)n2)c(OC)cc1N1CCN(C)CC1
CHEMBL2437486,26745556,7.06,CN(C)C/C=C/C(=O)Nc1cccc(-n2c(=O)cnc3cnc(Nc4ccccc4)nc32)c1
CHEMBL3972981,16739502,7.66,CC[C@@H](Nc1ncnc2oc(-c3ccc(OC)cc3)cc12)c1ccccc1
CHEMBL5281205,25078689,8.78,C=CC(=O)N1CCC(Oc2cc3c(Nc4ccc(Cl)c(Cl)c4F)ncnc3cc2O[C@H]2CCN(C)C2)CC1
CHEMBL5988665,26941042,8.0,C=CC(=O)Nc1cc(Nc2ncc3ccc(-c4ccccc4)n3n2)c(OC)cc1N(C)CCN(C)C
CHEMBL109212,6261308,6.38,CCOc1cc2ncc(C#N)c(Nc3cccc(Br)c3)c2cc1OCC
CHEMBL5955406,27652733,7.26,C=CC(=O)Nc1cccc(Nc2nc(Nc3cccc(N4CCN(CCO)CC4)c3)ncc2F)c1
CHEMBL6009993,28620815,6.19,COc1cc(N2CCN(C)CC2)ccc1Nc1ncc(Cl)c(Nc2ccccc2NS(C)(=O)=O)n1
CHEMBL2031297,13453584,8.07,CN(C)CCC(=O)Nc1ccc2ncnc(Nc3cccc(Br)c3)c2c1
CHEMBL2347963,12722984,8.7,CN(C)CCC(=O)Nc1cccc(-c2c(-c3ccccc3)oc3ncnc(N[C@H](CO)c4ccccc4)c23)c1
CHEMBL939,13446009,7.21,COc1cc2ncnc(Nc3ccc(F)c(Cl)c3)c2cc1OCCCN1CCOCC1
CHEMBL109515,6261349,5.96,COCCOc1cc2ncc(C#N)c(Nc3cccc(Br)c3)c2cc1OCCOC
CHEMBL2018749,10855806,6.1,CCCCOC(=O)Nc1ccc(Nc2ncnc3cc(OC)c(OC)cc23)cc1
CHEMBL3775911,16499794,6.45,O=C1COc2cc3ncnc(Nc4ccc(Cl)cc4)c3cc2N1CCCN1CCOCC1
CHEMBL3087195,13826564,7.01,C=CC(=O)N1CC[C@H](N2C(=O)N(c3ccccc3)Cc3cnc(Nc4cccc(N5CCN(C)CC5)c4)nc32)C1
CHEMBL5814234,28404287,7.34,CN1C=C(C(Nc2cc(Cl)c3ncc(C#N)c(Nc4ccc(F)c(Cl)c4)c3c2)C2=CN(C3CCNCC3)NN2)NN1
CHEMBL4515526,19122075,8.22,C=CC(=O)Nc1cc2c(Nc3ccc(F)c(Cl)c3)ncnc2cc1OCc1cn(Cc2ccc(F)cc2)nn1
CHEMBL57462,1159506,5.6,N#CC(C#N)=C1C(=O)Nc2cc(O)c(O)cc21
CHEMBL5193016,24824832,8.59,CO[C@@H]1[C@H](O)CN(c2nccc(Nc3cc4c(C(C)C)ccc(N5C[C@H](CS(C)(=O)=O)[C@H]5C)c4cn3)n2)CC1(F)F
CHEMBL3973435,25066902,8.92,C=CC(=O)N1CCC(C2CCNc3c(C(N)=O)c(-c4ccc(Oc5ccccc5)cc4)nn32)CC1
CHEMBL4745195,22814389,9.07,C=CC(=O)Nc1cc(Nc2nccc(-c3cn(CCO)c4ccccc34)n2)c(OC)cc1N(C)CCN(C)C
CHEMBL522623,2390193,9.16,O=C(/C=C\Cl)Cc1cc2c(Nc3cccc(Br)c3)ncnc2cn1
CHEMBL5900941,26750303,8.03,CN(C)Cc1cc(C(=O)N[C@@H]2[C@H]3Oc4ccc(Oc5ccnc6c5CCC(=O)N6)cc4[C@@H]23)cc(C(F)(F)F)c1
CHEMBL3734786,16390285,5.98,Cc1nc2cnc(Nc3ccnc(N4CC[C@H](O)C(F)(F)C4)n3)cc2n1C(C)C
CHEMBL3360620,14974601,9.09,COc1cc2c(Nc3cccc(Br)c3)ncnc2cc1OCCOCCn1ccnc1[N+](=O)[O-]
CHEMBL4213082,18456078,5.55,C=CC(=O)Nc1ccc(Oc2nc(Nc3ccc(N4CCN(C)CC4)cc3OC)ncc2Cl)cc1
CHEMBL4449898,19168252,7.18,C=CC(=O)Nc1cc(Nc2nccc(NC(=O)c3ccc(C(F)(F)F)cc3)n2)c(OC)cc1N1CCC(C(N)=O)CC1
CHEMBL3612574,15711400,5.11,CCOC(=O)CCCn1c(=O)oc2cc3ncnc(Nc4ccc(F)c(Cl)c4)c3cc21
CHEMBL1090364,3240761,8.19,O=C(Cc1ccccc1)Nc1cccc(-c2nc3sccn3c2-c2ccnc(Nc3ccc4c(c3)CCNC4)n2)c1
CHEMBL5864922,28405778,8.7,CC(C)(C)CNc1c(C#N)cnc2c(C#N)cc(N[C@H](C3=CN([C@@H]4C[C@@H]4F)NN3)c3cccc4ncccc34)cc12
CHEMBL340862,888400,7.96,CCOc1cc2ncnc(Nc3cccc(-c4cncs4)c3)c2cc1OCC
CHEMBL4073912,18048498,6.86,FC(F)(F)c1csc(NC(=S)Nc2ccc3ncnc(Nc4cccc(Cl)c4)c3c2)n1
CHEMBL5201250,24919465,7.05,CCS(=O)(=O)n1cc2c3ccc(cc31)OCCCCCCCOc1cc(ccc1N1CCOCC1)Nc1ncc(Cl)c-2n1
CHEMBL594790,3055934,4.87,CCCCC(Cc1coc2nc(N)nc(N)c12)c1ccccc1OC
CHEMBL5776172,28403759,7.92,Cc1ncccc1[C@H](Nc1cc(Cl)c2ncc(C#N)c(Nc3cccc(Cl)c3)c2c1)C1=CNNN1
CHEMBL205676,1697620,6.0,Fc1ccc(Nc2ncnc3c2NCc2cc(Cl)ccc2O3)cc1Cl
CHEMBL5800035,27070535,5.26,CC(C)N1CCC(c2ccc(Nc3nc(N4CCC[C@@H](NC(=O)N(C)C)C4)cnc3C(N)=O)cc2)CC1
CHEMBL484270,12722979,8.05,CCN1CCN(Cc2ccc(-c3cc4c(N[C@@H](C)c5ccccc5)ncnc4[nH]3)cc2)CC1
CHEMBL5429694,25482723,6.08,Cn1cc(-c2ccnc(Nc3ccc(OCCCCn4cnc([N+](=O)[O-])c4)c(F)c3)n2)c2ccccc21
CHEMBL2031312,10888051,7.61,CCOc1cc2ncc(C#N)c(Nc3ccc(OCc4ccccn4)c(Cl)c3)c2cc1NC(=O)CCN1CCCCC1
CHEMBL6033348,28405469,8.7,Cn1ccc2c([C@H](Nc3cc(Cl)c4ncc(C#N)c(NCC(C)(C)C)c4c3)C3=CN(C4CCC4)NN3)cccc2c1=O
CHEMBL3959632,16752384,6.87,C=CC(=O)Nc1cccc(-n2c(NC(=O)c3cccc(C(F)(F)F)c3)nc3cc(C)ccc32)c1
CHEMBL2437478,13483436,5.32,C=CC(=O)Nc1ccc(-n2c(=O)cnc3cnc(Nc4ccc(OC)cc4)nc32)cc1
CHEMBL5862301,26961301,7.1,CCN(CC)C/C=C/C(=O)N1CC[C@@H](n2nc(C(=O)Nc3nc4cc(Cl)ccc4o3)c3c(N)ncnc32)C1
CHEMBL5791105,27652658,7.26,C=CC(=O)Nc1cccc(Nc2nc(Nc3ccccc3)ncc2F)c1
CHEMBL5972723,28403699,5.07,COCC(Nc1c(C#N)cnc2c(Cl)cc(N[C@H](C3=CN(C(C)C)NN3)c3cccnc3)cc12)c1ccccc1
CHEMBL205454,1697627,5.24,COc1ccc2c(c1)CNc1c(Nc3ccc(Cl)cc3)ncnc1O2
CHEMBL3671585,26587691,6.38,C=CC(=O)Nc1cc2c(Nc3ccc(Cl)cc3F)ncnc2cc1OCCNC(=O)CN(C)C
CHEMBL5192038,24871189,6.35,COc1cc2ncnc3c2cc1OCCOCCOCCOc1c(Cl)cccc1N3
CHEMBL2310642,19310430,6.83,C=CC(=O)Nc1cccc(-c2c(-c3ccccc3)oc3ncnc(N[C@@H](CO)c4ccccc4)c23)c1
CHEMBL4851176,23195390,9.59,C#Cc1cccc(Nc2ncnc3cc(OC)c(OCCCCCN/C(=N\C#N)Nc4ccncc4)cc23)c1
CHEMBL3353397,15073075,4.51,C=CC(=O)Nc1cc(Nc2ncc(Cl)c(-c3cnn4ccccc34)n2)c(OC)cc1N1CCN(C(=O)[C@@H]2CCCCN2)CC1
CHEMBL248321,2038903,7.5,NC1CCN(Cc2ccn3ncnc(Nc4ccc(OCc5cnccn5)c(Cl)c4)c23)CC1
CHEMBL3416596,15229680,7.57,COc1ccccc1-c1cc2c(N[C@H](C)c3ccc(F)cc3)ncnc2s1
CHEMBL5282641,25078681,10.28,C=CC(=O)N1CCC(Oc2cc3c(Nc4ccc(Cl)c(Cl)c4F)ncnc3cc2O[C@H]2CCOC2)CC1
CHEMBL3699592,16340797,7.7,C=CC(=O)Nc1cccc(Nc2nc(Nc3ccc(N4CCOCC4)cc3OC(F)F)ncc2C(F)(F)F)c1
CHEMBL5788794,28404260,7.44,N#Cc1cnc2c(Cl)cc(N[C@H](C3=CN(C4CCNCC4)NN3)c3ccc(Cl)s3)cc2c1Nc1ccc(F)c(Cl)c1
CHEMBL3133905,13975598,5.6,C=CC(=O)Nc1ccc2ncnc(Nc3ccc(Br)c(OC)c3)c2c1
CHEMBL5195531,24871158,7.71,COc1cc2ncnc3c2cc1OCCCCCCOc1ccc(Cl)cc1N3
CHEMBL5174372,24902229,5.4,Cn1ccc2cc(Nc3ncnc4ccc(N)cc34)ccc21
CHEMBL193544,1603472,6.85,CN1CCC(Oc2cccc3ncnc(Nc4ccc(OCc5ccccn5)c(Cl)c4)c23)CC1
CHEMBL5807191,28403153,7.85,CC(C)N1C=C([C@@H](Nc2cc(Cl)c3ncc(C#N)c(Nc4ccc(F)c(Cl)c4)c3c2)c2cncc(C(=O)N3CCCC3)c2)NN1
CHEMBL3676356,26587751,6.49,C=CC(=O)Nc1cc2c(Nc3cc(Cl)c(Cl)cc3F)ncnc2cc1OCCN(C)C
CHEMBL4293690,18765232,6.54,COc1ccc(OC)c(Nc2cc(Nc3ccc(N4CCN(C)CC4)cc3)ncn2)c1
CHEMBL4076434,18048471,7.8,S=C(Nc1ccccc1)Nc1ccc2ncnc(Nc3cccc(Br)c3)c2c1
CHEMBL3937949,16808786,8.21,O=C(O)c1ccc(Nc2nncc3ccccc23)cc1
CHEMBL5274514,24976278,9.26,C=CC(=O)N1CCCCCCCn2cc(c3ccccc32)-c2ccnc(n2)Nc2cccc1c2
CHEMBL6035061,27750572,7.39,C=CC(=O)Nc1cc(Nc2ncc(Cl)c(-c3cnn(C4CCN(C(=O)OC(C)(C)C)CC4)c3)n2)c(OC)cc1N1CCC(N(C)C)CC1
CHEMBL5284972,25105694,7.34,CN1CCN(c2ccc(Nc3ncc(Cl)c(Nc4ccc5[nH]ccc5c4)n3)cc2)CC1
CHEMBL398793,1951288,6.89,CC1CNCCN(Cc2ccn3ncnc(Nc4ccc5c(cnn5Cc5cccc(F)c5)c4)c23)C1
CHEMBL4288080,18783600,7.87,C=CC(=O)Nc1ccccc1Nc1nc(Nc2ccc(OCCN3CCOCC3)cc2)ncc1Cl
CHEMBL3297999,14752162,7.07,COc1ccc(N(c2nc(C)nc3oc(C)cc23)C(C)C)cc1
CHEMBL3671519,26587487,7.41,C=CC(=O)Nc1cc2c(Nc3ccc(Br)cc3F)ncnc2cc1OCCNC(=O)CSC
CHEMBL2325103,12657581,5.08,NC(=S)N1N=C(c2ccc(F)cc2)CC1c1cccc2ccccc12
CHEMBL4445017,19445313,7.64,O=C(/C=C/CN1CCCCC1)N1CCOc2cc3ncnc(Nc4ccc(F)c(Cl)c4)c3cc21
CHEMBL3676384,26587841,8.1,C=CC(=O)Nc1cc2c(Nc3ccc(Br)c(Cl)c3F)ncnc2cc1OCCNC(=O)NCC
CHEMBL3671575,26587661,6.71,C=CC(=O)Nc1cc2c(Nc3ccc(Br)cc3F)ncnc2cc1OCCNC(=O)C1CCCN1C(=O)CC
CHEMBL3961532,16668231,7.17,CCC(=O)Nc1cc2c(Nc3ccc(OCc4cccc(F)c4)c(Cl)c3)ncnc2cc1OC
CHEMBL5809227,28404860,8.3,CCc1nc(F)ccc1[C@H](Nc1cc(Cl)c2ncc(C#N)c(NCC(C)(C)C)c2c1)C1=CN(C2(C(F)F)CC2)NN1
CHEMBL3678951,16342235,8.52,CC(C)n1c(Nc2cccc(C(F)(F)F)c2)nc2cnc(Nc3ccc(N4CCN(C)CC4)cc3)nc21
CHEMBL5831206,28405427,7.64,COc1ncccc1[C@H](Nc1cc(Cl)c2ncc(C#N)c(NCC(C)(C)C)c2c1)C1=CN(C2(C(F)(F)F)CC2)NN1
CHEMBL5435775,25481270,9.47,COc1cc(N2CCC(N3CC(CO)C3)CC2)c(C)cc1Nc1ncc(Br)c(Nc2ccc3nccnc3c2P(C)(C)=O)n1
CHEMBL3612575,15711401,5.24,C#Cc1cccc(Nc2ncnc3cc4oc(=O)n(CCCC(=O)OCC)c4cc23)c1
CHEMBL2031313,10888052,7.43,CCOc1cc2ncc(C#N)c(Nc3ccc(OCc4ccccn4)c(Cl)c3)c2cc1NC(=O)CCN1CCOCC1
CHEMBL5279933,25059912,7.39,COc1cc2c(Nc3ccc(Oc4ccccc4Cl)cc3)ncnc2cc1OCC1CCN(C)CC1
CHEMBL3623284,15745752,8.96,COc1cc2ncnc(Nc3cccc(Cl)c3F)c2cc1OC(=O)N1CC[C@@H](N(C)C)C1
CHEMBL4060821,18117556,5.95,O=c1c2ccc(Cl)cc2nc(-c2ccccc2)n1-c1nnc(-c2ccccc2)s1
CHEMBL3970399,16808793,7.06,O=S(=O)(Nc1nccs1)c1ccc(Nc2nncc3ccccc23)cc1
CHEMBL6033989,27750440,6.93,C=CC(=O)Nc1cc(Nc2ncc(F)c(-c3cnc4c(ccn4C)c3)n2)c(OC)cc1N1CCC(N(C)C)CC1
CHEMBL6025850,27652859,6.26,COc1ccc(Nc2ncc(F)c(Nc3cccc(NC(=O)/C=C/CN(C)C)c3)n2)cn1
CHEMBL76929,2202725,5.7,COC(=O)c1ccc(S(=O)(=O)Oc2ccc(/C=C/[N+](=O)[O-])cc2)cc1O
CHEMBL525527,13868175,5.01,COc1cc2nc(Cl)nc(Nc3ccc(S(=O)(=O)Nc4nccs4)cc3)c2cc1OC
CHEMBL3114687,13924679,7.38,C#Cc1cccc(Nc2ncnc3cc4c(cc23)N(C(=O)/C=C/CN(CC)CC)CCO4)c1
CHEMBL6039752,28403303,8.7,N#CCC[C@@H](Nc1c(C#N)cnc2c(Cl)cc(N[C@](O)(C3=CN(C4CC4)NN3)c3cccnc3F)cc12)c1ccccc1
CHEMBL5761151,28405052,8.4,Cn1ncc2c([C@H](Nc3cc(C#N)c4ncc(C#N)c(NCC(C)(C)C)c4c3)C3=CN(Cc4c(F)cccc4F)NN3)cccc21
CHEMBL1080271,3222535,4.11,CCN(CC)CCNC(=O)c1cc2cnnc(Nc3ccc(OCc4cccc(F)c4)c(Cl)c3)c2[nH]1
CHEMBL3753011,16444050,8.8,C=CC(=O)Nc1cccc(-n2c(=O)c(-c3ccccc3)c(C)c3cnc(Nc4ccc(N5CCN(C)CC5)cc4OC)nc32)c1
CHEMBL5795317,27652670,7.26,Cc1cnc(Nc2ccccc2)nc1Nc1cccc(NC(=O)/C=C/CN(C)C)c1
CHEMBL5069609,24408182,8.96,C=CC(=O)Nc1cccc(-n2c(=O)c(-c3ccccc3F)nc3cnc(Nc4ccc(OCCOC)cc4)nc32)c1
CHEMBL3088218,13833371,5.09,Cc1ncc([N+](=O)[O-])n1C/C(=N/NC(=O)c1ccncc1)c1ccc(Br)cc1
CHEMBL3900264,16809241,8.34,Clc1ccc(/C=C/C(=N/Nc2nncc3ccccc23)c2ccccc2)cc1
CHEMBL4529521,19287503,7.29,CCc1ccc(C(=O)/C=C\C(=O)O[C@H](CC=C(C)C)C2=CC(=O)c3c(O)ccc(O)c3C2=O)cc1
CHEMBL3344214,15130266,7.54,CS(=O)(=O)CCNC(CS(C)(=O)=O)c1ccc(-c2ccc3ncnc(Nc4ccc(OCc5cccc(F)c5)c(Cl)c4)c3c2)o1
CHEMBL5782322,28404635,8.52,Cc1nc(F)ccc1[C@H](Nc1cc(Cl)c2ncc(C#N)c(NCC(C)(C)C)c2c1)C1=CN(C2(C(=O)O)CC2)NN1
CHEMBL4460261,19146034,7.19,C=CC(=O)Nc1cc(Nc2nccc(-c3cn(C)c4ccccc34)n2)c(OC)cc1N1CC[S+]([O-])CC1
CHEMBL3671478,26587361,7.82,C=CC(=O)Nc1cc2c(Nc3ccc(Br)cc3F)ncnc2cc1OCC1CCN(C(N)=O)CC1
CHEMBL5892362,28405877,8.15,COc1nccc2c([C@H](Nc3cc(Cl)c4ncc(C#N)c(NCC(C)(C)C(F)(F)F)c4c3)C3=CN(C4(C(F)F)CC4)NN3)cccc12
CHEMBL4071170,18048490,7.55,S=C(NCc1ccc(Cl)cc1)Nc1ccc2ncnc(Nc3cccc(Br)c3)c2c1
CHEMBL2325091,12657565,6.31,Brc1ccc(C2=NN(c3ccccc3)C(c3cccc4ccccc34)C2)cc1
CHEMBL4753631,22892155,7.07,Cn1c(-c2csc(N/N=C\c3ccc([N+](=O)[O-])cc3)n2)nc2ccccc21
CHEMBL203295,1696689,7.68,COc1cc(OC2CCN(C)CC2)c2c(Nc3ccc(F)c(Cl)c3)ncnc2c1
CHEMBL6039541,26749910,7.75,O=C1CCc2c(Oc3ccc4c(c3)[C@H]3[C@H](NC(=O)c5cccc(C(F)(F)F)c5)[C@H]3O4)ccnc2N1
CHEMBL4469866,19172980,8.06,C=CC(=O)N(c1cccc(Cl)c1F)c1ncnc2cc(OC)c(OC(=O)N3CCN(C)C[C@H]3C)cc12
CHEMBL5847747,28722146,7.85,C=CC(=O)N1CC(Oc2cc3c(Nc4ccc(Br)c(Cl)c4)ncnc3cc2OC)C1
CHEMBL5273994,25059920,5.43,COc1cc2c(Nc3ccc(Oc4ccc(Br)cc4)cc3)ncnc2cc1OCC1CCN(C)CC1
CHEMBL4785528,22968051,6.62,CCN1CCN(Cc2ccc(Nc3nc(Oc4ccc5ccc(=O)[nH]c5c4)c4sccc4n3)cc2)CC1
CHEMBL5803675,28404689,8.7,CC(C)(C)CNc1c(C#N)cnc2c(C#N)cc(N[C@H](C3=CN(C4(C(F)(F)F)CC4)NN3)c3cccc4ccncc34)cc12
CHEMBL4078801,18172259,6.38,CCC(=O)N1CC[C@H](N2C(=O)N(c3cccc(OC)c3F)Cc3cnc(Nc4ccc(N5CCN(C)CC5)c(C)c4)nc32)C1
CHEMBL3671530,26587523,6.9,C=CC(=O)Nc1cc2c(Nc3ccc(Br)cc3F)ncnc2cc1OCCNC(=O)C(C)N(C)C
CHEMBL5591709,26009450,8.09,C=CC(=O)Nc1cc(Nc2nccc(-c3cn(C)c4ccccc34)n2)c(OC)cc1N(C)CCN(C)Cc1ccc(Br)cc1
CHEMBL6022124,28405820,8.22,COc1nccc2c([C@H](Nc3cc(Cl)c4ncc(C#N)c(NCC(C)(C)C)c4c3)C3=CN(C4(C)CC4)NN3)cccc12
CHEMBL5271640,25018384,7.35,C=CC(=O)Nc1cc(Nc2ncc(-c3ncco3)c(-c3cn4c5c(cccc35)CCC4)n2)c(OC)cc1N(C)CCN(C)C
CHEMBL5591255,25979181,8.83,O=C(/C=C/CN1CCCC1)Nc1ccc2ncnc3c2c1C=CN3c1ccc(OCc2ccccn2)c(Cl)c1
CHEMBL1828881,6358487,4.41,COc1ccc(CC(=O)NS(=O)(=O)c2ccc(C)cc2)cc1
CHEMBL5192750,24907643,8.64,Cc1cc(Nc2ncnc3cc(O)c(NC(=O)/C=C/[C@H]4CCCN4C)cc23)ccc1Oc1ccn2ccnc2c1
CHEMBL189779,1495666,9.03,CN(C)C/C=C/C(=O)Nc1ccc2ncnc(Nc3cccc(I)c3)c2c1
CHEMBL6013534,27750392,8.0,C=CC(=O)Nc1cc(Nc2nccc(-c3cnc4c(cnn4C)c3)n2)c(OC)cc1N(C)CCN(C)C
CHEMBL4288300,18765349,8.11,COc1cccc(Nc2cc(Nc3cc(OC)ccc3OC)ncn2)c1
CHEMBL5901440,28403351,7.8,N#CCC[C@H](Nc1c(C#N)cnc2c(Cl)cc(N[C@@H](C3=CN(C4CC4)NN3)c3ccc(F)nc3)cc12)c1ccccc1
CHEMBL2031304,10888043,9.29,CCOc1cc2ncnc(Nc3ccc(F)c(Cl)c3)c2cc1NC(=O)CCN1CCCCC1
CHEMBL3416590,15229686,5.73,COc1ccccc1-c1cc2c(N[C@@H](C)c3ccccc3)ncnc2s1
CHEMBL5982895,28405910,8.3,Cc1nc(F)ccc1[C@H](Nc1cc(Cl)c2ncc(C#N)c(NCC(C)(C)C(F)(F)F)c2c1)C1=C(F)N(C2(C(F)F)CC2)NN1
CHEMBL4553685,19293624,7.43,CCC/C=C\C(=O)Nc1cc(Nc2ncc(C#N)c(-c3cn(C)c4ccccc34)n2)c(OC)cc1N(C)CCN(C)C
CHEMBL443098,2271288,7.24,COCCCN1CCN([C@H]2CC[C@H](n3nc(-c4ccc5nc(Cc6ccccc6OC)[nH]c5c4)c4c(N)ncnc43)CC2)CC1
CHEMBL5767790,27653321,7.26,C=CC(=O)Nc1cccc(Nc2nc(Nc3ccc4c(c3)OCCO4)ncc2F)c1
CHEMBL6036276,28403675,8.22,N#Cc1cnc2c(Cl)cc(N[C@H](C3=CN(C4COC4)NN3)c3cccnc3)cc2c1Nc1cccc(Cl)c1
CHEMBL5920220,28404128,7.89,CC(C)(C)N1C=C([C@@H](Nc2cc(Cl)c3ncc(C#N)c(Nc4ccc(F)c(Cl)c4)c3c2)c2cscn2)NN1
CHEMBL5083976,24343043,8.02,C=CC(=O)N1CCC2(CC1)CNC(=O)c1cc(-c3ccnc(-c4cccc(OC)c4)n3)[nH]c12
CHEMBL3699602,16346143,8.26,C=CC(=O)Nc1cccc(Oc2nc(Nc3ccc(N4CCN(S(N)(=O)=O)CC4)cc3OC)ncc2C(F)(F)F)c1
CHEMBL4538066,19236718,6.75,COc1cc2c(Nc3ccc(NC(=O)C(C4CCCCC4)N4Cc5ccccc5C4=O)cc3F)ncnc2cc1OCC1CCN(C)CC1
CHEMBL4092788,18248385,6.56,C=CC(=O)Nc1cc(Nc2nccc(-c3cn4c5c(cccc35)CCC4)n2)c(OC)cc1N(C)CC(=O)N(C)C
CHEMBL3355884,14983528,7.54,COc1cc2ncnc(Nc3ccc(OCc4cccc(F)c4)c(Cl)c3)c2cc1OCCCCn1ccnc1[N+](=O)[O-]
CHEMBL3676392,26575867,6.02,C=CC(=O)Nc1cc2c(Nc3ccc(Br)cc3F)ncnc2cc1OCCOCCOC(=O)CC(=O)O
CHEMBL251124,2047155,8.0,CCOc1cc2ncnc(C#Cc3[nH]ccc3-c3ccccc3)c2cc1OCC
CHEMBL3233772,14586713,9.15,CN(C)CCCNC/C=C/C(=O)Nc1cc2c(Nc3ccc(F)c(Cl)c3)ncnc2s1
CHEMBL5809604,28403840,8.3,Cc1ncsc1[C@H](Nc1cc(Cl)c2ncc(C#N)c(Nc3cccc(Cl)c3F)c2c1)C1=CNNN1
CHEMBL461792,2390290,8.0,COC[C@H]1Oc2cc3ncnc(Nc4cccc(Cl)c4)c3cc2O[C@@H]1COC
CHEMBL4062178,18172241,8.15,Cc1cc(Nc2ncc3c(n2)N([C@H]2CCN(C(=O)CO)C2)C(=O)N(c2ccccc2Cl)C3)ccc1N1CCN(C)CC1
CHEMBL448172,2390186,8.18,C=CC(=O)Nc1nc2c(Cc3ccc(F)c(Cl)c3)ncnc2cc1OCCCN1CCC(C)CC1
CHEMBL4792577,22835832,9.3,COC[C@@H](Nc1ncnc2[nH]c(-c3ccc(CO)cc3OC)cc12)c1ccccc1
CHEMBL4753387,22782720,6.95,C=CC(=O)Nc1cc(Nc2cc(-n3c(SC)nnc3-c3ccc(F)cc3)ccn2)c(OC)cc1N1CCC(N2CCOCC2)CC1
CHEMBL5952457,28620569,6.08,COc1cc(C2CCNCC2)ccc1Nc1ncc(Br)c(Nc2ccccc2NS(C)(=O)=O)n1
CHEMBL178488,2390160,5.0,O=C(Nc1ccc(Br)cc1)Nc1ncnc2nn3ccccc3c12
CHEMBL2064372,10967414,7.11,O=c1oc2cc3ncnc(Nc4ccc(F)c(Cl)c4)c3cc2n1CCCN1CCOCC1
CHEMBL4094927,18060690,8.3,CCC(=O)Nc1ccc(OC)c(Nc2cc(-c3[nH]c(SC)nc3-c3ccc(F)cc3)ccn2)c1
CHEMBL3353403,15073098,5.7,C=CC(=O)Nc1cc(Nc2ncc(Cl)c(-c3cnn4ccccc34)n2)c(OC)cc1N1CC[C@@H](N(C)C)C1
CHEMBL213874,1768054,8.7,COc1cc2ncnc(Nc3cccc(Cl)c3F)c2cc1OCC1CCN(C)CC1
CHEMBL4082884,18060529,7.8,C=CC(=O)Nc1ccc(OC)c(Nc2cc(-c3[nH]c(SC)nc3C(C)(C)C)ccn2)c1
CHEMBL5777370,28403975,8.05,CC(C)N1C=C([C@@H](Nc2cc(Cl)c3ncc(C#N)c(Nc4ccc(F)c(Cl)c4)c3c2)c2cccnc2Cl)NN1
CHEMBL4214496,18535068,6.1,O=C(NC(CO)Cc1ccccc1)c1cc2cc(Cl)ccc2[nH]1
CHEMBL3639542,26576612,8.04,CC(C)N(C)C/C=C/C(=O)N1CCc2sc3ncnc(Nc4ccc(Cl)c(Cl)c4)c3c2C1
CHEMBL5755010,27653156,6.26,CC(C)=CC(=O)c1cccc(Nc2nc(Nc3cccc(S(N)(=O)=O)c3)ncc2C)c1
CHEMBL3970738,16668235,7.19,CCC(=O)Nc1cc2c(Nc3ccc(NS(=O)(=O)c4ccccc4)cc3)ncnc2cc1OC
CHEMBL5207462,24848250,7.75,CN1CCN(c2ccc(-c3ccc4c(=O)n(C(C(=O)Nc5nccs5)c5ccccc5)ncc4c3)cc2)CC1
CHEMBL4126630,18304107,9.0,C=CC(=O)Nc1cccc(-n2c(=O)n(C(C)C)c(=O)c3cnc(Nc4ccc(N5CCN(C)CC5)c(C)c4)nc32)c1
CHEMBL5203179,24907662,6.96,COCC(=O)NC/C=C/c1ccc2ncnc(Nc3ccc(Oc4cc5nncn5cn4)c(C)c3)c2c1
CHEMBL5950512,27652715,7.26,C=CC(=O)Nc1cccc(Nc2nc(Nc3ccc(N(C)CCOC)nc3)ncc2F)c1
CHEMBL5866695,28405382,7.75,Cn1ccc2c([C@H](Nc3cc(Cl)c4ncc(C#N)c(NCC(C)(C)C)c4c3)C3=CN(C4(C(F)F)CC4)NN3)ccnc21
CHEMBL5184813,24670268,7.91,C=CC(=O)N1CCC(Oc2nc(Nc3ccc(CN4CCC(CO)CC4)cc3)ncc2Cl)CC1
CHEMBL3237929,14574801,6.2,COc1cc(N2CCN(C)CC2)ccc1Nc1ncc(Cl)c(Oc2cccc(NC(=O)CCN(C)C)c2)n1
CHEMBL5434318,25536009,7.35,CN(Cc1ccccc1F)c1ncnc2[nH]c(-c3ccc(CO)cc3)cc12
CHEMBL5845962,26961250,5.89,C=C(C)C(=O)N1CCC[C@@H](n2nc(C(=O)Nc3nc4cc(F)ccc4o3)c3c(N)ncnc32)C1
CHEMBL207247,1710024,7.22,CC(=O)NCc1cccc(C#Cc2cncnc2Nc2ccc(OCc3cccc(F)c3)c(Cl)c2)c1
CHEMBL4456494,19211862,5.37,COc1cc2c(Oc3ccc(C4SCC(=O)N4NC(=O)Nc4ccc(F)cc4)cc3)ccnc2cc1OCCCN1CCOCC1
CHEMBL5633661,26164360,5.67,O=S(=O)(Nc1ccc(Nc2ncnc3[nH]ccc23)cc1)c1ccccc1
CHEMBL3774396,16499784,6.67,C#Cc1cccc(Nc2ncnc3cc4c(cc23)N(CCCN2CCCCC2)C(=O)CO4)c1
CHEMBL5428368,25691187,7.85,C=CC(=O)Nc1cccc(-c2c(-c3ccc(N4CCOCC4)cc3)oc3ncnc(NC4CCCC4)c23)c1
CHEMBL3760023,16457539,7.58,C[C@@H](Nc1ncnc2sc(-c3cccc(S(C)(=O)=O)c3)cc12)c1ccccc1
CHEMBL4460381,19110266,8.6,COc1cc(Nc2ncnc3cc(-c4cccs4)sc23)cc(OC)c1OC
CHEMBL4848093,23177935,7.18,NS(=O)(=O)c1ccc(CCNC(=S)Nc2ccc3ncnc(Nc4ccc(OCc5cccc(F)c5)c(Cl)c4)c3c2)cc1
CHEMBL3633932,15774390,7.46,CCNC(=O)Nc1ccc2ncnc(Nc3ccc(OCc4cccc(F)c4)c(Cl)c3)c2c1
CHEMBL2347965,12722986,7.54,CC(=O)Nc1cccc(-c2c(-c3ccccc3)oc3ncnc(N[C@H](CO)c4ccccc4)c23)c1
CHEMBL4208712,18456101,6.0,COc1cc(N2CCN(C)CC2)ccc1Nc1ncc(Cl)c(Oc2ccccc2NC(=O)CCO)n1
CHEMBL231663,1951302,6.0,COC(=O)C1CCN(Cc2ccn3ncnc(Nc4ccc5c(cnn5Cc5cccc(F)c5)c4)c23)CC1
CHEMBL4548960,19293619,8.1,CCC/C=C\C(=O)Nc1cc(Nc2nc(C)cc(-c3cn(C)c4ccccc34)n2)c(OC)cc1N(C)CCN(C)C
CHEMBL5420623,25665194,8.74,CCS(=O)(=O)Nc1nc(-c2ccc(F)cc2)c(-c2ccnc(Nc3ccc(N4CCN(C)CC4)cc3)n2)s1
CHEMBL4792426,22844239,8.72,O=C(Nc1cc2c(Nc3ccc(F)c(Cl)c3)ncnc2cc1OCCCN1CCNCC1)c1cc([N+](=O)[O-])ccc1F
CHEMBL5982869,28620662,5.72,COc1cc(C2CCN(CCO)CC2)ccc1Nc1ncc(Cl)c(Nc2ccccc2NS(C)(=O)=O)n1
CHEMBL4788364,22782723,6.84,C=CC(=O)Nc1cccc(Nc2cc(-n3c(CCCO)nnc3-c3ccc(F)cc3)ccn2)c1
CHEMBL5591745,25955022,6.76,C=CC(=O)Nc1cc2c(Oc3ccc(NC(=O)c4sc(-c5ccccc5)nc4C)cc3F)cccc2cc1OC
CHEMBL6016272,27653087,7.26,C=CC(=O)N1CCC(Nc2nc(Nc3cccc(OC)c3)ncc2F)C1
CHEMBL3676390,26587514,6.23,C=CC(=O)Nc1cc2c(Nc3ccc(Br)cc3F)ncnc2cc1OCCNC(=O)CC
CHEMBL6003270,28403306,8.575,Cc1nc(F)ccc1[C@](O)(Nc1cc(Cl)c2ncc(C#N)c(N[C@H](CCC#N)c3ccccc3)c2c1)C1=CN(C2CC2)NN1
CHEMBL4536115,19114772,6.19,COc1cc2c(Oc3ccc(NS(=O)(=O)c4ccccc4C(F)(F)F)cc3F)ccnc2cc1OCCCN1CCOCC1
CHEMBL6035726,28404533,8.15,Cn1cnc2cccc([C@H](Nc3cc(Cl)c4ncc(C#N)c(NCC(C)(C)C)c4c3)C3=CN(C4(C(F)(F)F)CC4)NN3)c21
CHEMBL3237944,14574933,5.68,CCOC(=O)C1=C(N)N(c2cccnc2)C2=C(C(=O)CCC2)C1c1c(C)nn(-c2ccccc2)c1Cl
CHEMBL1082012,3222531,6.59,Cc1c(C(=O)NCCN2CCN(C)CC2)[nH]c2cnnc(Nc3ccc(OCc4cccc(F)c4)c(Cl)c3)c12
CHEMBL4100860,18060744,8.1,C=CC(=O)Nc1ccc(OC)c(Nc2cc(-c3[nH]c(CCCO)nc3-c3ccc(F)cc3)ccn2)c1
CHEMBL6026532,27653333,7.26,C=CC(=O)Nc1cccc(Nc2nc(Nc3ccc(Cl)c(OCC(O)CO)c3)ncc2F)c1
CHEMBL3233792,14586733,8.52,O=C(/C=C/CN1CCOCC1)Nc1cc2c(Nc3ccc(F)c(Cl)c3)ncnc2s1
CHEMBL5945719,26750219,7.72,Cc1cc(C(=O)N[C@@H]2[C@H]3Oc4ccc(Oc5ccnc6c5CCC(=O)N6)cc4[C@@H]23)ccc1CO
CHEMBL5900488,28405967,8.7,COC1=C([C@@H](Nc2cc(Cl)c3ncc(C#N)c(NCC(C)(C)C)c3c2)c2ccc(F)nc2C)NNN1C1CC1
CHEMBL3234867,14568934,6.43,Cc1ncc([N+](=O)[O-])n1CC(=O)N/N=C/c1cc2ccccc2nc1Oc1ccc(F)cc1
CHEMBL4758107,22848914,6.25,CNC(=O)CN1CC[C@H](n2c(Nc3ccc(F)cc3)nc3cnc(Nc4ccc(N5CCN(C)CC5)cc4)nc32)C1
CHEMBL4434788,18923696,7.46,CC(C)(O)Cn1/c(=N/C(=O)c2ccnc(-c3ccccc3)c2)[nH]c2ccccc21
CHEMBL4082362,18060688,8.35,C=CC(=O)Nc1ccc(OC)c(Nc2cc(-c3[nH]c(SC)nc3C3CCCC3)ccn2)c1
CHEMBL3671563,26587622,7.44,C=CC(=O)Nc1cc2c(Nc3ccc(Br)cc3F)ncnc2cc1OCCNC(=O)N1CCOCC1
CHEMBL4094546,18155520,5.62,Cc1nc(C)c(/C=C2\CC(C)C/C(=C\c3nc(C)c(C)nc3C)C2=NO)nc1C
CHEMBL4787536,22782716,6.63,C=CC(=O)Nc1cccc(Nc2cc(-n3c(SC)nnc3-c3ccc(F)cc3)ccn2)c1
CHEMBL3263959,14652512,5.12,COc1cc2c(Oc3ccc(NC(=O)c4c(C)n(C)n(-c5ccccc5)c4=O)cc3F)ccnc2cc1OCCCN1CCN(C)CC1
CHEMBL3676352,26587739,7.38,C=CC(=O)Nc1cc2c(Nc3cc(OC)c(Cl)cc3Cl)ncnc2cc1OCCNC(C)=O
CHEMBL5785289,28406012,5.02,Cc1nc(F)ccc1[C@H](Nc1cc(Cl)c2ncc(C#N)c(NCC(C)(C)C)c2c1F)C1=CN(C2(C(F)F)CC2)NN1
CHEMBL203599,1681970,9.3,CN1CCN(CCC#CC(=O)Nc2cc3c(Nc4ccc(F)c(Cl)c4)ncnc3cn2)CC1
CHEMBL5953300,26961367,7.94,C=CC(=O)N1CCC(Cn2nc(C(=O)Nc3nc4ccccc4o3)c3c(N)ncnc32)CC1
CHEMBL6022830,27652769,6.76,C=CC(=O)Nc1cccc(Nc2nc(Nc3ccc(OC)nc3)ncc2F)c1
CHEMBL180022,22408223,9.1,CCOc1cc2ncc(C#N)c(Nc3ccc(OCc4ccccn4)c(Cl)c3)c2cc1NC(=O)/C=C/CN(C)C
CHEMBL6012396,28405343,8.52,CCC1(N2C=C([C@@H](Nc3cc(Cl)c4ncc(C#N)c(NCC(C)(C)C)c4c3)c3ccc(F)nc3C)NN2)CC1
CHEMBL6012240,28404653,8.7,Cn1cnc2cccc([C@H](Nc3cc(C#N)c4ncc(C#N)c(NCC(C)(C)C)c4c3)C3=CN(C4(C(F)F)CC4)NN3)c21
CHEMBL4170121,22835806,9.22,COc1cccc(OC)c1-c1cc2c(N[C@H](C)c3ccccc3)ncnc2[nH]1
CHEMBL5437252,25691167,7.52,C=CC(=O)Nc1cccc(-c2c(-c3ccccc3)oc3ncnc(N[C@@H](C)CO)c23)c1
CHEMBL5943408,28404887,8.4,Cc1nc(F)ccc1[C@H](Nc1cc(C#N)c2ncc(C#N)c(NCC(C)(C)C)c2c1)C1=CN(Cc2c(F)cccc2F)NN1
CHEMBL2426248,13446031,5.64,COc1ccc(NC(=O)CCCN(C)C)cc1Nc1ncc(Cl)c(-c2cnn3ccccc23)n1
CHEMBL5405276,25533348,6.66,CCC(=O)Nc1cc(Nc2nccc(-c3cn(C)c4ccccc34)n2)cc2cnn(CCN(C)C)c12
CHEMBL212251,1766869,7.07,CCCN(CCS(C)(=O)=O)Cc1ccc(-c2ccc3ncnc(Nc4ccc(OCc5cccc(F)c5)c(Cl)c4)c3c2)o1
CHEMBL4474429,19112705,5.55,COc1cccc(/C=C/C(=O)c2ccc(NC(=O)c3cc4cc5cc(OC)ccc5nc4s3)cc2)c1
CHEMBL3754785,16436354,7.18,COc1ccc(-c2cc(NC(=O)Nc3ccccn3)cc(OC)c2OC)cn1
CHEMBL3900054,16895198,6.69,COc1cc2ncnc(Nc3cccc(Cl)c3F)c2cc1OC1CCN(C(=O)CO)CC1
CHEMBL3263379,14655706,5.49,Cc1ccc(C2=NN(C3=NC(=O)CS3)C(c3ccc4ccccc4c3)C2)cc1
CHEMBL3357652,15112215,8.46,CCOc1cc2ncnc(Nc3ccc(OCC4CC4)c(Cl)c3)c2cc1NC(=O)/C(F)=C/CN(C)C
CHEMBL3234749,14571461,7.33,Cc1ccc(C(=O)Nc2ccc(CN3CCN(C)CC3)c(C(F)(F)F)c2)cc1NC(=O)c1cnc(NC2CCCCC2)nc1
CHEMBL3325476,15118445,5.09,COC(=O)C1=C(N)N(c2cccnc2)C2=C(C(=O)CCC2)C1c1cc2cc(Cl)ccc2n2nnnc12
CHEMBL6033743,27653057,5.26,C=CC(=O)N1CCCC(Oc2nc(Nc3ccc(OC)nc3)ncc2F)C1
CHEMBL5879924,27737894,6.26,COc1ccccc1C(=O)NCc1ccc(-c2nn([C@@H]3C[C@@H](O)C4CC43)c3ncnc(N)c23)cc1
CHEMBL4102214,17967053,4.35,c1ccc(C(c2ccccc2)c2nnc(Cc3nc4ccccc4[nH]3)o2)cc1
CHEMBL5964825,27652973,5.26,C=C(C#N)C(O)c1cccc(Nc2nc(Nc3cccc(OC(F)(F)F)c3)ncc2F)c1
CHEMBL5805459,26750120,8.96,CN1CCC(Oc2ccc(C(=O)N[C@@H]3[C@H]4Oc5ccc(Oc6ccnc7c6CCC(=O)N7)cc5[C@@H]34)cc2C(F)(F)F)CC1
CHEMBL3088222,13833375,5.59,Cc1ncc([N+](=O)[O-])n1C/C(=N/NC(=O)c1ccccc1O)c1ccc(Br)cc1
CHEMBL3815163,18048491,7.97,S=C(NCCN1CCOCC1)Nc1ccc2ncnc(Nc3cccc(Br)c3)c2c1
CHEMBL5907571,28404320,8.15,CC[C@@H](Nc1c(C#N)cnc2c(C#N)cc(N[C@H](C3=CN(C4(C(F)(F)F)CC4)NN3)c3cccc4ncsc34)cc12)c1ccccc1
CHEMBL3297998,14752177,6.47,CCCCN(c1ccc(OC)cc1)c1nc(C)nc2oc(C)cc12
CHEMBL4214567,19132112,7.14,O=C(Nc1nccs1)C(c1cc(F)ccc1O)N1Cc2ccccc2C1=O
CHEMBL3612595,15698275,8.06,CCOC(=O)CCCn1c(=O)oc2cc3ncnc(Nc4cccc(O)c4)c3cc21
CHEMBL4166210,18423643,6.85,C=CC(=O)Nc1cc(Nc2nccc(Nc3ccccc3-n3cccn3)n2)c(OC)cc1N1CCN(C)CC1
CHEMBL52765,13453585,7.67,Nc1ccc2ncnc(Nc3cccc(Br)c3)c2c1
CHEMBL3671491,26587403,8.7,C=CC(=O)Nc1cc2c(Nc3ccc(Br)cc3F)ncnc2cc1OCCNC(C)=O
CHEMBL5831214,28404062,8.4,N#Cc1cnc2c(Cl)cc(N[C@H](C3=CN(CCN4CCCCC4)NN3)c3cccnc3)cc2c1Nc1ccc(F)c(Cl)c1
CHEMBL186080,1462335,6.82,Cc1cc2c(Nc3ccc(F)c(Cl)c3)ncnn2c1
CHEMBL4584651,19287509,6.83,CC(C)=CC[C@@H](OC(=O)/C=C\C(=O)c1cc(Cl)ccc1C)C1=CC(=O)c2c(O)ccc(O)c2C1=O
CHEMBL4587811,19114555,6.55,COc1cc2c(Oc3ccc(NS(=O)(=O)c4ccccc4C(F)(F)F)cc3F)ccnc2cc1OCCCN1CCN(C)CC1
CHEMBL5895064,28162805,6.97,NC(=O)c1c(-c2ccc(Oc3ncc(Cl)cc3F)cc2)nn([C@@H]2CCCN(C(=O)/C=C/C(F)F)C2)c1N
CHEMBL5568120,25866179,5.54,C=CC(=O)N1CC[C@H](n2cc(-c3ccncc3)c(-c3cccc(NC(=O)c4ccc5c(c4)CN(C)C5=O)c3)n2)C1
CHEMBL5819204,27737876,6.26,COc1ccc(F)cc1C(=O)NCc1ccc(-c2nn(C(C)(C)C)c3ncnc(N)c23)cc1
CHEMBL4519305,19187570,7.7,N#Cc1cnc2cc(OC[C@H](O)CO)c(NC(=O)C3CSSC3)cc2c1Nc1ccc(OCc2cccc(F)c2)c(Cl)c1
CHEMBL1958223,8049027,5.05,COc1ccc(C2=NN(C3=NC(=O)CS3)C(c3ccc(OC)cc3)C2)cc1
CHEMBL4534719,19310361,7.75,C=CC(=O)Nc1cccc(-c2c(-c3ccccc3)sc3ncnc(N[C@H](CO)c4ccccc4)c23)c1
CHEMBL2347958,18427570,8.15,CN(C)C/C=C/C(=O)Nc1cc2c(Nc3ccc(F)c(Cl)c3)ncnc2cc1O[C@@H]1CCOC1
CHEMBL4098412,18060687,7.92,CSc1nc(-c2ccc(F)cc2)c(-c2ccnc(Nc3cc(N4CCN(C)CC4)cc([N+](=O)[O-])c3)c2)[nH]1
CHEMBL5743835,26961283,6.58,CC#CC(=O)N1CCC[C@@H](n2nc(C(=O)Nc3nc4ccccc4o3)c3c(N)ncnc32)C1
CHEMBL6001160,28403240,7.16,CC(C)N1C=C([C@@H](Nc2cc(Cl)c3ncc(C#N)c(Nc4ccc(F)c(Cl)c4)c3c2)c2ccc3c(c2)CNCC3)NN1
CHEMBL4276965,18765348,6.33,COc1ccc(OC)c(Nc2cc(Nc3ccc(S(N)(=O)=O)cc3)ncn2)c1
CHEMBL5177272,24848256,9.22,CN1CCC(c2ccc(-c3cc(F)c4ncn(C(C(=O)Nc5nccs5)c5ccccc5)c(=O)c4c3)cc2)CC1
CHEMBL3671475,26587352,8.52,C=CC(=O)Nc1cc2c(Nc3ccc(Br)cc3F)ncnc2cc1OCC1CCN(C(C)=O)CC1
CHEMBL4202955,18456073,5.3,COc1cc(N2CCN(C)CC2)ccc1Nc1ncc(Cl)c(Oc2cccc(NC(=O)/C=C/CN(C)C)c2)n1
CHEMBL3671496,26587418,8.7,C=CC(=O)Nc1cc2c(Nc3ccc(Br)cc3F)ncnc2cc1OCCNC(=O)NCC
CHEMBL2031303,10888042,9.57,CCOc1cc2ncnc(Nc3ccc(F)c(Cl)c3)c2cc1NC(=O)CCN(C)C
CHEMBL4784777,22835822,9.4,COc1cc(CNCCS(C)(=O)=O)ccc1-c1cc2c(N[C@H](CO)c3ccccc3)ncnc2[nH]1
CHEMBL2385975,13322656,6.1,CCOc1cc(N)c(C(=O)Nc2ccc(OCc3ccccn3)c(Cl)c2)cc1NC(=O)/C=C/CN(C)C
CHEMBL2216827,27653300,6.26,C=CC(=O)Nc1cccc(Nc2nc(Nc3ccc(Oc4ccnc(C(=O)NC)c4)cc3)ncc2F)c1
CHEMBL5203821,24823388,6.44,COc1cc(N(C)CCN(C)C)c(NC(=O)c2cccnc2)cc1Nc1nccc(-c2cn(C)c3ccccc23)n1
CHEMBL248116,2038904,7.44,NC1CCN(Cc2ccn3ncnc(Nc4ccc(OCc5ccccn5)c(Cl)c4)c23)CC1
CHEMBL4224932,18577503,7.1,C=CC(=O)Nc1cccc(NC(=O)Nc2ccnc(Nc3ccc(N4CCC(N5CCN(C)CC5)CC4)cc3OC)n2)c1
CHEMBL3754803,16444038,7.63,C=CC(=O)Nc1cccc(-n2c(=O)cc(C)c3cnc(Nc4ccc(N5CCN(C)CC5)cc4C)nc32)c1
CHEMBL5175316,24823389,7.06,COc1ccc(C(=O)Nc2cc(Nc3nccc(-c4cn(C)c5ccccc45)n3)c(OC)cc2N(C)CCN(C)C)nc1
CHEMBL5183327,24902218,6.78,Nc1ccc2ncnc(Nc3cccc4c3CCCC4)c2c1
CHEMBL3360615,14974595,7.45,COc1cc2c(Nc3ccc(OCc4cccc(F)c4)c(Cl)c3)ncnc2cc1OCCCCCCn1ccnc1[N+](=O)[O-]
CHEMBL6006814,28170560,5.29,COc1cc(OC2CCN(C)CC2(F)F)c2c(Nc3ccc(Oc4ccn5ncnc5c4)c(C)c3)ncnc2c1
CHEMBL5398132,25691197,7.58,C=CC(=O)Nc1cc(-c2c(-c3ccccc3)oc3ncnc(NC4CCCC4)c23)ccc1OCCN(C)C
CHEMBL3753142,16435158,7.11,O=C(Nc1cc(-c2cccnc2)cc(C(F)(F)F)c1)Nc1nccs1
CHEMBL4225517,18577536,6.77,C=CC(=O)Nc1cccc(NC(=O)Nc2ccnc(Nc3ccc(N(C)C)cc3)n2)c1
CHEMBL4083493,17967069,4.48,Clc1ccc2nc(Cc3nnc(-c4ccccc4Cl)o3)[nH]c2c1
CHEMBL3133752,13973668,7.09,COc1cc2ncnc(Nc3cccc(NC(=O)Nc4ccc(Cl)c(C(F)(F)F)c4)c3)c2cc1OCCCN1CCOCC1
CHEMBL5821349,28403933,8.52,Cc1ncccc1[C@H](Nc1cc(Cl)c2ncc(C#N)c(Nc3ccc(F)c(Cl)c3)c2c1)C1=CN(C(C)C)NN1
CHEMBL3416617,15229701,5.68,C[C@@H](Nc1ncnc2sc(Br)cc12)c1ccccn1
CHEMBL5558740,25864519,6.65,COc1cc(OCc2cccc(-c3ccccc3)c2C)ccc1CNCCCCOc1cc2c(Nc3ccc(F)c(Cl)c3)ncnc2cc1OC
CHEMBL6053138,28403942,8.1,CC(C)(C)N1CCC(N2C=C([C@@H](Nc3cc(Cl)c4ncc(C#N)c(Nc5ccc(F)c(F)c5)c4c3)c3cccnc3)NN2)CC1
CHEMBL4237916,18676733,8.15,CCCN(c1ccc(OC)cc1)c1ncnc2occ(C)c12
CHEMBL5612046,26110320,5.07,O=C1CN(c2nc(Nc3ccccc3[N+](=O)[O-])nc(Nc3ccccc3[N+](=O)[O-])n2)C(=O)S1
CHEMBL4102389,17998441,8.47,C=CC(=O)Nc1cc(CC)cc(-n2c(=O)cc(C)c3cnc(Nc4ccc(N5CCN(C)CC5)cc4OC)nc32)c1
CHEMBL3633934,15774388,7.64,CCOC(=O)C(=CNc1ccc2ncnc(Nc3ccc(Oc4cccc(C(F)(F)F)c4)c(Cl)c3)c2c1)C(=O)OCC
CHEMBL5572660,25979183,8.72,CN1CCC[C@@H]1/C=C/C(=O)Nc1ccc2ncnc3c2c1C=CN3c1ccc(OCc2ccccn2)c(Cl)c1
CHEMBL3647423,26589086,8.7,CCOc1cc2ncnc(Nc3ccc(F)c(Cl)c3)c2cc1NC(=O)/C=C/[C@H]1CCCN1C
CHEMBL4756368,22408238,10.0,C=CC(=O)Nc1cc(-c2c[nH]c3ncnc(Nc4ccc5c(cnn5Cc5ccccc5)c4)c23)ccc1OCCO
CHEMBL3622634,15743479,6.99,COCCOc1cc2ncnc(Nc3ccc(NC(=O)/C=C/CN(C)C)c(C(F)(F)F)c3)c2cc1NC(=O)/C=C/CN(C)C
CHEMBL5758598,28405019,7.96,Cc1nc(F)ccc1[C@H](Nc1cc(Cl)c2ncc(C#N)c(NCC(C)(C)C)c2c1)C1=CN(C2CC(F)(F)C2)NN1
CHEMBL474141,2390229,9.14,C=CC(=O)NC1=NC=C2N=CN=C(Nc3ccc(F)c(Br)c3)C21
CHEMBL6013504,27322373,7.73,C=CC(=O)Nc1cc(Nc2ncc(Cl)c(Nc3ccccc3C(=O)C(=O)N(C)C)n2)ccc1OCCN(C)C
CHEMBL4522240,18945171,8.85,COc1cc2ncnc(Nc3ccc(OCc4cccc(F)c4)c(Cl)c3)c2cc1OCCCN1CCNCCNCCNCC1
CHEMBL365805,1495672,4.89,C=CC(=O)Nc1cc2c(Nc3cccc(Br)c3)ncnc2cc1N1CCN(C)CC1
CHEMBL24828,19073792,7.7,COc1cc2/c(=N/c3ccc(Br)cc3F)nc[nH]c2cc1OCC1CCN(C)CC1
CHEMBL4856453,23203426,7.48,COc1ccc(-c2coc3cc(OCC(=O)N/C=C\c4ccc(O)cc4)ccc3c2=O)cc1
CHEMBL3086102,13826557,8.04,C=CC(=O)N1CC[C@H](N2C(=O)N(c3ccccc3)Cc3cnc(Nc4ccc(N5CCN(C)CC5)c(C)c4)nc32)C1
CHEMBL5612882,26111495,4.31,N#Cc1ccc(-c2cn3c(CC(=O)N/N=C/c4ccccc4)csc3n2)cc1
CHEMBL4643111,20708019,7.35,CN1CCN(C/C=C/C(=O)N2CCOc3cc4ncnc(Nc5ccc(OCc6cccc(F)c6)c(Cl)c5)c4cc32)CC1
CHEMBL5911677,28403984,8.15,CC(C)(C)N1CCC(N2C=C([C@@H](Nc3cc(Cl)c4ncc(C#N)c(Nc5ccc(F)c(Cl)c5)c4c3)c3csc(N4CCOCC4)n3)NN2)CC1
CHEMBL5767274,28405451,8.3,CN1C=C([C@@H](Nc2cc(Cl)c3ncc(C#N)c(NCC(C)(C)C)c3c2)c2cccc3c(=O)n(C)ccc23)NN1
CHEMBL3263964,14652517,7.03,COc1cc2c(Oc3ccc(NS(=O)(=O)c4cccc(-c5ccsc5)c4)cc3F)ccnc2cc1OCCCN1CCN(C)CC1
CHEMBL3699589,16290285,7.7,C=CC(=O)Nc1cccc(Oc2nc(Nc3ccc(N4CCN(C(=O)CO)CC4)cc3OC)ncc2C(F)(F)F)c1
CHEMBL5440626,25691188,8.7,C=CC(=O)Nc1cccc(-c2c(-c3ccc(N4CCN(C)CC4)cc3)oc3ncnc(NC4CCCC4)c23)c1
CHEMBL291986,1170279,5.37,N#C/C(=C\c1ccc(O)c(O)c1)C(=O)N1CCN(c2ccccc2)CC1
CHEMBL5797069,26961346,7.75,CN(C)C/C=C/C(=O)N1CC[C@@H](n2cc(C(=O)Nc3nc4cc(-c5ccccc5)ccc4o3)c3c(N)ncnc32)C1
CHEMBL5886152,28883546,4.58,CN(C)C/C=C/C(=O)N1CCC(Nc2cncc(-c3cnc(Nc4cccc(Cl)c4)nc3)c2)CC1
CHEMBL6060697,28405292,8.52,CN1Cc2c(cccc2[C@H](Nc2cc(Cl)c3ncc(C#N)c(NCC(C)(C)C)c3c2)C2=CN(C3(C(F)F)CC3)NN2)C1=O
CHEMBL437885,1715590,6.44,COc1cc2ncnc(Nc3cccc(Cl)c3F)c2cc1CN1CCCC1
CHEMBL4871985,23256355,7.3,CNC(=O)c1ccccc1Nc1nc(Nc2ccc(N3CCC(C(=O)NO)CC3)cc2)ncc1Cl
CHEMBL298679,1175565,6.14,COc1ccc(NC(=O)Nc2nc3nc(NCCCN4CCN(C)CC4)ncc3cc2-c2c(Cl)cccc2Cl)cc1
CHEMBL297968,868596,7.05,C=CC(=O)Nc1ccc2c(Nc3cccc(C)c3)ncnc2c1
CHEMBL3297898,14752140,7.17,COc1ccc(N(C)c2nc(C)nc3oc(C)cc23)cc1
CHEMBL3741219,16404707,6.12,CN(C)C/C=C/C(=O)Nc1cccc(Nc2nc(N/N=C/c3cn(Cc4ccccc4)c4ccccc34)ncc2Cl)c1
CHEMBL3952877,16739490,7.55,COC[C@@H](Nc1ncnc2oc(-c3ccccc3)cc12)c1ccccc1
CHEMBL3674152,16301315,8.15,COc1cc(C(=O)NN2CCN(C)CC2)ccc1Nc1ncc2nc(Nc3ccccc3)n(C(C)C)c2n1
CHEMBL4088200,17989465,6.82,O=C(Nc1ccc2nccc(Nc3cccc(Cl)c3)c2c1)C1CCC2(CC1)OOC1(O2)C2CC3CC(C2)CC1C3
CHEMBL5420051,25691173,7.21,C=CC(=O)Nc1cccc(-c2c(-c3ccccc3)oc3ncnc(NCCC(=O)O)c23)c1
CHEMBL4159404,18423647,7.42,C=CC(=O)Nc1cc(Nc2nccc(Nc3ccccc3-c3ccn(C)n3)n2)c(OC)cc1N1CCC(N(C)C)CC1
CHEMBL248877,2271255,6.44,Nc1ncnc2c1c(-c1ccc3nc(Cc4cccs4)[nH]c3c1)nn2[C@H]1CC[C@H](N2CCOCC2)CC1
CHEMBL5815266,28404647,7.57,Cn1ncc2cccc([C@H](Nc3cc(Cl)c4ncc(C#N)c(NCC(C)(C)C)c4c3)C3=CN(C4(C(F)(F)F)CC4)NN3)c21
CHEMBL5975399,28403864,8.22,C[C@@H](Nc1c(C#N)cnc2c(Cl)cc(N[C@H](C3=CN(C4CCN(C(C)(C)C)CC4)NN3)c3cccnc3)cc12)c1ccccc1
CHEMBL5274133,25105708,7.46,CN1CCN(c2ccc(Nc3ncc(Br)c(Nc4ccc5c(c4)CCC5)n3)cc2)CC1
CHEMBL6017494,28405835,8.52,CC(C)(CNc1c(C#N)cnc2c(Cl)cc(N[C@H](C3=CN(C4(C(F)F)CC4)NN3)c3ccc(F)c4ncccc34)cc12)C(F)(F)F
CHEMBL5594407,25979168,7.49,CN(C)C/C=C/C(=O)Nc1ccc2ncnc3c2c1CCN3c1ccc(OCc2cccc(F)c2)c(Cl)c1
CHEMBL3676389,26587856,7.75,C=CC(=O)Nc1cc2c(Nc3ccc(Br)cc3F)ncnc2cc1OCCNC(=O)C(C)N
CHEMBL3699615,16265515,8.26,C=CC(=O)Nc1cccc(Nc2nc(Nc3ccc(N4CCN(S(C)(=O)=O)CC4)cc3OC)ncc2Cl)c1
CHEMBL3740577,16404697,6.24,C=CC(=O)Nc1cccc(Nc2nc(N/N=C/c3ccc(F)cc3)ncc2Cl)c1
CHEMBL3699620,16332455,7.7,C=CC(=O)Nc1cccc(Oc2nc(Nc3ccc(N4CCN(C(=O)OC(C)(C)C)CC4)cc3OC(F)(F)F)ncc2Cl)c1
CHEMBL208144,1721403,7.09,CN(CCCl)C(=O)Nc1ccc2ncnc(Nc3cccc(Cl)c3)c2c1
CHEMBL3425669,15257655,5.66,COc1cc(N2CCN(C)CC2)ccc1Nc1ncc(Cl)c(Oc2cccc(NC(=O)/C(=C/c3ccc(N(C)C)cc3)C(F)(F)F)c2)n1
CHEMBL391779,2038923,7.2,CNC1CCN(Cc2ccn3ncnc(Nc4ccc5c(cnn5Cc5cccc(F)c5)c4)c23)CC1
CHEMBL5275642,25098097,8.8,COc1cc(N2CCN(C)CC2)ccc1Nc1ncc(C(=O)OC(C)C)c(-c2cn(C)c3ccccc23)n1
CHEMBL3699583,16348584,8.26,C=CC(=O)Nc1cccc(Oc2nc(Nc3ccc(N4CCN(C(=O)CO)CC4)cc3OC)ncc2Cl)c1
CHEMBL5857553,26811058,8.32,COCC1CCN1C/C=C/C(=O)Nc1cc2c(Nc3ccc(F)c(Cl)c3)ncnc2cc1OC[C@@H]1COCCO1
CHEMBL4438856,19168242,7.33,C=CC(=O)Nc1cc(Nc2nccc(NC(=O)c3ccc(C(F)(F)F)cc3)n2)c(OC)cc1N(C)CCN(C)C
CHEMBL3655348,26576600,8.0,CN(C)C/C=C/C(=O)N1CCc2c(sc3ncc(C#N)c(Nc4ccc(F)c(Cl)c4)c23)C1
CHEMBL4096021,18248414,8.92,C=CC(=O)Nc1cc(Nc2cc(-c3cn4c5c(cccc35)CCC4)ncn2)c(OC)cc1N(C)CCN(C)C
CHEMBL209818,1721398,5.94,Cc1cccc(Nc2ncnc3ccc(N(C)C(=O)N(CCCl)N=O)cc23)c1
CHEMBL5828306,27070187,5.26,CN(C)C(=O)N[C@@H]1CCCN(c2cnc(C(N)=O)c(Nc3ccc(C4CCN(C5COC5)CC4)cc3)n2)C1
CHEMBL6030528,26961361,7.17,Nc1ncnc2c1c(C(=O)Nc1nc3cc(-c4ccccc4)ccc3o1)cn2[C@@H]1CCN(C(=O)/C=C/CN2CCCCC2)C1
CHEMBL5631269,26154076,7.26,COCCOc1cc2ncnc(Nc3cc(Cl)cc(OS(=O)(=O)F)c3)c2cc1OCCOC
CHEMBL5612021,26110322,7.39,Cc1nc2cc(Br)c(Br)cc2c(=O)n1-c1ccc(Nc2nc(Nc3ccc(Cl)cc3)nc(N3CCCCC3)n2)cc1
CHEMBL1173651,3364621,5.49,Cc1ncc([N+](=O)[O-])n1CCOC(=O)/C=C/c1ccc(Br)cc1
CHEMBL5572504,25979169,9.8,CN(C)C/C=C/C(=O)Nc1ccc2ncnc3c2c1C=CN3c1cccc(Cl)c1F
CHEMBL233324,1951293,6.62,O=C1CCN(Cc2ccn3ncnc(Nc4ccc5c(cnn5Cc5cccc(F)c5)c4)c23)CCN1
CHEMBL1090354,3240728,7.0,O=C(Nc1ccccc1)Nc1cccc(-c2nc3sccn3c2-c2ccnc(Nc3ccc(N4CCOCC4)cc3)n2)c1
CHEMBL4463766,19146020,7.19,C=CC(=O)Nc1cc(Nc2nccc(-c3cn(C)c4ccccc34)n2)c(OC)cc1N1CCSCC1
CHEMBL5401094,25665179,7.55,COc1cc(N2CCC(N3CCN(C)CC3)CC2)c(C)cc1Nc1nccc(-n2ccnc2-c2ccc(F)cc2)n1
CHEMBL3633143,15771535,8.4,C=CC(=O)Nc1cccc(-n2c(=O)cc(C)c3cnc(Nc4ccc(N5CCN(C)CC5)cc4OC)nc32)c1
CHEMBL3942999,16668228,6.41,CCC(=O)Nc1cc2c(Nc3ccc(Cc4ccncc4)cc3)ncnc2cc1OC
CHEMBL4593230,19030001,6.82,C=CC(=O)N1CCC[C@@H]1COc1nc(Nc2ccc(N3CCN(C(C)=O)CC3)cc2)nc2[nH]cc(-c3cncc(NC)n3)c12
CHEMBL6056699,28405073,8.52,Cc1nc(F)ccc1[C@H](Nc1cc(Cl)c2ncc(C#N)c(NCC(C)(C)C)c2c1)C1=C(F)N(C2CC2)NN1
CHEMBL3897363,16666140,8.1,CN1CCN(c2ccc(Nc3ncnc4cc5oc(=O)n(CCOC(=O)CBr)c5cc34)cc2Cl)CC1
CHEMBL510396,2390199,9.43,O=C(O)/C=C/C(=O)Cc1ccc2ncnc(Nc3cccc(Br)c3)c2c1
CHEMBL4636996,20708032,7.1,CCN(CC)C/C=C/C(=O)N1CCCOc2cc3ncnc(Nc4ccc(OCc5cccc(F)c5)c(Cl)c4)c3cc21
CHEMBL5771679,26839009,8.0,CC(C)(C)CNc1ncnc2c(Cl)cc(NC(c3ccc(F)cc3)c3cn(C4(C(F)(F)F)CC4)nn3)cc12
CHEMBL5180894,24741575,9.57,CCc1cc(Nc2ncc(Br)c(Nc3ccc4nccnc4c3P(C)(C)=O)n2)c(OC)cc1N1CCC(N2CCCN(C)CC2)CC1
CHEMBL2426287,13446019,7.07,COc1ccc(NC(=O)/C=C/CN(C)C)cc1Nc1ncc(Cl)c(-c2c[nH]c3ccccc23)n1
CHEMBL3746387,16416934,4.67,COc1ccc(C2=NN(C(C)=O)C(c3ccc(C(=O)OC(C)Cn4c([N+](=O)[O-])cnc4C)cc3)C2)cc1
CHEMBL2333998,12712347,6.38,COc1cc2ncnc(Nc3cccc(C#N)c3)c2cc1OC
CHEMBL3355880,14983524,9.25,C#Cc1cccc(Nc2ncnc3cc(OC)c(OCCCCn4ccnc4[N+](=O)[O-])cc23)c1
CHEMBL3676358,26587757,7.7,C=CC(=O)Nc1cc2c(Nc3cc(Cl)c(Cl)cc3F)ncnc2cc1OCCNC(=O)COC
CHEMBL4094086,18248395,7.89,C=CC(=O)Nc1cc(Nc2nc(OC)cc(-c3cn(C)c4ccccc34)n2)c(OC)cc1N(C)CCN(C)C
CHEMBL4081732,18060694,7.4,N#CCCSc1nc(-c2ccc(F)cc2)c(-c2ccnc(Nc3ccccc3)c2)[nH]1
CHEMBL3699586,16303701,8.26,C=CC(=O)Nc1cccc(Nc2nc(Nc3ccc(N4CCN(C(C)=O)CC4)cc3OC)ncc2Cl)c1
CHEMBL3671578,26587670,6.9,C=CC(=O)Nc1cc2c(Nc3ccc(Br)cc3F)ncnc2cc1OCC1=NCCO1
CHEMBL5287550,25105701,7.46,CN1CCN(c2ccc(Nc3ncc(Br)c(Nc4ccc5[nH]ccc5c4)n3)cc2)CC1
CHEMBL4125940,18304106,8.17,C=CC(=O)Nc1cccc(-n2c(=O)n(C(C)C)c(=O)c3cnc(Nc4ccc(N5CCN(C)CC5)c(OC)c4)nc32)c1
CHEMBL4859375,23195377,9.27,C#Cc1cccc(Nc2ncnc3cc(OC)c(OCCCCCCCN/C(=N\C#N)Nc4cccnc4)cc23)c1
CHEMBL3805283,16588560,7.54,CC(C)Oc1cc2ncnc(Nc3ccc(F)c(Cl)c3)c2c2c1OCCO2
CHEMBL3604912,15685138,6.3,C=CC(=O)Nc1cccc(-c2nc(Nc3cc[nH]n3)c3ccccc3n2)c1
CHEMBL1172951,3364634,4.91,Cc1ncc([N+](=O)[O-])n1CCOC(=O)/C=C/c1cccc(F)c1
CHEMBL3263966,14652519,5.36,COc1cc2c(Oc3ccc(NS(=O)(=O)c4ccc(-c5cnn(C)c5)cc4)cc3F)ccnc2cc1OCCCN1CCN(C)CC1
CHEMBL4439837,19226239,6.35,Cn1c(=O)c2[nH]c(SC/C(=N/O)c3ccc(Br)cc3)nc2n(C)c1=O
CHEMBL3775046,16499783,6.86,O=C1COc2cc3ncnc(Nc4ccc(F)c(Cl)c4)c3cc2N1CCCN1CCCCC1
CHEMBL5858035,27653231,7.26,C=CC(=O)Nc1cccc(Nc2nc(Nc3ccc(OCC(C)(C)O)nc3)ncc2F)c1
CHEMBL5181237,26164362,6.35,Brc1cccc(Nc2ncnc3[nH]ccc23)c1
CHEMBL5966612,28405058,7.54,Cn1ccc2c([C@H](Nc3cc(Cl)c4ncc(C#N)c(NCC(C)(C)C)c4c3)C3=CN(C4(C(F)(F)F)CC4)NN3)ccnc21
CHEMBL3699622,16340105,8.26,C=CC(=O)Nc1cccc(Nc2nc(Nc3ccc(N4CCS(=O)(=O)CC4)cc3OC)ncc2C(F)(F)F)c1
CHEMBL5753585,28404224,7.85,N#Cc1cnc2c(Cl)cc(N[C@H](C3=CN(CCO)NN3)c3ccc(Cl)nc3Cl)cc2c1Nc1ccc(F)c(Cl)c1
CHEMBL5173070,25105705,7.37,CN1CCN(c2ccc(Nc3ncc(Br)c(Nc4ccc5cn[nH]c5c4)n3)cc2)CC1
CHEMBL3676361,26587766,7.89,C=CC(=O)Nc1cc2c(Nc3ccc(Br)c(Cl)c3F)ncnc2cc1OCCNC(C)=O
CHEMBL3814940,16612232,6.53,Fc1cccc(COc2ccc(Nc3ncnc4ccc(NC(=S)NCCN5CCCCC5)cc34)cc2Cl)c1
CHEMBL3133754,13973666,5.63,COc1cc2ncnc(Nc3cccc(NC(=O)Nc4cccc(C)c4)c3)c2cc1OCCCN1CCOCC1
CHEMBL5560649,25864525,6.92,COc1cc2ncnc(Nc3ccc(F)c(Cl)c3)c2cc1OCCCNCc1c(OC)cc(OCc2cccc(-c3ccccc3)c2C)cc1OC
CHEMBL3671562,26587619,7.33,C=CC(=O)Nc1cc2c(Nc3ccc(Br)cc3F)ncnc2cc1OCCNC(=O)c1cccs1
CHEMBL214478,1768208,8.05,COc1cc2ncnc(Nc3cc(Cl)ccc3F)c2cc1OC1CCN(CC(N)=O)CC1
CHEMBL3759980,16457576,7.72,C[C@@H](Nc1ncnc2sc(-c3ccc(C(=O)O)cc3)cc12)c1ccccc1
CHEMBL3622638,15743475,8.0,COCCOc1cc2ncnc(Nc3ccc(OCc4ccccn4)cc3)c2cc1NC(=O)/C=C/CN(C)C
CHEMBL5561729,25865963,7.06,Fc1ccccc1COc1cccc(-c2n[nH]cc2-c2ccncn2)c1
CHEMBL5836438,27653072,5.26,C=CC(=O)N1CCC[C@H](Nc2nc(Nc3cccc(OC)c3)ncc2F)C1
CHEMBL5985452,28405772,8.7,CC(C)(CNc1c(C#N)cnc2c(C#N)cc(N[C@H](C3=CN(C45CC(C4)C5)NN3)c3cccc4ncccc34)cc12)C(F)(F)F
CHEMBL5954027,27652838,7.26,C=CC(=O)Nc1cccc(Nc2nc(Nc3cccc(OCC(C)(C)O)c3)ncc2F)c1
CHEMBL4762604,22892159,6.29,Cn1c(-c2csc(N/N=C\c3ccc(Cl)cc3Cl)n2)nc2ccccc21
CHEMBL3352869,15112236,8.89,COc1cc2ncnc(Nc3ccc(OCc4cccc(F)c4)c(Cl)c3)c2cc1NC(=O)/C(F)=C\CN(C)C
CHEMBL4793105,22894026,8.41,C=C(Cl)C(=O)Nc1cccc(Nc2nc(Nc3ccc(N4CCN(C(C)=O)CC4)cc3)ncc2Cl)c1
CHEMBL5807044,28405163,7.82,CC(C)(C)CNc1c(C#N)cnc2c(Cl)cc(N[C@H](C3=CN(C(C)(C)C(F)F)NN3)c3cccc4ncccc34)cc12
CHEMBL5871981,28406003,6.0,Cc1nc(F)ccc1[C@H](Nc1cc(C#CC(C)(C)S(C)(=O)=O)c2ncc(C#N)c(NCC(C)(C)C)c2c1)C1=CN(C2(C(F)(F)F)CC2)NN1
CHEMBL3671510,26587460,7.44,C=CC(=O)Nc1cc2c(Nc3ccc(Br)cc3F)ncnc2cc1OCCNC(=O)NC(C)C
CHEMBL473748,2390168,8.41,C=CC(=O)Nc1cc2c(Cc3cccc(Br)c3)ncnc2cc1OCCCCN(C)C
CHEMBL4073278,18117872,7.58,C=CC(=O)Nc1cccc(Nc2nc(Nc3ccc(/C=C/c4cc(C)cc(C)c4)cc3)ncc2Cl)c1
CHEMBL3234744,14571456,6.92,CNc1ncc(C(=O)Nc2cc(C(=O)Nc3ccc(CN4CCN(C)CC4)c(C(F)(F)F)c3)ccc2C)cn1
CHEMBL5895755,28404728,8.1,Cc1nc(F)ccc1[C@H](Nc1cc(Cl)c2ncc(C#N)c(NCC(C)(C)C)c2c1)C1=CN(C2(C(F)(F)F)COC2)NN1
CHEMBL5273197,24976285,9.22,C=CC(=O)N1CCCCCCn2cc(c3ccccc32)-c2ccnc(n2)Nc2cc1c(OCCCF)cc2F
CHEMBL5632007,26154066,5.86,COCCOc1cc2ncnc(Nc3cc(C=O)cc(C=O)c3)c2cc1OCCOC
CHEMBL4786168,22892156,6.98,CN(C)c1ccc(/C=N\Nc2nc(-c3nc4ccccc4n3C)cs2)cc1
CHEMBL5397642,25665202,8.07,CCS(=O)(=O)Nc1nc(-c2ccc(F)cc2)c(-c2ccnc(Nc3ccc(N4CCOCC4)cc3OC)n2)s1
CHEMBL6060509,28403657,8.05,CC[C@@H](Nc1c(C#N)cnc2c(Cl)cc(N[C@H](C3=CN(C(C)C(F)(F)F)NN3)c3cccnc3)cc12)c1ccccc1
CHEMBL3604926,15685189,5.8,Cc1cc(Nc2cc(N3CCN(C)CC3)nc(Oc3ccccc3[N+](=O)[O-])n2)n[nH]1
CHEMBL4558227,19158935,8.3,C=CC(=O)Nc1cc(Nc2ncc(F)c(Nc3ccccc3P(C)(C)=O)n2)c(OC)cc1N(C)CCN(C)C
CHEMBL4080711,18048465,7.2,Oc1cccc(Nc2ncnc3ccc(NC(=S)NCc4ccccc4)cc23)c1
CHEMBL3357638,15112248,9.05,CCOc1cc2ncnc(Nc3ccc(OCc4ccccn4)c(Cl)c3)c2cc1NC(=O)/C(F)=C\CN(C)C
CHEMBL5088423,24381006,8.46,CN1CCN(C2CCN(c3ccc(Nc4ncc(Cl)c(Nc5ccccc5P(C)(C)=O)n4)cc3C(F)(F)F)CC2)CC1
CHEMBL5852943,28403834,7.92,Cc1cncc([C@H](Nc2cc(Cl)c3ncc(C#N)c(Nc4ccc(F)c(Cl)c4)c3c2)C2=CNNN2)c1
CHEMBL4565374,19310297,5.51,O=C(O)/C=C/C(=O)Nc1cccc(-c2c(-c3ccccc3)oc3ncnc(N[C@H](CO)c4ccccc4)c23)c1
CHEMBL4877054,23177925,7.21,COc1cc2ncnc(Nc3ccc(F)c(Cl)c3)c2cc1OCCCCC(=O)Nc1ccc(S(N)(=O)=O)cc1
CHEMBL1828861,6358466,5.46,Cc1ccc(S(=O)(=O)NC(=O)Cn2c([N+](=O)[O-])cnc2C)cc1
CHEMBL6011521,27652883,5.76,C=CC(=O)Nc1cccc(Nc2nc(Nc3cc(OC)c(OC)c(OC)c3)ncc2F)c1
CHEMBL3586177,15628374,5.51,O=C1N=C(N2CCC[C@H]2C(=O)Nc2ccc3ncnc(Nc4cccc(Cl)c4)c3c2)S/C1=C/c1cccc(Br)n1
CHEMBL5873136,26750147,6.17,O=C(/C=C/c1cccc(C(F)(F)F)c1)N[C@@H]1[C@H]2Oc3ccc(Oc4ccnc5c4CCC(=O)N5)cc3[C@@H]12
CHEMBL5268092,25059904,7.33,COc1cc2c(Nc3ccc(Oc4ccccc4)cc3F)ncnc2cc1OCC1CCN(C)CC1
CHEMBL5771119,28405958,8.52,COC1=C([C@@H](Nc2cc(C#N)c3ncc(C#N)c(NCC(C)(C)C)c3c2)c2ccc(F)nc2C)NNN1C1(C(F)F)CC1
CHEMBL3092319,13852025,6.01,O=C(Nc1cc2c(Nc3ccc(F)c(Cl)c3)ncnc2cc1O[C@H]1CCOC1)N1CC(F)C1
CHEMBL5205097,24670252,7.91,C=CC(=O)N1CCC(Oc2nc(Nc3ccc(N4CCN(C)CC4)cc3OC)nc3[nH]ccc23)CC1
CHEMBL4878421,23299082,6.24,C=CC(=O)N1CCCC[C@H]1c1nc(-c2ccc(C(=O)Nc3cc(Br)ccn3)cc2)c(C(N)=O)n1N
CHEMBL392664,2038927,6.96,Fc1cccc(Cn2ncc3cc(Nc4ncnn5ccc(CNC6CCNCC6)c45)ccc32)c1
CHEMBL4102455,18048472,7.8,S=C(Nc1ccc2ncnc(Nc3cccc(Br)c3)c2c1)Nc1ccccc1Cl
CHEMBL5195164,24824812,8.15,CC(C)c1cnc(N2CC[C@H]2C)c2cnc(Nc3ccnc(N4CC[C@@H](O)[C@@](C)(F)C4)n3)cc12
CHEMBL4293134,18765357,6.12,CCOc1ccc(Nc2cc(NC(=O)c3ccccc3)ncn2)cc1
CHEMBL4529183,19226241,6.09,Cn1c(=O)[nH]c2nc(SC/C(=N/O)c3ccc(Cl)cc3)[nH]c2c1=O
CHEMBL2426278,13446011,7.64,C=CC(=O)Nc1cc(Nc2ncc(Cl)c(-c3c[nH]c4ccccc34)n2)c(OC)cc1N1CCN(C)CC1
CHEMBL207687,1715572,8.1,COc1cc2ncnc(Nc3cccc(Cl)c3F)c2cc1CN(C)[C@@H](C)C(N)=O
CHEMBL3671567,26587634,5.71,C=CC(=O)Nc1cc2c(Nc3ccc(Br)cc3F)ncnc2cc1OCCNC(=O)C1CCCN1
CHEMBL3752448,16444046,8.0,C=CC(=O)Nc1cccc(-n2c(=O)cc(C3CC3)c3cnc(Nc4ccc(N5CCN(C)CC5)cc4OC)nc32)c1
CHEMBL9470,19287514,6.86,CC(C)=CC[C@@H](O)C1=CC(=O)c2c(O)ccc(O)c2C1=O
CHEMBL6026375,27070127,5.26,CN(C)C(=O)N[C@@H]1CCCN(c2cnc(C(N)=O)c(Nc3ccc(C4CCN(c5ccccn5)CC4)cc3)n2)C1
CHEMBL5920948,28697744,8.53,CN1CCN(CCNc2nccc(-c3c(-c4cccc(O)c4)nc4occn34)n2)S1(=O)=O
CHEMBL3133912,13975591,4.36,C=CC(=O)Nc1ccc2ncnc(Nc3ccc(S(=O)(=O)Nc4nccs4)cc3)c2c1
CHEMBL5997917,27653243,6.26,C=CC(=O)Nc1cccc(Nc2nc(Nc3ccc(Cl)c(OCCOC)c3)ncc2F)c1
CHEMBL5913449,26961274,6.84,Nc1ncnc2c1c(C(=O)Nc1nc3cc(Cl)ccc3o1)nn2[C@@H]1CCCN(C(=O)/C=C/CN2CCCC2)C1
CHEMBL194389,1603498,6.36,COc1cccc2ncnc(Nc3ccc(OCc4ccccn4)c(Cl)c3)c12
CHEMBL5401619,25599171,7.96,CC[C@H](C)Nc1cc(Nc2ccnc(-c3cnn(S(=O)(=O)C4CC4)c3)n2)ncc1C(=O)NCCN(C)C
CHEMBL202424,1681978,7.82,CCCCC#CC(=O)Nc1cc2c(Nc3ccc(F)c(Cl)c3)ncnc2cn1
CHEMBL5071181,24413778,7.26,C=CC(=O)Nc1cc(Nc2nccc(Nc3cnn(C)c3)n2)c(OC)cc1N(C)CCN(C)C
CHEMBL3818364,16631018,8.26,CCOc1cc2ncnc(Nc3ccc(OCc4cccc(F)c4)c(Cl)c3)c2cc1NC(=O)[C@H]1COC(=O)N1
CHEMBL5775095,27738239,5.26,Nc1ncnc2c1c(-c1ccc(CNC(=O)c3cc4ccccc4[nH]3)cc1)nn2C1CCCC1
CHEMBL3085374,2047168,8.05,COc1cc2ncnc(C#C[C@](C)(O)Cc3ccccc3)c2cc1OC
CHEMBL5266896,25018374,6.54,C=CC(=O)Nc1cc(Nc2nccc(-c3c4n(c5ccccc35)CCOC4)n2)c(OC)cc1N(C)CCN(C)C
CHEMBL3818547,16631000,8.97,COc1cc2ncnc(Nc3ccc(F)c(Cl)c3)c2cc1NC(=O)[C@@H]1COC(=O)N1
CHEMBL3676373,26587802,6.65,C=CC(=O)Nc1cc2c(Nc3ccc(Br)cc3F)ncnc2cc1OCC(C)(C)NC(=O)CN(C)C
CHEMBL2437463,13483452,7.83,C=CC(=O)Nc1cccc(-n2c(=O)cnc3cnc(Nc4ccc(N5CCCCC5)cc4)nc32)c1
CHEMBL5411535,25482732,6.7,Cn1cc(-c2ccnc(Nc3cc(OCCOCCn4ccnc4[N+](=O)[O-])ccc3F)n2)c2ccccc21
CHEMBL5756147,27652982,6.26,C=CC(=O)N1CCc2ccc(Nc3nc(Nc4ccc(OC)nc4)ncc3F)cc21
CHEMBL59145,1165016,5.81,N#C/C(=C\c1ccc(O)c(O)c1)C(=O)c1ccccc1Cl
CHEMBL4800697,22835805,8.37,C[C@@H](Nc1ncnc2[nH]c(-c3ccccc3OC(F)(F)F)cc12)c1ccccc1
CHEMBL4082764,18243239,6.47,NCc1cccc(-c2nc(-c3ccc(F)cc3)c(-c3ccnc4[nH]c(-c5ccccc5)cc34)[nH]2)c1
CHEMBL3237947,14574936,4.95,CCOC(=O)C1=C(N)N(c2cccnc2)C2=C(C(=O)CC(C)(C)C2)C1c1c(C)nn(-c2ccccc2)c1Cl
CHEMBL4763960,22892162,6.11,Cn1c(-c2csc(N/N=C\c3cccs3)n2)nc2ccccc21
CHEMBL5940286,28404920,7.96,Cc1nc(F)ccc1[C@H](Nc1cc(Cl)c2ncc(C#N)c(NCC(C)(C)c3ccccc3)c2c1)C1=CN(C2(C(F)(F)F)CC2)NN1
CHEMBL1090351,3240719,8.72,O=C(Nc1cccc(-c2nc3sccn3c2-c2ccnc(Nc3ccc(N4CCOCC4)cc3)n2)c1)c1c(F)cccc1F
CHEMBL5289859,25098095,9.49,COc1cc(N2CCC(N(C)C)CC2)ccc1Nc1ncc(C(=O)OC(C)C)c(-c2c[nH]c3ccccc23)n1
CHEMBL326445,6261329,4.77,COc1cc2ncc(C#N)c(Nc3cc(Cl)ccc3O)c2cc1OC
CHEMBL385471,1768059,8.05,COc1cc2ncnc(Nc3cc(Cl)ccc3F)c2cc1OCC1CCN(C)CC1
CHEMBL5839893,26768755,8.68,COc1cc2ncnc(Nc3ccc(Cl)c(Cl)c3F)c2cc1NC(=O)/C=C/CN1C[C@@H]2OCCO[C@@H]2C1
CHEMBL3805039,16588582,8.04,C#Cc1cccc(Nc2ncnc3cc(OCC)c4c(c23)OCCO4)c1
CHEMBL3622667,15743444,8.02,O=C(/C=C/CNC1CC1)Nc1cc2c(Nc3ccc(F)c(Cl)c3)ncnc2cc1OC(F)F
CHEMBL3786858,16540074,7.35,C=CC(=O)N1CC[C@@H](COc2nc(Nc3cnn(C)c3)nc3[nH]cc(Cl)c23)C1
CHEMBL5816684,28404269,6.46,CC(C)(C)OC(=O)N1CCC(N2C=C([C@@H](Nc3cc(Cl)c4ncc(C#N)c(Nc5ccc(F)c(Cl)c5)c4c3)c3ccc(Cl)nc3)NN2)CC1
CHEMBL5885438,28404278,8.3,N#Cc1cnc2c(Cl)cc(N[C@H](C3=CN(C4CCNCC4)NN3)c3ccsc3)cc2c1Nc1ccc(F)c(Cl)c1
CHEMBL5422592,25691206,8.15,C=CC(=O)Nc1cc(-c2c(-c3ccccc3)oc3ncnc(N[C@H]4CCC[C@@H]4O)c23)ccc1N(C)CCN(C)C
CHEMBL3806248,16588583,8.7,CCOc1cc2ncnc(Nc3ccc(F)c(Cl)c3)c2c2c1OCCO2
CHEMBL5430547,25665205,8.29,CCS(=O)(=O)N1CCC(c2nc(-c3ccc(F)cc3)c(-c3ccnc(Nc4ccc5c(ccn5CCN(C)C)c4)n3)s2)CC1
CHEMBL4453276,19132066,6.4350000000000005,CCC(=O)N1CCC[C@@H](n2c(=O)c(-c3ccccc3C)c(C)c3cnc(Nc4ccc(N5CCN(C)CC5)c(C)c4)nc32)C1
CHEMBL246898,2038921,6.7,CS(=O)(=O)CCNC1CCN(Cc2ccn3ncnc(Nc4ccc5c(cnn5Cc5cccc(F)c5)c4)c23)CC1
CHEMBL4555707,19168176,7.49,C=CC(=O)Nc1cc(Nc2nccc(NC(=O)c3cccc(OC)c3)n2)c(OC)cc1N1CCC(C(N)=O)CC1
CHEMBL490497,2390182,9.02,C=CC(=O)Nc1nc2c(Cc3ccc(F)c(Cl)c3)ncnc2cc1OC
CHEMBL5559947,25864544,7.43,COc1cc2ncnc(Nc3cccc(Cl)c3F)c2cc1OCCCCNCc1c(OC)cc(OCc2cccc(-c3ccccc3)c2C)cc1OC
CHEMBL3218000,14543394,7.11,C#Cc1cccc(Nc2ncnc3ccc(OCc4ccc(C(=O)Nc5ccccc5N)cc4)cc23)c1
CHEMBL4858409,23256353,7.79,O=C(NO)c1ccccc1Nc1nc(Nc2ccc(OCC(=O)N3CCOCC3)cc2)ncc1Cl
CHEMBL4061829,18243231,8.12,OCCc1nc(-c2ccc(F)cc2)c(-c2ccnc3[nH]c(-c4ccccc4)cc23)[nH]1
CHEMBL3608433,15689342,8.3,C=CC(=O)N[C@@H]1CN(c2nc(Nc3cn(C4CCN(C)C4)nc3OC)c3ncn(C(C)C)c3n2)C[C@H]1F
CHEMBL4752951,22844302,8.37,O=C(Nc1cc2c(Nc3ccc(F)c(Cl)c3)ncnc2cc1OCCCN1CCOCC1)c1cccnc1F
CHEMBL4063427,17967304,4.0,Clc1ccc2nc(Cc3nnc(-c4ccccc4)o3)[nH]c2c1
CHEMBL1090356,3240734,7.2,O=C(Cc1ccccc1)Nc1cccc(-c2nc3sccn3c2-c2ccnc(Nc3ccc(N4CCOCC4)cc3)n2)c1
CHEMBL6017130,28722200,4.72,C=CC(=O)N1CCC(Oc2cc3c(Nc4cccc(CO)c4)ncnc3cc2OC)C1
CHEMBL5591496,25979172,8.45,CN(C)C/C=C/C(=O)Nc1ccc2ncnc3c2c1C=CN3c1ccc(OCc2cccc(F)c2)c(Cl)c1
CHEMBL5278115,25089034,5.68,COc1ccc2c(c1)CCC(=C\c1cc(OC)c(OC)c(OC)c1Br)/C2=N\O
CHEMBL3741026,16410652,8.05,C#Cc1cccc(Nc2ncnc3cc(OCCOC(=O)C(C)c4ccc(CC(C)C)cc4)c(OCCOC)cc23)c1
CHEMBL4855080,23177928,7.75,COc1cc2ncnc(Nc3cccc(Cl)c3F)c2cc1OCCCCC(=O)Nc1ccc(S(N)(=O)=O)cc1
CHEMBL425601,1715558,8.05,COc1cc2ncnc(Nc3cccc(Cl)c3F)c2cc1CN(C)C1(C(N)=O)CN(C(C)C)C1
CHEMBL4570484,18994332,6.85,Cc1cc(=O)n2nc(SCc3ccc(Cl)cc3Cl)nc2[nH]1
CHEMBL250925,2047158,7.82,CCOc1cc2ncnc(/C=C/c3ccccc3)c2cc1OCC
CHEMBL3234751,14571463,5.26,Cc1ccc(C(=O)Nc2ccc(CN3CCN(C)CC3)c(C(F)(F)F)c2)cc1NC(=O)c1cnc(N(C)C)nc1
CHEMBL3622658,15743453,6.96,O=C(/C=C/CN1CC[S+]([O-])CC1)Nc1cc2c(Nc3ccc(F)c(Cl)c3)ncnc2cc1O[C@H]1CCOC1
CHEMBL483234,2202745,4.4,C[C@H](NC(=O)c1ccc(S(=O)(=O)Oc2ccc(/C=C/[N+](=O)[O-])cc2)cc1)C(=O)N[C@@H](C)C(=O)OC(C)(C)C
CHEMBL4519157,18923664,8.52,O=C1/N=C2\Nc3ccccc3N2CCCCCOc2ccccc2-c2cc1ccn2
CHEMBL5899926,27071897,5.26,CN(C(=O)N[C@@H]1CCCN(c2cnc(C(N)=O)c(Nc3ccc(F)cc3)n2)C1)c1cc(Cl)cc(C(F)(F)F)c1
CHEMBL1172803,3364620,5.44,Cc1ncc([N+](=O)[O-])n1CCOC(=O)/C=C/c1ccc(Cl)cc1
CHEMBL4448712,19172994,6.3,C=CC(=O)N(c1ccc(F)c(C)c1)c1ncnc2cc(OC)c(OCCCN3CCOCC3)cc12
CHEMBL5431377,25665203,8.39,CCS(=O)(=O)Nc1nc(-c2ccc(F)cc2)c(-c2ccnc(Nc3ccc(N4CCOCC4)c(F)c3)n2)s1
CHEMBL5575930,25979175,9.15,CC(C)NC/C=C/C(=O)Nc1ccc2ncnc3c2c1CCN3c1ccc(OCc2ccccn2)c(Cl)c1
CHEMBL6038992,28404656,7.92,Cc1n[nH]c2cccc([C@H](Nc3cc(Cl)c4ncc(C#N)c(NCC(C)(C)C)c4c3)C3=CN(C4(C(F)(F)F)CC4)NN3)c12
CHEMBL3699609,16268827,8.26,C=CC(=O)Nc1cccc(Nc2nc(Nc3ccc(N4CCN(C(=O)CC)CC4)cc3OC)ncc2C(F)(F)F)c1
CHEMBL3947759,16756448,6.97,C=CC(=O)Nc1cccc(Nc2nc(Nc3ccc(OCCn4ccnc4)cc3)ncc2Cl)c1
CHEMBL5750518,26587562,6.59,C=CC(=O)Nc1cc2c(Nc3ccc(Br)cc3F)ncnc2cc1OCCNC(=O)C=NOC
CHEMBL5946635,27070973,6.26,C[C@@H]1[C@H](NC(=O)N(C)C)CCCN1c1cnc(C(N)=O)c(Nc2ccc(C3(C)CCN(C4CCC4)CC3)cc2)n1
CHEMBL5405341,25533374,7.68,CCC(=O)Nc1cc(Nc2nccc(-c3cn(S(=O)(=O)CC)c4ccccc34)n2)cc2cnn(CCN(CC)CC)c12
CHEMBL6062820,27540833,6.97,NC(=O)c1c(-c2ccc(Oc3ncc(Cl)cc3F)cc2)nn(C2CCCN(C(=O)/C=C/C(F)F)C2)c1N
CHEMBL4095271,18117875,8.09,C=CC(=O)Nc1cccc(Nc2nc(Nc3ccc(/C=C/c4ccc(C)cc4C)cc3)ncc2F)c1
CHEMBL3940060,16666143,6.48,O=C(CCl)OCCn1c(=O)oc2cc3ncnc(Nc4ccc(F)c(Cl)c4)c3cc21
CHEMBL4634817,20708035,6.35,CN(C)C/C=C/C(=O)N1CCCOc2cc3ncnc(Nc4ccc(OCc5cccc(F)c5)c(Cl)c4)c3cc21
CHEMBL1828880,6358486,4.58,COc1ccc(CC(=O)NS(=O)(=O)c2ccccc2)cc1
CHEMBL5087785,24408180,6.47,C=CC(=O)Nc1cccc(-n2c(=O)c(C)nc3cnc(Nc4ccc(OCCOC)cc4)nc32)c1
CHEMBL5922699,26839039,8.1,CC(C)(C)CNc1ncnc2c(Br)cc(N[C@H](c3cn(C4(C(F)(F)F)CC4)nn3)c3cccc4ncsc34)cc12
CHEMBL3759848,16461807,6.52,COc1cc2c(Nc3ccc(NC(=O)c4cccc(Cl)c4)cc3)ncnc2cc1OCCN1CCCCC1
CHEMBL2426282,13446024,7.54,C=CC(=O)Nc1ccc(OC)c(Nc2ncc(Cl)c(-c3c[nH]c4ccccc34)n2)c1
CHEMBL5890676,27750578,6.47,C=CC(=O)Nc1cc(Nc2ncc(Cl)c(-c3cnn(C)c3C)n2)c(OC)cc1N1CCC(N(C)C)CC1
CHEMBL3975990,16894439,7.0,C#Cc1cccc(Nc2ncnc3ccc(OCCCCCCC(=O)NO)cc23)c1
CHEMBL399373,2047151,8.38,CCOc1cc2ncnc(C#C[C@@](C)(Cc3ccccc3)N3CCC(C(=O)O)CC3)c2cc1OCC
CHEMBL1092250,19218794,7.38,C#Cc1cccc(Nc2ccnc3cc(OC)c(OC)cc23)c1
CHEMBL492199,2202740,5.52,N#CC(C#N)=C(C#N)c1cc(O)c(O)c(O)c1
CHEMBL2337362,12684837,4.38,CC(C)c1ccc(Nc2nc(N)nc3[nH]c4cccc(Cl)c4c23)cc1
CHEMBL4229266,18577535,7.0,C=CC(=O)Nc1cccc(NC(=O)Nc2ccnc(Nc3ccc(C(=O)N(CC)CC)cc3OC)n2)c1
CHEMBL3759459,16457560,7.7,COC(=O)c1ccc(-c2cc3c(N[C@H](C)c4ccccc4)ncnc3s2)c(OC)c1
CHEMBL5204535,24902240,8.96,C=CC(=O)Nc1ccc2ncnc(Nc3ccc4c(ccn4Cc4cccc(F)c4)c3)c2c1
CHEMBL4569552,19168226,7.4,C=CC(=O)Nc1cc(Nc2nccc(NC(=O)c3ccc(OC)c(OC)c3)n2)c(OC)cc1N(C)C
CHEMBL3263366,14655701,5.88,Cc1ccc(C2=NN(C3=NC(=O)CS3)C(c3cccc4ccccc34)C2)cc1C
CHEMBL204638,1681972,8.82,O=C(C#CCCN1CCOCC1)Nc1cc2c(Nc3ccc(F)c(Br)c3)ncnc2cn1
CHEMBL1272324,3521901,6.03,CCN(CC)C/C=C/C(=O)N1CCc2c(sc3ncnc(N[C@H](CO)c4ccccc4)c23)C1
CHEMBL3805949,16588562,6.5,CC(C)Oc1cc2ncnc(Nc3ccc(F)c(C#N)c3)c2c2c1OCCO2
CHEMBL2437469,13483446,8.59,C=CC(=O)Nc1cccc(-n2c(=O)cnc3cnc(Nc4ccc(N5CCN(C)CC5)cc4OC)nc32)c1
CHEMBL4250210,18676730,8.19,CNc1ccc(N(C)c2ncnc3occ(C)c23)cc1
CHEMBL4441606,19146024,8.3,C=CC(=O)Nc1cc(Nc2nccc(-c3cn(C)c4ccccc34)n2)c(OC)cc1[S+]([O-])CCN(C)C
CHEMBL5747597,28403387,8.41,CN1C=C([C@H](Nc2cc(C#N)c3ncc(C#N)c(NCC(C)(C)C)c3c2)c2ccc(F)nc2)NN1
CHEMBL4872030,23276947,4.85,COc1ccc(C(Nc2ccccc2)n2c(=O)ccc3cc(O)ccc32)cc1
CHEMBL4527630,19445324,6.0,CCN(CC)C/C=C/C(=O)N1CCCOc2cc3ncnc(Nc4ccc(F)c(Cl)c4)c3cc21
CHEMBL3968784,16895201,8.89,C=CC(=O)N1CC[C@H](Oc2cc3c(Nc4ccc(Cl)c(Cl)c4F)ncnc3cc2OC)C1
CHEMBL3092308,13851968,7.21,O=C(NCCN1CCCC1)Nc1cc2c(Nc3ccc(F)c(Cl)c3)ncnc2cc1O[C@H]1CCOC1
CHEMBL3671552,26587589,7.54,C=CC(=O)Nc1cc2c(Nc3ccc(Br)cc3F)ncnc2cc1OC[C@@H](C)NC(C)=O
CHEMBL56201,1181975,4.58,CN1C(=O)C(=C(C#N)C#N)c2cc(O)ccc21
CHEMBL595757,3055931,4.74,COc1ccccc1C(Cc1coc2nc(N)nc(N)c12)C(C)C
CHEMBL2425087,13452956,7.8,COc1cc2ncnc(Nc3ccc(F)c(Cl)c3)c2cc1OCCN1CC2(COC2)C1
CHEMBL5858513,28405391,8.4,CC(C)(C)CNc1c(C#N)cnc2c(Cl)cc(N[C@H](C3=CN(C4(C(F)(F)F)CC4)NN3)c3cccc4c(=O)n(CC(F)F)ccc34)cc12
CHEMBL5878630,27652997,7.26,C=CC(=O)Nc1cccc(N(C(=O)C=C)c2nc(Nc3ccc(OC)nc3)ncc2C#N)c1
CHEMBL5185922,24919442,8.31,CCS(=O)(=O)n1cc(-c2nc(Nc3ccc(N4CCC(N5CCN(C)CC5)CC4)c(Cl)c3)ncc2Cl)c2ccccc21
CHEMBL3133894,13974927,5.55,C=CC(=O)Nc1ccc2ncnc(NC3CCCCC3)c2c1
CHEMBL599218,16894459,6.0,COc1cc2ncnc(N[C@@H](C)c3ccccc3)c2cc1OCCCCCCC(=O)NO
CHEMBL5996771,27750566,6.48,C=CC(=O)Nc1cc(Nc2ncc(Cl)c(-c3cn(C)nc3C)n2)c(OC)cc1N1CCC(N(C)C)CC1
CHEMBL5968961,28722308,7.09,C=CC(=O)N1CCC(Oc2cc3c(Nc4ccccc4)ncnc3cc2OC)CC1
CHEMBL5769810,27750620,8.4,C=CC(=O)Nc1cc(Nc2nccc(-c3cnc4c(ccn4C)c3)n2)c(OC)cc1N(C)CCNC
CHEMBL4740295,22835813,9.1,CS(=O)(=O)c1ccc(-c2cc3c(N[C@H](CO)c4ccccc4)ncnc3[nH]2)cc1
CHEMBL207674,1715578,7.3,COc1cc2ncnc(Nc3cccc(Cl)c3F)c2cc1CN1CCOCC1C(N)=O
CHEMBL5770894,28405187,8.0,Cc1ncsc1[C@H](Nc1cc(Cl)c2ncc(C#N)c(NCC(C)(C)C)c2c1)C1=CN(C2(C(F)(F)F)CC2)NN1
CHEMBL5926025,27738155,5.26,COc1cc(-c2nn(C3CCCC3)c3ncnc(N)c23)ccc1CNC(=O)c1ccccc1OC
CHEMBL5763517,26941048,8.1,C=CC(=O)Nc1cc(Nc2ncc3ccc(-c4ccn(C)c4)n3n2)c(OC)cc1N(C)CCN(C)C
CHEMBL5961822,28403633,7.89,N#Cc1cnc2c(Cl)cc(N[C@H](C3=CN(C4COC4)NN3)c3cccnc3)cc2c1NC(CCO)c1ccccc1
CHEMBL4225191,18577505,7.35,C=CC(=O)Nc1cccc(NC(=O)Nc2ccnc(Nc3ccc(N4CCC(N(C)C)CC4)cc3OC)n2)c1
CHEMBL2018754,10855811,5.19,CCCCOC(=O)Nc1ccc(Nc2ncnc3cc(OC)c(OC)cc23)cc1Cl
CHEMBL5565103,25979157,7.24,COc1ccc(-c2c(NC(=O)/C=C/[C@H]3CCCN3C)ccc3ncnc(Nc4ccc(OCc5ccccn5)c(Cl)c4)c23)cc1OC
CHEMBL3828092,16655516,7.5,Fc1ccc(Nc2ncnc3ccc(-c4cnn(C5CCNCC5)c4)cc23)cc1Cl
CHEMBL5972316,28405814,8.15,COc1nccc2c([C@H](Nc3cc(Cl)c4ncc(C#N)c(NCC(C)(C)C)c4c3)C3=CN(C45CC(C4)C5)NN3)cccc12
CHEMBL5755363,28405169,8.52,CC(C)(C)CNc1c(C#N)cnc2c(Cl)cc(N[C@H](C3=CN(C45CC(C4)C5)NN3)c3cccc4ncccc34)cc12
CHEMBL3671513,26587469,7.72,C=CCNC(=O)NCCOc1cc2ncnc(Nc3ccc(Br)cc3F)c2cc1NC(=O)C=C
CHEMBL5432280,25691199,8.15,C=CC(=O)Nc1cc(-c2c(-c3ccccc3)oc3ncnc(NC4CCCC4)c23)ccc1N(C)CCN(C)C
CHEMBL3633146,16444039,8.54,C=CC(=O)Nc1cccc(-n2c(=O)cc(C)c3cnc(Nc4ccc(N5CCN(C)CC5)cc4)nc32)c1
CHEMBL3894623,16847220,5.33,COc1cc2c(Nc3ccc(NC(=O)Nc4cccc(Cl)c4)cc3)ncnc2cc1OCc1ccccc1
CHEMBL109503,6261312,5.84,COc1cc2ncc(C#N)c(Nc3cccc(C(F)(F)F)c3)c2cc1OC
CHEMBL5416489,25481291,9.52,COCC1(C)CN(C2CCN(c3cc(OC)c(Nc4ncc(Br)c(Nc5ccc6nccnc6c5P(C)(C)=O)n4)cc3C)CC2)C1
CHEMBL491085,2390192,9.26,C/C=C/C(=O)Cc1ccc2ncnc(Nc3cccc(Br)c3)c2c1
CHEMBL4638194,20708033,6.07,O=C(/C=C/CN1CCCCC1)N1CCCOc2cc3ncnc(Nc4ccc(OCc5cccc(F)c5)c(Cl)c4)c3cc21
CHEMBL3612578,15711404,5.92,CCOC(=O)CCCn1c(=O)oc2cc3ncnc(Nc4ccc(Cl)cc4)c3cc21
CHEMBL5842396,27540788,5.77,N#CN1CCCC(n2nc(-c3ccc(Oc4ccccc4)cc3)c(C(N)=O)c2N)C1
CHEMBL3633942,15774379,5.84,CCOC(=O)C(=CNC(=O)Nc1ccc(C(=O)Nc2ccc3ncnc(Nc4ccc(F)c(Cl)c4)c3c2)cc1)C(=O)OCC
CHEMBL3622659,15743452,6.45,COCCOc1cc2ncnc(Nc3ccc(F)c(Cl)c3)c2cc1NC(=O)/C=C/CN1CC[S+]([O-])CC1
CHEMBL51659,885852,8.47,C=CC(=O)Nc1cc2c(Nc3cccc(Br)c3)ncnc2cn1
CHEMBL5860200,28403573,8.15,N#Cc1cnc2c(Cl)cc(N[C@@H](C3=CN(c4ccccc4)NN3)c3cccnc3)cc2c1Nc1cnc(F)c(F)c1
CHEMBL3219131,14533841,7.11,C=CC(=O)Nc1cccc(N2C(=O)C(c3ccccc3)N(C)C(=O)c3cnc(Nc4ccc(N5CCN(C)CC5)cc4OC)nc32)c1
CHEMBL4172718,18427558,8.4,COc1cc2ncnc(N3CCc4ccccc43)c2cc1NC(=O)/C=C/CN1CCC(CO)CC1
CHEMBL5985406,26839057,8.72,Cc1nc(F)ccc1[C@H](Nc1cc(Cl)c2ncnc(NCC(C)(C)C)c2c1)c1cn(C2(C(F)F)CC2)nn1
CHEMBL4103121,18189813,5.3,CCC(=O)N1CCC[C@@H](n2nc(-c3ccc(F)cc3)c3c(N)ncnc32)C1
CHEMBL4540303,19073802,9.43,COc1cc2c(Nc3ccc(C)c(Br)c3)ncnc2cc1OCCOCCNC(=O)Cn1cnc([N+](=O)[O-])n1
CHEMBL5804933,27540857,5.47,NC(=O)c1c(-c2ccc(Oc3cccc(C(F)(F)F)n3)cc2)nn(C2CCCN(C(=O)/C=C/CF)C2)c1N
CHEMBL4449589,18923663,7.24,CC(C)(O)Cn1/c(=N/C(=O)c2ccnc(-c3cccnc3)c2)[nH]c2ccccc21
CHEMBL5170965,24907649,7.06,CCOc1cc2ncnc(Nc3ccc(Oc4cc5nncn5cn4)c(C)c3)c2cc1NC(=O)/C(F)=C\[C@H]1CCCN1C
CHEMBL6040634,27653069,7.26,C=CC(=O)N1CCC[C@@H](Nc2nc(Nc3cccc(OC)c3)ncc2F)C1
CHEMBL3325473,15118448,5.96,COC(=O)C1=C(N)N(c2cccnc2)C2=C(C(=O)CCC2)C1c1cc2ccccc2n2nnnc12
CHEMBL3133757,13973663,6.73,CCN(CCO)CCCOc1ccc2c(Nc3cccc(NC(=O)Nc4ccc(Cl)c(C(F)(F)F)c4)c3)ncnc2c1
CHEMBL4228518,18581461,6.94,CN(C)CCOc1ccc(Nc2ncc3nc(Sc4ccc(F)cc4)n(C4CCOCC4)c3n2)cc1
CHEMBL4212326,18450562,7.28,C=CC(=O)N[C@H]1CCN(c2nc(Nc3cnn(C)c3)c3ncn(C(C)C)c3n2)C1
CHEMBL3742059,16410651,7.51,C#Cc1cccc(Nc2ncnc3cc(OCCOC(=O)CC4=C(C)/C(=C\c5ccc([S+](C)[O-])cc5)c5ccc(F)cc54)c(OCCOC)cc23)c1
CHEMBL5751543,28404374,8.3,Cc1nc2cccc([C@H](Nc3cc(C#N)c4ncc(C#N)c(NCC(C)(C)C)c4c3)C3=CN(C4(C(F)(F)F)CC4)NN3)c2s1
CHEMBL3233776,14586674,8.1,O=C(/C=C/CNCc1ncccn1)Nc1cc2c(Nc3ccc(F)c(Cl)c3)ncnc2s1
CHEMBL4062617,18243190,5.41,C=CC(=O)NCc1cccc(-c2nc(C3CC3)c(-c3ccnc4[nH]c(-c5ccccc5)cc34)[nH]2)c1
CHEMBL5271043,25105700,6.74,CN1CCN(c2ccc(Nc3ncc(F)c(Nc4ccc5[nH]ccc5c4)n3)cc2)CC1
CHEMBL4293051,19408320,9.52,C=CC(=O)Nc1cccc(-n2c(=O)c(=O)n(C(C)C)c3cnc(Nc4ccc(N5CCN(C)CC5)cc4OC)nc32)c1
CHEMBL1944923,8025247,4.63,CC(=O)Nc1ccc(S(=O)(=O)Nc2nc3ccccc3nc2Nc2ccc(C(=O)O)cc2)cc1
CHEMBL3671511,26587463,7.7,C=CC(=O)Nc1cc2c(Nc3ccc(Br)cc3F)ncnc2cc1OCCNC(=O)NC(C)CC
CHEMBL5748865,27750716,8.15,C=CC(=O)Nc1cc(Nc2ncc(Cl)c(-c3cnc4c(ccn4C4CC4)c3)n2)c(OC)cc1N(C)CCN(C)C
CHEMBL5879816,28404827,8.7,CC(C)(C)CNc1c(C#N)cnc2c(C#N)cc(N[C@H](C3=CN(C4(C)CC4)NN3)c3cccc4cnccc34)cc12
CHEMBL3892960,16752361,5.17,C=CC(=O)NC1CCC(n2c(NC(=O)c3cccc(C(F)(F)F)c3)nc3cc(C)ccc32)C1
CHEMBL1958220,8049024,5.27,COc1ccc(C2=NN(C3=NC(=O)CS3)C(c3ccc(Cl)cc3)C2)cc1
CHEMBL5290971,25078701,6.64,C=CC(=O)N1CCC(Oc2cc3c(Nc4ccc(OCc5cccc(F)c5)c(Cl)c4)ncnc3cc2O[C@H]2CCOC2)CC1
CHEMBL98248,19218800,6.77,COc1cc2nccc(Nc3cccc(Br)c3)c2cc1OC
CHEMBL2426284,13446044,5.68,C=CC(=O)N1CCc2cc(OC)c(Nc3ncc(Cl)c(-c4c[nH]c5ccccc45)n3)cc21
CHEMBL4798177,22782718,7.37,C=CC(=O)Nc1cc(Nc2cc(-n3c(SC)nnc3-c3ccc(F)cc3)ccn2)c(OC)cc1N(C)CCN(C)C
CHEMBL3699588,18577499,7.17,C=CC(=O)Nc1cccc(Oc2nc(Nc3ccc(N4CCN(C(C)=O)CC4)cc3OC)ncc2C(F)(F)F)c1
CHEMBL281467,565025,6.43,C=CC(=O)Nc1cnc2ncc(C#N)c(Nc3cccc(Br)c3)c2c1
CHEMBL241918,1943186,6.97,CCOc1cc2ncnc(NC3=CC(=O)C(OCc4cccc(OC)c4)=CC3=O)c2cc1NC(=O)/C=C/CN(C)C
CHEMBL207815,1715557,8.22,COCCN1CC(C(N)=O)(N(C)Cc2cc3c(Nc4cccc(Cl)c4F)ncnc3cc2OC)C1
CHEMBL2018773,10855833,5.04,CCN(CC)CCOc1cc2c(Nc3ccc(Br)cc3F)ncnc2cc1OC
CHEMBL4758842,22921886,8.96,C=CC(=O)Nc1cc2c(Nc3ccc(OCc4cccc(F)c4)c(Cl)c3)ncnc2cc1OCc1cn(CCC(=O)NO)nn1
CHEMBL5075204,24377973,6.45,C/C=C/C(=O)Nc1cc(Nc2ncc(Cl)c(N3CCc4sccc4C3)n2)c(OC)cc1N(C)CCN(C)C
CHEMBL5195321,24833312,7.28,CC(C)(C)n1cc(-c2cncc3ccccc23)c2c(N)ncnc21
CHEMBL185853,1462345,6.29,Cc1ccc(Nc2ncnn3cccc23)cc1O
CHEMBL3961202,16752390,6.74,C=CC(=O)N(C)c1cccc(-n2c(NC(=O)c3cccc(C(F)(F)F)c3)nc3cc(C)ccc32)c1
CHEMBL2048912,10949867,8.59,CC(C)(N)C(=O)NCCn1ccc2ncnc(Nc3ccc(Oc4cccc5sncc45)c(Cl)c3)c21
CHEMBL3819120,16631005,7.59,O=C1N[C@H](C(=O)Nc2cc3c(Nc4ccc(F)c(Cl)c4)ncnc3cc2OCCN2CCCCC2)CO1
CHEMBL5769390,28404602,8.1,CC(C)(C)CNc1c(C#N)cnc2c(Cl)cc(N[C@H](C3=CN(C4(C(F)F)CC4)NN3)c3cccnc3)cc12
CHEMBL4282688,18722892,9.15,C=C=CC(=O)Nc1cc(Nc2ncc(OC)c(-c3cn(C)c4ccccc34)n2)c(OC)cc1N(C)CCN(C)C
CHEMBL4849859,23203429,6.87,COc1ccc(/C=C2/SC(NN3Cc4ccccc4N=C3c3ccccc3)=NC2=O)cc1
CHEMBL5566173,25979174,8.48,O=C(/C=C/CN1CCCCC1)Nc1ccc2ncnc3c2c1CCN3c1ccc(OCc2ccccn2)c(Cl)c1
CHEMBL5631902,26154065,6.73,COCCOc1cc2ncnc(Nc3cc(Cl)cc(C=O)c3)c2cc1OCCOC
CHEMBL3946096,16895232,9.05,C=CC(=O)N1CC[C@@H](Oc2cc3c(Nc4ccc(F)c(Cl)c4F)ncnc3cc2OC)C[C@@H]1C(=O)NC
CHEMBL5437854,25691208,8.05,C=CC(=O)Nc1cc(-c2c(-c3ccccc3)oc3ncnc(N[C@H]4C[C@H](O)C4)c23)ccc1N(C)CCN(C)C
CHEMBL4116552,24815706,8.64,COc1ccc(N(C)c2nc(C)nc3c(Cc4ccccc4)cn(C)c23)cc1
CHEMBL5933155,28405397,8.7,CC(C)n1ccc2c([C@H](Nc3cc(Cl)c4ncc(C#N)c(NCC(C)(C)C)c4c3)C3=CN(C45CC(C4)C5)NN3)cccc2c1=O
CHEMBL4776925,22965628,5.08,S=C(NNc1ccccc1)Nc1ccc2c(c1)OCO2
CHEMBL5206600,24833310,7.56,CCC(=O)N1CCC[C@@H](N2CC(c3cccc(F)c3Cl)=C(C)c3cnc(Nc4ccc(N5CCN(C)CC5)c(C)c4)nc32)C1
CHEMBL5176460,24848237,8.74,CN1CCN(c2ccc(-c3ccc4c(c3)C(=O)N(C(C(=O)Nc3nccs3)c3cccc(F)c3)C4)cc2)CC1
CHEMBL3671502,26587436,8.4,C=CC(=O)Nc1cc2c(Nc3ccc(Br)cc3F)ncnc2cc1OCCN
CHEMBL1828862,6358467,6.41,Cc1ncc([N+](=O)[O-])n1CC(=O)NS(=O)(=O)c1ccc(F)cc1
CHEMBL4086731,17967285,4.0,Cc1ccc(-c2nnc(Cc3nc4ccccc4[nH]3)o2)cc1
CHEMBL384407,1766868,7.57,CS(=O)(=O)CCN(CC#N)Cc1ccc(-c2ccc3ncnc(Nc4ccc(OCc5cccc(F)c5)c(Cl)c4)c3c2)o1
CHEMBL5180725,24907659,7.68,Cc1cc(Nc2c(C#N)cnc3ccc(NC(=O)/C=C/CN(C)C)cc23)ccc1Oc1cc2nncn2cn1
CHEMBL4129387,18304096,7.52,C=CC(=O)Nc1cccc(-n2c(=O)n(C)c(=O)c3cnc(Nc4ccc(N5CCC(N(C)C)CC5)cc4OC)nc32)c1
CHEMBL3974571,16668211,7.68,C=C(C)C(=O)Nc1cc2c(Nc3ccc(F)c(Cl)c3)ncnc2cc1OCCCN1CCOCC1
CHEMBL2325087,12657569,6.18,NC(=S)N1N=C(c2ccc(Cl)c(Cl)c2)CC1c1ccc2ccccc2c1
CHEMBL56879,2202727,5.7,N#C/C(=C\c1ccc(O)c(O)c1)C(=O)c1ccc([N+](=O)[O-])cc1
CHEMBL4587847,19168182,7.9,C=CC(=O)Nc1cc(Nc2nccc(NC(=O)c3ccc(OC)c(OC)c3)n2)c(OC)cc1N1CCN(C)CC1
CHEMBL3699601,16274043,7.7,C=CC(=O)Nc1cccc(Oc2nc(Nc3ccc(N4CCN(S(C)(=O)=O)CC4)cc3OC)ncc2Cl)c1
CHEMBL6000404,27069863,5.26,N#CCC(=O)N1CCC(c2ccc(Nc3nc(N4CCC[C@@H](NC(=O)N5CCCCC5)C4)cnc3C(N)=O)cc2)CC1
CHEMBL4066118,17967061,5.24,c1ccc2c(Cc3nnc(Cc4nc5ccccc5[nH]4)o3)cccc2c1
CHEMBL5086894,24381003,8.62,COc1cc(Nc2ncc(Cl)c(Nc3ccccc3P(C)(C)=O)n2)ccc1N1CCC(N2CCN(C)CC2)CC1
CHEMBL4794131,22892152,6.51,COc1ccc(/C=N\Nc2nc(-c3nc4ccccc4n3C)cs2)cc1
CHEMBL5558514,25864541,6.46,COc1cc2ncnc(Nc3ccc(F)c(Cl)c3)c2cc1OCCCCCCNC(=O)CCN(C)Cc1ccc(-c2cccc(-c3ccccc3)c2C)nc1OC
CHEMBL3814812,16612205,8.82,Fc1cccc(COc2ccc(Nc3ncnc4ccc(NC(=S)NCCCN5CCOCC5)cc34)cc2Cl)c1
CHEMBL3752074,16436355,7.31,COc1cc(NC(=O)Nc2ccccn2)cc(-c2cccnc2)c1OC
CHEMBL3233759,14586655,5.3,COC(=O)CC(=O)Nc1cc2c(Nc3ccc(F)c(Cl)c3)ncnc2s1
CHEMBL5272206,25105712,6.63,CN1CCN(c2ccc(Nc3ncc(Br)c(Nc4ccc5nccnc5c4)n3)cc2)CC1
CHEMBL5967745,27750650,6.92,C=CC(=O)Nc1cc(Nc2ncc(Cl)c(-c3cnc4c(ccn4C)c3)n2)c(OC)cc1N1CC(N(C)C)C1
CHEMBL3622668,15743443,8.16,O=C(/C=C/CNC1CC1)Nc1cc2c(Nc3ccc(F)c(Cl)c3)ncnc2cc1OCC(F)(F)F
CHEMBL5761246,28517228,5.83,C=CC(=O)N1CCC2CN(c3nc(Nc4cnn(C)c4)c4c(c3F)CNC4=O)CC21
CHEMBL5907912,28403216,6.87,CC(C)N1C=C([C@@H](Nc2cc(Cl)c3ncc(C#N)c(Nc4ccc(F)c(Cl)c4)c3c2)c2cccc3[nH]cnc23)NN1
CHEMBL5988897,28403771,7.75,Cc1cncc([C@H](Nc2cc(Cl)c3ncc(C#N)c(Nc4ccc(F)c(Cl)c4)c3c2)C2=CN(C(C)C)NN2)c1
CHEMBL3297896,14752161,7.04,Cc1nc(Nc2cccc3[nH]ccc23)c2cc(C)oc2n1
CHEMBL2437479,26745481,7.96,C=CC(=O)Nc1cccc(-n2c(=O)cnc3cnc(Nc4ccc(OC)cc4)nc32)c1
CHEMBL5633094,26154077,7.01,COCCOc1cc2ncnc(Nc3ccc(F)c(OS(=O)(=O)F)c3)c2cc1OCCOC
CHEMBL4086078,18060693,7.6,C=CC(=O)N1CCC(Sc2nc(-c3ccc(F)cc3)c(-c3ccnc(Nc4ccccc4)c3)[nH]2)C1
CHEMBL4128567,18304103,9.0,C=CC(=O)Nc1cccc(-n2c(=O)n(CCc3ccccc3)c(=O)c3cnc(Nc4ccc(N5CCC(N(C)C)CC5)cc4OC)nc32)c1
CHEMBL3325470,15118451,4.98,Cc1ccc2c(c1)cc(C1C(C#N)=C(N)N(c3cccnc3)C3=C1C(=O)CCC3)c1nnnn12
CHEMBL5770089,26961331,7.66,CCN(C)C/C=C/C(=O)N1CC[C@@H](n2cc(C(=O)Nc3nc4cc(Cl)ccc4o3)c3c(N)ncnc32)C1
CHEMBL3786098,16540083,7.89,C=CC(=O)N1C[C@H](COc2nc(Nc3cnn(C)c3)nc3[nH]cc(Cl)c23)[C@@H](OC)C1
CHEMBL5822835,28517060,5.64,C=CC(=O)N1CCCCC(Nc2nc(Nc3ccc(OCCOC)cc3)c3c(c2F)CNC3=O)C1
CHEMBL3098317,13868178,5.62,COc1cc2nc(Cl)nc(Nc3ccc(S(N)(=O)=O)cc3)c2cc1OC
CHEMBL3092321,13852023,6.33,CN1CCN(C(=O)Nc2cc3c(Nc4ccc(F)c(Cl)c4)ncnc3cc2O[C@H]2CCOC2)CC1
CHEMBL5203711,24815698,6.92,O=C(/C=C\c1ccc(OC(F)(F)F)cc1)c1ccc(Br)c2cc(-c3ccc(F)cc3)oc12
CHEMBL1173713,3364624,4.96,COc1ccc(/C=C/C(=O)OCCn2c([N+](=O)[O-])cnc2C)cc1
CHEMBL5775870,28405289,6.93,Cn1ccc2c([C@H](Nc3cc(Cl)c4ncc(C#N)c(NCC(C)(C)C)c4c3)C3=CN(C4(C(F)F)CC4)NN3)cccc21
CHEMBL4452906,19315823,7.7,CC(=O)O[C@H]1CC[C@]2(C)[C@H]3CC=C4[C@@H]5CC(C)(C)CC[C@]5(C(=O)OCCCCO[N+](=O)[O-])CC[C@@]4(C)[C@]3(C)CC[C@H]2C1(C)C
CHEMBL3622629,15743484,8.24,C=CC(=O)Nc1cc2c(Nc3ccc(F)c(Cl)c3)ncnc2cc1O[C@H]1CCOC1
CHEMBL6056083,27653180,5.26,CC(C)=CC(=O)c1cccc(Nc2nc(Nc3ccccc3)ncc2C)c1
CHEMBL4778502,22782717,6.83,C=CC(=O)Nc1ccc(OC)c(Nc2cc(-n3c(SC)nnc3-c3ccc(F)cc3)ccn2)c1
CHEMBL5273261,25078686,7.08,C=CC(=O)N1CCC(Oc2cc3c(Nc4ccc(Cl)c(Cl)c4F)ncnc3cc2OC[C@H]2CCCN2C)CC1
CHEMBL5565503,25979154,8.54,Cc1cccc(-c2c(NC(=O)/C=C/CN(C)C)ccc3ncnc(Nc4ccc(OCc5ccccn5)c(Cl)c4)c23)c1
CHEMBL3355876,14983520,9.29,COc1cc2ncnc(Nc3ccc(F)c(Cl)c3)c2cc1OCCCCCn1ccnc1[N+](=O)[O-]
CHEMBL6029891,26750474,8.82,CN1CCN(Cc2ccc(C(=O)N[C@@H]3[C@H]4Oc5ccc(Oc6ccnc7c6COC(=O)N7)cc5[C@@H]34)cc2C(F)(F)F)CC1
CHEMBL5935382,28517213,5.87,C=CC(=O)N1CC2CN(c3nc(Nc4cnn(C)c4)c4c(c3F)CNC4=O)CC2C1
CHEMBL4067255,18060727,7.12,Fc1ccc(-c2nc(SCCN3CCOCC3)[nH]c2-c2ccnc(Nc3ccccc3)c2)cc1
CHEMBL5905715,27071738,6.26,NC(=O)c1ncc(N2CCC[C@@H](NC(=O)CCCBr)C2)nc1Nc1ccc(C2CCN(C3CCCC3)CC2)cc1
CHEMBL4280395,18765350,6.68,COc1ccc(OC)c(Nc2cc(Nc3ccc(F)cc3)ncn2)c1
CHEMBL460894,2390211,8.84,CC(C(=O)/C=C/C(=O)NCCCN(C)C)c1cc2c(Nc3cccc(Br)c3)ncnc2cn1
CHEMBL5288276,25098091,8.52,COc1cc(N2CCC(N(C)C)CC2)ccc1Nc1ncc(C(=O)OC(C)C)c(-c2cn(C(C)=O)c3ccccc23)n1
CHEMBL5572670,25979165,8.83,CN(C)C/C=C/C(=O)Nc1ccc2ncnc3c2c1CCN3c1cccc(Cl)c1F
CHEMBL2018759,10855816,5.24,COc1cc2ncnc(Nc3ccc(NC(=O)OC(C)C)c(C)c3)c2cc1OC
CHEMBL380386,1715575,6.82,COc1cc2ncnc(Nc3cccc(Cl)c3F)c2cc1CN[C@H](C)C(N)=O
CHEMBL5862252,28405199,8.22,CC(C)(C)CNc1c(C#N)cnc2c(C#N)cc(N[C@H](C3=CN(C(C)(C)C(F)F)NN3)c3cccc4cnccc34)cc12
CHEMBL1928945,7963943,6.33,Nc1cccc(Oc2cc(Nc3ccc(OCc4cccc(F)c4)c(Cl)c3)ncn2)c1
CHEMBL5808072,26750501,8.17,CNC(=O)c1cc(Oc2ccc3c(c2)[C@H]2[C@H](NC(=O)c4ccc(CN5CCN(C)CC5)c(C(F)(F)F)c4)[C@H]2O3)ccn1
CHEMBL3754722,16435150,6.54,COc1cc(NC(=O)Nc2ccncc2)cc(-c2cncnc2)c1OC
CHEMBL5880020,28404164,7.43,CCN1CCC(N2C=C([C@H](c3cscn3)N(CC)c3cc(Cl)c4ncc(C#N)c(Nc5ccc(F)c(Cl)c5)c4c3)NN2)CC1
CHEMBL4165126,18423621,6.08,C=CC(=O)Nc1cc(Nc2nccc(Nc3ccccc3-n3nccn3)n2)c(OC)cc1N1CCOCC1
CHEMBL461968,2390296,8.1,COc1cc2ncnc(Nc3ccc(F)c(Cl)c3)c2cc1CN(C)[C@@H](C)C(N)=O
CHEMBL474341,2390237,8.43,O=C(CCn1ncc2cc3c(Nc4cccc(Br)c4)ncnc3cc21)N1CCOCC1
CHEMBL4062528,18048492,7.57,S=C(Nc1ccc2ncnc(Nc3cccc(Br)c3)c2c1)N1CCOCC1
CHEMBL123046,1040781,4.38,Oc1ccc(NCc2cc(O)ccc2O)cc1
CHEMBL5830622,28883600,6.71,C=CC(=O)N1C[C@@H](Nc2cncc(-c3cnc(Oc4cccc(Cl)c4)nc3)n2)[C@@H]1C
CHEMBL1243316,3436095,7.22,C#CCNC/C=C/C(=O)Nc1cc2c(Nc3ccc(F)c(Cl)c3)c(C#N)cnc2cc1OCC
CHEMBL5276304,25023169,7.39,CN1CCN(CCC(=O)N2CCOc3c2ccc2ncnc(Nc4cccc(Br)c4)c32)CC1
CHEMBL5882388,28403120,7.68,N#Cc1cnc2c(Cl)cc(N[C@H](C3=CNNN3)c3ccc4ncsc4c3)cc2c1Nc1ccc(F)c(Cl)c1
CHEMBL4089601,18060660,7.66,C=CC(=O)NCCCSc1nc(-c2ccc(F)cc2)c(-c2ccnc(Nc3ccccc3)c2)[nH]1
CHEMBL5903081,28403228,8.52,N#Cc1cnc2c(Cl)cc(N[C@H](C3=CNNN3)c3cccc4c3CN(C(=O)CO)C4)cc2c1Nc1ccc(F)c(Cl)c1
CHEMBL5941079,28404650,8.3,CN1NNc2cccc([C@H](Nc3cc(Cl)c4ncc(C#N)c(NCC(C)(C)C)c4c3)C3=CN(C4(C(F)(F)F)CC4)NN3)c21
CHEMBL4447289,19310306,6.38,C=CC(=O)Nc1cccc(-c2noc3ncnc(N[C@H](CO)c4ccccc4)c23)c1
CHEMBL5777711,27653255,5.26,COCCOc1ccc(Nc2ncc(F)c(Nc3ccc(C(=O)C=C(C)C)cc3)n2)cc1F
CHEMBL1088931,3240737,8.21,O=C(Nc1cccc(-c2nc3sccn3c2-c2ccnc(Nc3cccc(N4CCOCC4)c3)n2)c1)c1c(F)cccc1F
CHEMBL4071058,18052742,8.49,CC(C)(C)OC(=O)NCC(=O)Nc1ccc2ncnc(Nc3cccc(Br)c3)c2c1
CHEMBL2385981,13322650,5.3,CCOc1cc(N)c(C(=O)Nc2ccc(OCc3cccc(F)c3)c(Cl)c2)cc1NC(=O)c1ccc(CN2CCN(C)CC2)cc1
CHEMBL4098591,18172244,7.63,CCC(=O)N1CC[C@@H](N2C(=O)N(c3ccccc3Cl)Cc3cnc(Nc4ccc(N5CCN(C)CC5)c(C)c4)nc32)C1
CHEMBL3671495,26587415,8.3,C=CC(=O)Nc1cc2c(Nc3ccc(Br)cc3F)ncnc2cc1OCCNC(=O)C(F)F
CHEMBL6008669,28722128,6.55,C=CC(=O)N1CCC(Oc2cc3c(Nc4cccc(-c5cnco5)c4)ncnc3cc2OC)CC1
CHEMBL5758784,27652664,6.26,C=CC(=O)Nc1cccc(N(C)c2nc(Nc3ccccc3)ncc2C)c1
CHEMBL5860078,28404989,8.52,Cc1nc(F)ccc1[C@H](Nc1cc(Cl)c2ncc(C#N)c(NCC(C)(C)CCl)c2c1)C1=CN(C2(C(F)(F)F)CC2)NN1
CHEMBL3919609,16739512,8.82,C[C@@H](Nc1ncnc2oc(-c3ccc(O)cc3)cc12)c1ccccc1
CHEMBL4099445,18248445,7.26,C=CC(=O)Nc1cc(Nc2nccc(-c3cn4c5c(cccc35)CCC4)n2)c(OC)cc1N1CCN(C)CC1
CHEMBL3699617,16295360,8.26,C=CC(=O)Nc1cccc(Oc2nc(Nc3ccc(N4CCCN(C(=O)OC(C)(C)C)CC4)cc3OC)ncc2Cl)c1
CHEMBL365606,1601114,6.7,CCOC(=O)c1cn2ncnc(Nc3ccc4c(cnn4Cc4ccccc4)c3)c2c1C(C)C
CHEMBL5939261,28403393,8.350000000000001,CC[C@@H](Nc1c(C#N)cnc2c(Cl)cc(NC(C3=CN(C4CC4)NN3)c3scnc3C)cc12)c1ccccc1
CHEMBL5822838,27653039,7.26,C=C(C)C(=O)c1ccc(Nc2nc(Nc3ccccc3)ncc2F)cc1
CHEMBL5776072,28403654,8.1,N#Cc1cnc2c(Cl)cc(N[C@H](C3=CN(CCF)NN3)c3cccnc3)cc2c1Nc1cnc(F)c(F)c1
CHEMBL5436321,25536085,6.38,Cc1cccc(CN(C)c2ncnc3[nH]c(-c4cccnc4)cc23)c1
CHEMBL3786812,16540082,7.8,C#CCCn1cc(Nc2nc(OC[C@H]3CN(C(=O)C=C)C[C@@H]3OC)c3c(Cl)c[nH]c3n2)cn1
CHEMBL4094527,18189841,5.8,C=CC(=O)N1CCC[C@@H](n2ncc3c(N)ncnc32)C1
CHEMBL5170519,24749181,8.0,Cc1c(-c2ccc(N3CCOCC3)cc2)cc(C(F)F)c2cn(C(C(=O)Nc3nccs3)c3ncn4c3CCC43CC3)nc12
CHEMBL3680375,26581698,7.95,O=C(/C=C/CN1CCCCC1)Nc1cc2c(Nc3ccc(F)c(Cl)c3)ncnc2cc1OCCCN1CCOCC1
CHEMBL4777554,22844288,6.76,O=C(Nc1cc2c(Nc3ccc(OCC4CC4)c(Cl)c3)ncnc2cc1OCCCN1CCOCC1)c1cc([N+](=O)[O-])ccc1F
CHEMBL5931975,28404812,9.0,CC(C)(C)CNc1c(C#N)cnc2c(C#N)cc(N[C@H](C3=CN(C4(C(N)=O)CCC4)NN3)c3cccc4ncccc34)cc12
CHEMBL4079768,17956901,8.14,C#Cc1cccc(Nc2ncnc3ccc(OCCCOP(N)(=O)N(CCCl)CCCl)cc23)c1
CHEMBL328106,10855797,5.44,COc1cc2ncnc(Nc3ccc(Br)cc3)c2cc1OC
CHEMBL4799700,22965624,5.79,O=S(=O)(Nc1nccs1)c1ccc(NC(=S)Nc2ccc3c(c2)OCO3)cc1
CHEMBL3676342,26587709,6.06,C=CC(=O)Nc1cc2c(Nc3cc(Cl)c(Cl)cc3Cl)ncnc2cc1OCCNC(C)=O
CHEMBL5275872,25089030,6.3,COc1cc(/C=C2\CC(C)C/C(=C\c3cc(OC)c(OC)c(OC)c3Br)C2=NO)c(Br)c(OC)c1OC
CHEMBL5272096,25105697,6.04,CN1CCN(c2ccc(Nc3ncc([N+](=O)[O-])c(Nc4ccc5[nH]ccc5c4)n3)cc2)CC1
CHEMBL5195669,24749159,7.64,O=C(Nc1nccs1)C(c1n[nH]c2c1CCC2)N1Cc2ccccc2C1=O
CHEMBL5562495,25864537,6.48,COc1cc2ncnc(Nc3ccc(F)c(Cl)c3)c2cc1OCCCCCCNCc1ccc(-c2cccc(-c3ccccc3)c2C)nc1OC
CHEMBL5410422,25599166,8.44,CC[C@H](C)Nc1cc(Nc2ccnc(-c3cnn(S(=O)(=O)C4CC4)c3)n2)ncc1C(=O)NC
CHEMBL6059063,28403204,7.6,CC(C)N1C=C([C@@H](Nc2cc(Cl)c3ncc(C#N)c(Nc4ccc(F)c(Cl)c4)c3c2)c2cccc3c2C(=O)N(C)C3)NN1
CHEMBL5846336,28404431,7.72,CC(C)(C)CNc1c(C#N)cnc2c(Cl)cc(N[C@H](C3=CN(C4CC4)NN3)c3cccc4scnc34)cc12
CHEMBL5280359,24987564,7.99,O=C(CCCCCn1cc(-c2ccc3ncnc(Nc4ccc(Br)cc4F)c3c2)nn1)NO
CHEMBL5179023,24756992,8.0,COc1cc(N2CCC(N(C)C)CC2)ccc1Nc1ncc2cc(CNc3ccccc3)n(C3CCCC3)c2n1
CHEMBL5402235,25533373,7.64,CCN(CC)CCn1ncc2cc(Nc3nccc(-c4cn(S(=O)(=O)CC)c5ccccc45)n3)cc(NC(=O)C=C(C)C)c21
CHEMBL4463094,19287505,7.64,CC(C)=CC[C@@H](OC(=O)/C=C\C(=O)c1ccc(F)cc1)C1=CC(=O)c2c(O)ccc(O)c2C1=O
CHEMBL4128726,18304097,7.17,C=CC(=O)Nc1cccc(-n2c(=O)n(C)c(=O)c3cnc(Nc4ccccc4)nc32)c1
CHEMBL3917657,16666128,6.06,CC(C)(C)c1ccc(Nc2ncnc3cc4oc(=O)n(CCOC(=O)CBr)c4cc23)cc1
CHEMBL5285052,25098089,9.82,COc1cc(N2CCN(C)CC2)ccc1Nc1ncc(C(=O)Oc2ccc(F)cc2)c(-c2cn(C)c3ccccc23)n1
CHEMBL5853393,27737621,5.26,COc1ccccc1C(=O)N(C)Cc1ccc(-c2nn(C3CCCC3)c3ncnc(N)c23)cc1
CHEMBL5947797,28404206,8.7,CCN1CCC(N2C=C(C(Nc3cc(Cl)c4ncc(C#N)c(Nc5ccc(F)c(Cl)c5)c4c3)c3cccnc3)NN2)CC1
CHEMBL5404315,25665176,7.05,CN(C)CCn1ccc2cc(Nc3nccc(-n4ccnc4-c4cccc(F)c4)n3)ccc21
CHEMBL490987,2202709,6.0,CC(C)NC(=O)c1ccc(S(=O)(=O)Oc2ccc(/C=C/[N+](=O)[O-])cc2)cc1
CHEMBL4125764,18299296,8.33,C=CC(=O)N[C@@H]1CCN(c2nc(Nc3ccccc3)nc3cnc(Nc4ccc(N5CCN(C)CC5)cn4)cc23)C1
CHEMBL3604929,15685192,5.31,Cc1cc(Nc2cc(N3CCN(C)CC3)nc(Oc3cccc(N)c3)n2)n[nH]1
CHEMBL5963748,28883684,5.22,CN(C)C/C=C/C(=O)N1CCC(Nc2cncc(-c3cnc(Nc4cccc(Cl)c4)nc3)n2)CC1
CHEMBL4218154,18450675,8.52,C=CC(=O)N[C@@H]1CN(c2nc(Nc3cn(C)nc3CC)c3ncn(C(C)C)c3n2)C[C@H]1F
CHEMBL5971988,28405610,8.4,Cc1nc(F)ccc1[C@H](Nc1cc(C#N)c2ncc(C#N)c(NCC(C)(C)C(F)(F)F)c2c1)C1=CN(C2(C(F)(F)F)CC2)NN1
CHEMBL5931977,28404419,8.7,CC(C)(C)CNc1c(C#N)cnc2c(Cl)cc(N[C@H](C3=CN(C4(C(F)F)CC4)NN3)c3cccc4c3CNC4)cc12
CHEMBL3357634,15112252,9.7,COc1cc2ncnc(Nc3ccc(F)c(Cl)c3)c2cc1NC(=O)/C(F)=C/CN(C)C
CHEMBL4863913,23299085,6.95,C=CC(=O)N1CCCC[C@H]1c1nc(-c2ccc(C(=O)Nc3cc(-c4ccc(F)cc4)ccn3)cc2)c(C(N)=O)n1N
CHEMBL6051041,28404188,7.85,CCN1CCC(N2C=C([C@@H](Nc3cc(Cl)c4ncc(C#N)c(Nc5ccc(F)c(Cl)c5)c4c3)c3ccc(Cl)s3)NN2)CC1
CHEMBL388286,1881011,5.4,COc1ccc(N(CCCl)CCN/N=N/c2ccc3ncnc(Nc4cccc(Cl)c4)c3c2)cc1
CHEMBL203132,1697610,5.77,Nc1ccc2c(c1)CNc1c(Nc3cccc(Br)c3)ncnc1O2
CHEMBL391675,1951305,6.3,Fc1cccc(Cn2ncc3cc(Nc4ncnn5ccc(CN6CCCC6)c45)ccc32)c1
CHEMBL45827,1167900,6.41,CCN(CC)CCCCNc1ncc2cc(-c3c(Cl)cccc3Cl)c(NC(=O)NC(C)(C)C)nc2n1
CHEMBL5876947,28403813,6.84,N#Cc1cnc2c(Cl)cc(N[C@H](C3=CN(C4CCN(C5COC5)CC4)NN3)c3cocn3)cc2c1Nc1ccc(Cl)c(Cl)c1F
CHEMBL4450061,19168206,6.91,C=CC(=O)Nc1cc(Nc2nccc(NC(=O)c3ccc(OC)c(OC)c3)n2)c(OC)cc1N(C)CCN(C)C
CHEMBL3544983,19218786,9.52,COc1cc2c(Nc3ccc(Cl)c(Cl)c3F)ncnc2cc1OC[C@@H]1C[C@@H]2CN(C)C[C@@H]2C1
CHEMBL5290583,24976283,9.66,C=CC(=O)N1CCCCCCn2cc(c3ccccc32)-c2ccnc(n2)Nc2cc1ccc2F
CHEMBL3818563,16631014,9.15,CCOc1cc2ncnc(N[C@@H](C)c3ccccc3)c2cc1NC(=O)[C@@H]1COC(=O)N1
CHEMBL3957055,16811420,9.16,O=C(CCCCCCn1cc(-c2ccc3ncnc(Nc4ccc(F)c(Cl)c4)c3c2)nn1)NO
CHEMBL4776396,22835811,9.7,CCOc1ccccc1-c1cc2c(N[C@H](CO)c3ccccc3)ncnc2[nH]1
CHEMBL3671542,26587559,6.99,C=CC(=O)Nc1cc2c(Nc3ccc(Br)cc3F)ncnc2cc1OCCNC(=O)C(=O)O
CHEMBL368891,2390152,5.0,Nc1ncnc2nn3ccccc3c12
CHEMBL111033,6261315,4.85,COc1cc2ncc(C#N)c(Nc3cccc(C#N)c3)c2cc1OC
CHEMBL5409629,25665173,7.07,CN(C)CCn1ccc2cc(Nc3nccc(-n4ccnc4-c4ccc(Cl)cc4)n3)ccc21
CHEMBL5804483,28333286,5.484999999999999,O=C1CCC(N2C(=O)c3ccc(OCCOCCOCC#Cc4cccc5c4C(=O)N([C@@H](C(=O)Nc4nccs4)c4cc(F)ccc4O)C5)cc3C2=O)C(=O)N1
CHEMBL5894066,28517111,5.75,C=CC(=O)N1CCCC(Nc2nc(Nc3ccc(C(=O)N4CCOCC4)cc3)c3c(c2F)CNC3=O)C1
CHEMBL55993,1162210,4.97,Cc1cc(C)c(C(=O)/C(C#N)=C/c2ccc(O)c(O)c2)c(C)c1
CHEMBL6023068,28404560,8.7,Cc1nc(F)ccc1[C@H](Nc1cc(C#N)c2ncc(C#N)c(NCC(C)(C)C)c2c1)C1=CN(C2(C)CC2)NN1
CHEMBL4097627,18243206,6.15,Oc1cccc(-c2nc(-c3ccc(F)cc3)c(-c3ccnc4[nH]c(-c5ccccc5)cc34)[nH]2)c1
CHEMBL5948245,28517129,5.27,C=CC(=O)N1CC(Nc2nc(Nc3ccc(N4CCOCC4C)cc3)c3c(c2F)CNC3=O)CCC1C
CHEMBL5886008,27652835,5.26,C=CC(=O)N(C)Cc1ccc(Oc2nc(Nc3ccc(OC)nc3)ncc2F)cc1
CHEMBL3297897,14752144,7.38,COc1ccc(Nc2nc(C)nc3oc(C)cc23)cc1
CHEMBL4743220,22896499,8.6,Fc1c(Br)cccc1Nc1ncnc2cc3c(cc12)OCCO3
CHEMBL247309,2038920,7.0,CN(C)C1CCN(Cc2ccn3ncnc(Nc4ccc5c(cnn5Cc5cccc(F)c5)c4)c23)CC1
CHEMBL5823520,27653120,5.26,C=CC(=O)Nc1cccc(Nc2ncc(F)c(Oc3ccc(Oc4ccccc4)cc3)n2)c1
CHEMBL193578,1603460,5.62,Clc1cc(Nc2ncnc3cccc(OC4CCOCC4)c23)ccc1OCc1ccccn1
CHEMBL4091284,17967303,4.0,Clc1ccc2nc(Cc3nnc(Cc4ccccc4)o3)[nH]c2c1
CHEMBL3622623,15743490,6.87,C=CC(=O)Nc1cc2c(Nc3ccc(OCc4ccccn4)c(Cl)c3)ncnc2cc1O[C@H]1CCOC1
CHEMBL3973973,16752372,7.22,C=CC(=O)N[C@@H]1CCC[C@@H](n2c(NC(=O)c3cccc(C(F)(F)F)c3)nc3cc(C)ccc32)C1
CHEMBL3622674,15743437,8.48,C#Cc1cccc(Nc2ncnc3cc(OC)c(NC(=O)/C=C/CN(C)C4CC4)cc23)c1
CHEMBL5195137,24741550,9.74,CCc1cc(Nc2ncc(Br)c(Nc3ccn4ncnc4c3P(C)(C)=O)n2)c(OC)cc1N1CCC(N2CCOCC2)CC1
CHEMBL3906330,16666134,6.52,O=C(CBr)OCCn1c(=O)oc2cc3ncnc(Nc4ccc(F)c(F)c4)c3cc21
CHEMBL5277940,25105704,7.41,CN1CCN(c2ccc(Nc3ncc(Br)c(Nc4ccc5[nH]ncc5c4)n3)cc2)CC1
CHEMBL3671500,26587430,8.52,C=CC(=O)Nc1cc2c(Nc3ccc(Br)cc3F)ncnc2cc1OCCNCC(C)=O
CHEMBL5770931,27738002,5.26,COCCO[C@H]1C=C[C@H](n2nc(-c3ccc(CNC(=O)c4ccccc4OC)cc3)c3c(N)ncnc32)C1
CHEMBL4093954,18117871,7.8,C=CC(=O)Nc1cccc(Nc2nc(Nc3ccc(/C=C/c4cc(OC)cc(OC)c4)cc3)ncc2Cl)c1
CHEMBL5929586,28404710,8.7,CN1NNc2cccc([C@H](Nc3cc(Cl)c4ncc(C#N)c(NCC(C)(C)C)c4c3)C3=CN(C4(C(F)F)CC4)NN3)c21
CHEMBL5562753,25864527,6.08,COc1cc2ncnc(Nc3ccc(F)c(Cl)c3)c2cc1OCCCCCCNCc1c(OC)cc(OCc2cccc(-c3ccccc3)c2C)cc1OC
CHEMBL5523580,25864538,6.39,COc1cc2ncnc(Nc3ccc(F)c(Cl)c3)c2cc1OCCCCCCCCNCc1ccc(-c2cccc(-c3ccccc3)c2C)nc1OC
CHEMBL4562138,18923689,9.1,Cc1cc2cc(n1)-c1cnn(C)c1OCCC[C@@H](C)CN1/C(=N/C2=O)Nc2ccccc21
CHEMBL5977533,27619517,4.96,C=CC(=O)Nc1cccc(Nc2nc(Nc3ccc(C4CCN(C)CC4)cc3OC)ncc2C(F)(F)F)c1
CHEMBL4779958,22965626,6.45,Cc1c(NC(=S)Nc2ccc3c(c2)OCO3)c(=O)n(-c2ccccc2)n1C
CHEMBL5846978,28403378,8.18,COc1ccc(Nc2c(C#N)cnc3c(Cl)cc(N[C@@H](C4=CN(C5CC5)NN4)c4ccc(F)nc4)cc23)cc1Cl
CHEMBL5795465,28405295,8.7,CC(C)(C)CNc1c(C#N)cnc2c(Cl)cc(N[C@H](C3=CN(C4CC4)NN3)c3csc4cnccc34)cc12
CHEMBL3628799,15759245,5.4,O=C(Nc1ccc(Nc2ncnc3sc4c(c23)CCCC4)cc1)Nc1cccc(Br)c1
CHEMBL491676,2390170,9.11,C=CC(=O)Nc1cc2c(Cc3cccc(Br)c3)ncnc2cc1SCCCN(CC)CC
CHEMBL5873442,28403324,8.16,CC(C)(C)CNc1c(C#N)cnc2c(Br)cc(N[C@H](C3=CN(C4CC4)NN3)c3cccc4c3C(=O)NC4)cc12
CHEMBL605413,3055912,5.66,CCCC(Cc1coc2nc(N)nc(N)c12)c1ccccc1OC
CHEMBL5741712,28405736,8.0,COc1ncccc1[C@H](Nc1cc(C#N)c2ncc(C#N)c(NCC(C)(C)C)c2c1)C1=CN(C2(C(F)(F)F)CC2)NN1
CHEMBL4092003,18060595,7.12,CC(=O)CCCSc1nc(-c2ccc(F)cc2)c(-c2ccnc(Nc3ccccc3)c2)[nH]1
CHEMBL3676377,26587814,7.195,C=CC(=O)Nc1cc2c(Nc3ccc(Br)c(Cl)c3F)ncnc2cc1OC[C@@H](C)NC(=O)CN(C)C
CHEMBL110945,6261327,5.04,COc1cc2ncc(C#N)c(Nc3ccc(O)c(Cl)c3)c2cc1OC
CHEMBL4795165,22408228,7.48,C=CC(=O)Nc1cccc(-c2c[nH]c3ncnc(Nc4ccc(CN5C(=O)c6ccccc6C5=O)cc4)c23)c1
CHEMBL5742635,26961379,7.95,CN(C)C/C=C/C(=O)N1CC[C@H](n2nc(C(=O)Nc3nc4ccccc4o3)c3c(N)ncnc32)C1
CHEMBL6026906,28405760,8.4,CC(C)(C)CNc1c(C#N)cnc2c(C#N)cc(N[C@H](C3=CN(C(CF)CF)NN3)c3cccc4ncccc34)cc12
CHEMBL5753139,26811028,8.54,COCC1CCN1C/C=C/C(=O)Nc1cc2c(Nc3ccc(F)c(Cl)c3)ncnc2cc1O[C@H]1CCOC1
CHEMBL4798480,22782711,6.81,C=CC(=O)Nc1cc(Nc2cc(-n3c(SC)nnc3-c3ccc(F)cc3)ccn2)ccc1N(C)CCN(C)C
CHEMBL4646644,20667650,5.37,COc1ccc(/C=N/c2nnc3c4ccccc4nc(Nc4ccc(C)cc4N)n23)cc1O
CHEMBL2324871,12657572,6.46,NC(=S)N1N=C(c2ccc(Br)cc2)CC1c1ccc2ccccc2c1
CHEMBL251125,2047153,8.74,CCOc1cc2ncnc(C#Cc3c[nH]nc3-c3ccc(F)cc3)c2cc1OCC
CHEMBL6051171,28404140,8.3,CCN1CCC(N2C=C(C(Nc3cc(Cl)c4ncc(C#N)c(Nc5ccc(F)c(Cl)c5)c4c3)c3cncnc3)NN2)CC1
CHEMBL5858630,26749760,8.57,CN(C)Cc1ccc(C(=O)N[C@@H]2[C@H]3Oc4ccc(Oc5ccnc6c5CCC(=O)N6)cc4[C@@H]23)cc1C(F)(F)F
CHEMBL3219129,14533839,7.61,C=CC(=O)Nc1cccc(N2C(=O)C(C(C)C)N(C)C(=O)c3cnc(Nc4ccc(N5CCN(C)CC5)cc4OC)nc32)c1
CHEMBL49596,1142979,5.25,Cn1c(=O)c(-c2c(Cl)cccc2Cl)cc2cnc(N)nc21
CHEMBL5200385,24833334,7.32,CC(=O)N[C@H]1CC[C@H](n2c(=O)c(-c3ccccc3Cl)cc3ccc(Nc4ccc(N5CCN(C)CC5)c(C)c4)cc32)CC1
CHEMBL5420948,25691202,7.82,C=CC(=O)Nc1cc(-c2c(-c3ccccc3)oc3ncnc(NC(C)C)c23)ccc1N(C)CCN(C)C
CHEMBL248392,2045389,8.3,COc1cc2c(N[C@@H]3C[C@H]3c3ccccc3)c(C#N)cnc2cc1OCCCN1CCOCC1
CHEMBL127367,900240,6.41,CCOc1cc2ncnc(Nc3cccc(-c4nc[nH]n4)c3)c2cc1OCC
CHEMBL5805552,28620776,6.09,COc1cc(N2CCN(C3CCN(C(C)=O)CC3)CC2)ccc1Nc1ncc(Cl)c(Nc2ccccc2NS(C)(=O)=O)n1
CHEMBL2070196,10988320,5.56,O=C(Nc1ccc2ncnc(Nc3cccc(Cl)c3)c2c1)C1COc2ccccc2O1
CHEMBL4078120,17998440,8.74,C=CC(=O)Nc1cc(C)cc(-n2c(=O)cc(C)c3cnc(Nc4ccc(N5CCN(C)CC5)cc4OC)nc32)c1
CHEMBL5190513,24871202,6.17,Fc1cc2c(cc1Cl)Nc1ncnc3ccc(cc13)OCCOCCO2
CHEMBL5935095,28404311,9.0,CC(C)(C)CNc1c(C#N)cnc2c(C#N)cc(N[C@H](C3=CN(C4(C(N)=O)CC4)NN3)c3cccc4ncsc34)cc12
CHEMBL4283823,18765356,7.58,COc1ccc(Nc2cc(NC(=O)c3ccccc3)ncn2)cc1
CHEMBL2426290,13446016,6.42,COc1ccc(NC(=O)/C=C/CN(C)C)cc1Nc1ncc(F)c(-c2cnn3ccccc23)n1
CHEMBL5968112,28405166,8.15,CC(C)(C)CNc1c(C#N)cnc2c(Cl)cc(N[C@H](C3=CN(C(C)(C)CF)NN3)c3cccc4ncccc34)cc12
CHEMBL2385982,13322649,5.22,CCOc1cc([N+](=O)[O-])c(C(=O)Nc2ccc(F)c(Cl)c2)cc1NC(=O)/C=C/CN(C)C
CHEMBL3819553,16631020,7.92,CCOc1cc2ncnc(Nc3ccc(OCc4cccc(F)c4)c(Cl)c3)c2cc1NC(=O)[C@H]1NC(=O)O[C@@H]1C
CHEMBL5199612,24902226,6.74,Nc1ccc2ncnc(Nc3ccc4cc[nH]c4c3)c2c1
CHEMBL4743566,22844311,7.85,O=C(Nc1cc2c(Nc3ccc(F)c(Cl)c3)ncnc2cc1OCCCN1CCOCC1)c1cccc([N+](=O)[O-])c1Cl
CHEMBL4787816,22835823,9.52,COc1cc(CNCCN(C)C)ccc1-c1cc2c(N[C@H](CO)c3ccccc3)ncnc2[nH]1
CHEMBL1080506,3222532,4.9,Cc1c(C(=O)NCCN2CCOCC2)[nH]c2cnnc(Nc3ccc(OCc4cccc(F)c4)c(Cl)c3)c12
CHEMBL110036,6261318,6.09,COc1cc2ncc(C#N)c(Nc3cccc(N)c3)c2cc1OC
CHEMBL5939316,27652751,7.26,COCCOc1ccc(Nc2ncc(F)c(Nc3cccc(NC(=O)/C=C/CN4CC[C@@H](O)C4)c3)n2)cc1
CHEMBL5779322,28405118,8.3,Cn1nccc1[C@H](Nc1cc(C#N)c2ncc(C#N)c(NCC(C)(C)C)c2c1)C1=CN(C2(C(F)(F)F)CC2)NN1
CHEMBL5928693,28403732,6.59,N#Cc1cnc2c(Cl)cc(N[C@H](C3=CNNN3)c3cocn3)cc2c1N[C@H](CO)c1ccccc1
CHEMBL5873347,28517102,5.08,C=CC(=O)N1CCCC(Nc2nc(Nc3ccc(N4CCC(O)C(C)(C)C4)cn3)c3c(c2F)CNC3=O)C1
CHEMBL5940893,28403297,8.55,N#CCC[C@@H](Nc1c(C#N)cnc2c(Cl)cc(N[C@H](C3=CN(C4CC4)NN3)c3cccc4ncsc34)cc12)c1ccccc1
CHEMBL293584,1183293,6.3,N#CC(C#N)=C1CCc2cc(O)c(O)cc21
CHEMBL1272222,3521897,6.13,C=CC(=O)N1CCc2c(sc3ncnc(N[C@H](C)c4ccccc4)c23)C1
CHEMBL5981415,28405517,8.3,COc1nccc2c([C@H](Nc3cc(C#N)c4ncc(C#N)c(NCC(C)(C)C)c4c3)C3=CN(C4(C(F)(F)F)CC4)NN3)cccc12
CHEMBL5982062,26839015,8.68,CC(C)(C)CNc1ncnc2c(C#N)cc(NC(c3ccc(F)cc3)c3cn(C4CC4)nn3)cc12
CHEMBL5284255,25018373,7.44,C=CC(=O)Nc1cc(Nc2ncc(Cl)c(-c3cn4c5c(cccc35)OCC4)n2)c(OC)cc1N(C)CCN(C)C
CHEMBL55204,1165160,6.25,N#C/C(=C\c1ccc(O)c(O)c1)C(=O)c1ccc(F)cc1
CHEMBL446019,2390222,9.27,C=CC(=O)Nc1cc2ncnc(Nc3cccc(Cl)c3)c2cn1
CHEMBL3746268,16416942,4.96,CC(=O)N1N=C(c2ccc(C)cc2)CC1c1ccc(C(=O)OCCn2c([N+](=O)[O-])cnc2C)cc1
CHEMBL5187021,24824823,7.5,CNC(=O)C1CN(c2ncc(C(C)C)c3cc(Nc4ccnc(N5CC[C@@H](O)[C@@](C)(F)C5)n4)ncc23)C1
CHEMBL3937527,16739516,7.25,C[C@@H](Nc1ncnc2oc(-c3ccc(Br)cc3)cc12)c1ccccc1
CHEMBL205870,1710033,7.07,C#Cc1cncnc1Nc1ccc(OCc2cccc(F)c2)c(Cl)c1
CHEMBL3234750,14571462,8.22,Cc1ccc(C(=O)Nc2ccc(CN3CCN(C)CC3)c(C(F)(F)F)c2)cc1NC(=O)c1cnc(Nc2ccccc2)nc1
CHEMBL4748149,22835828,8.8,OCc1cc(-c2cc3c(N[C@H](CO)c4ccccc4)ncnc3[nH]2)ccc1F
CHEMBL5270506,25105698,6.81,COc1cnc(Nc2ccc(N3CCN(C)CC3)cc2)nc1Nc1ccc2[nH]ccc2c1
CHEMBL4072392,18117554,6.14,CC(=O)c1ccccc1-n1c(-c2ccccc2)nc2cc(Cl)ccc2c1=O
CHEMBL242349,1943179,5.11,COCCOc1cc2ncnc(NC3=CC(=O)C(OCc4cccc(OC)c4)=CC3=O)c2cc1OC
CHEMBL398154,1943189,7.04,CCOc1cc2ncnc(NC3=CC(=O)C(OCc4ccccn4)=CC3=O)c2cc1NC(=O)/C=C/CN(C)C
CHEMBL5200991,24824826,8.77,CC(C)c1cnc(N2C[C@H](CS(C)(=O)=O)[C@H]2C)c2cnc(Nc3ccnc(N4CC[C@@H](O)[C@@](C)(F)C4)n3)cc12
CHEMBL1081849,3222530,6.01,Cc1c(C(=O)NCCCN2CCN(C)CC2)[nH]c2cnnc(Nc3ccc(OCc4cccc(F)c4)c(Cl)c3)c12
CHEMBL4776073,22894032,7.33,C=C(Cl)C(=O)Nc1cccc(Nc2nc(Nc3ccc(N4CCN(C(C)=O)CC4)cc3Cl)ncc2Cl)c1
CHEMBL5949598,26961394,7.69,C=CC(=O)N1CC(n2nc(C(=O)Nc3nc4cc(F)ccc4o3)c3c(N)ncnc32)C1
CHEMBL2426286,13446020,6.82,C=CC(=O)Nc1ccc(OC)c(Nc2ncc(Cl)c(-c3cnn4ccccc34)n2)c1
CHEMBL2347969,12722993,7.05,OC[C@@H](Nc1ncnc2oc(-c3ccccc3)c(Br)c12)c1ccccc1
CHEMBL5427952,25599162,7.52,CC[C@H](C)Nc1cc(Nc2ccnc(-c3cnn(S(=O)(=O)C4CC4)c3)n2)ncc1C(=O)N1CC(C(C)(C)O)C1
CHEMBL2337371,12684828,4.51,CC(C)(C)C(=O)Nc1nc(Nc2cccc(F)c2)c2c(n1)[nH]c1cccc(Cl)c12
CHEMBL3133908,13974933,6.56,C=CC(=O)Nc1ccc2ncnc(Nc3cccc(CC)c3)c2c1
CHEMBL5946595,28883582,5.46,C=CC(=O)N1CC(C)(Nc2cncc(-c3cnc(Oc4cccc(Cl)c4)nc3)n2)C1
CHEMBL1093235,3240713,6.64,O=[N+]([O-])c1cccc(-c2nc3sccn3c2-c2ccnc(Nc3ccccc3)n2)c1
CHEMBL422347,274082,7.09,CS(=O)(=O)CCNc1nc(-c2ccc3ncnc(Nc4ccc(OCc5ccccc5)cc4)c3c2)cs1
CHEMBL3676365,26587778,7.39,C=CC(=O)Nc1cc2c(Nc3ccc(Br)c(Cl)c3F)ncnc2cc1OCCNC(=O)CCO
CHEMBL5181684,24919472,7.49,CCc1cc(N2CCOCC2)c2cc1Nc1ncc(Cl)c(n1)-c1cn(S(=O)(=O)CC)c3cc(ccc13)OCCCCCCO2
CHEMBL5850600,28405145,7.82,Cc1ccc([C@H](Nc2cc(Cl)c3ncc(C#N)c(NCC(C)(C)C)c3c2)C2=CN(C3(C(F)(F)F)CC3)NN2)c(C)n1
CHEMBL3360609,14974589,9.33,C#Cc1cccc(Nc2ncnc3cc(OCCCCCn4ccnc4[N+](=O)[O-])c(OC)cc23)c1
CHEMBL4087709,18029901,6.7,COc1cc2cnnc(Nc3ccc(Cl)cc3F)c2cc1OC
CHEMBL1944927,8025251,4.18,CCc1ccc(C(=O)NNc2ccc(Cl)cc2C)cc1
CHEMBL5857367,28404947,9.0,Cc1nc(F)ccc1[C@H](Nc1cc(C#N)c2ncc(C#N)c(NCC(C)(C)C)c2c1)C1=CN(C2(C3CC3)CC2)NN1
CHEMBL285063,3126321,7.92,C=CC(=O)Nc1ccc2ncnc(Nc3cccc(Br)c3)c2c1
CHEMBL5512543,25866185,6.58,C=CC(=O)N1CC[C@H](n2cc(-c3ccncc3)c(-c3cccc(/C=C/c4cc5n(n4)CCOC5)c3)n2)C1
CHEMBL3968839,16668213,7.21,CCC(=O)Nc1cc2c(Nc3ccc4c(ccn4Cc4ccccn4)c3)ncnc2cc1OC
CHEMBL4642177,20690040,6.68,CCC(=O)Nc1cc(Nc2nccc(-c3c[nH]c4c(CCO)cccc34)n2)c(OC)cc1F
CHEMBL5268062,25059913,6.8,COc1cc2c(Nc3ccc(Oc4ccccc4Br)cc3)ncnc2cc1OCC1CCN(C)CC1
CHEMBL5894508,28404665,8.52,CN1NNc2cccc([C@H](Nc3cc(C#N)c4ncc(C#N)c(NCC(C)(C)C)c4c3)C3=CN(C4(C(F)(F)F)CC4)NN3)c21
CHEMBL516047,22814205,8.06,CSc1ccc(N(C)c2nc(C)nc3ccccc23)cc1
CHEMBL4290785,19408281,8.11,C=CC(=O)Nc1cccc(-n2c(=O)c(=O)n(C(C)C)c3cnc(Nc4ccc(N5CCC(N6CCN(C)CC6)CC5)cc4OC)nc32)c1
CHEMBL4647325,20667653,6.16,Nc1nc(Nc2nnc3c4ccccc4nc(Sc4ccc(Br)cc4)n23)cs1
CHEMBL3360618,14974598,9.43,COc1cc2c(Nc3cccc(Br)c3)ncnc2cc1OCCCCn1ccnc1[N+](=O)[O-]
CHEMBL3774471,16499795,6.36,O=C1COc2cc3ncnc(Nc4ccc(F)cc4)c3cc2N1CCCN1CCOCC1
CHEMBL5275486,25059908,6.97,COc1cc2c(Nc3ccc(Oc4ccccc4)c(Cl)c3)ncnc2cc1OCC1CCN(C)CC1
CHEMBL5948939,28404800,8.4,CC(C)(C)CNc1c(C#N)cnc2c(C#N)cc(N[C@H](C3=CN(C4(C(F)(F)F)CC4)NN3)c3cccn4nccc34)cc12
CHEMBL4175045,18423649,8.39,C=CC(=O)Nc1cc(Nc2nccc(Nc3ccccc3-c3ccn(C)n3)n2)c(OC)cc1N(C)CCN(C)C
CHEMBL5426811,25691205,7.82,C=CC(=O)Nc1cc(-c2c(-c3ccccc3)oc3ncnc(N[C@H]4CCC[C@H]4O)c23)ccc1N(C)CCN(C)C
CHEMBL5888474,26768746,7.5,CCOc1cc2ncnc(Nc3ccc(OCc4cccc(F)c4)c(Cl)c3)c2cc1NC(=O)/C=C/CN1C[C@@H]2OCCO[C@@H]2C1
CHEMBL5406084,25533376,7.22,CCN(CC)CCn1ncc2cc(Nc3nccc(-c4cn(S(=O)(=O)CC)c5ccccc45)n3)cc(NC(=O)C(C)C)c21
CHEMBL4070707,18060725,8.72,C=CC(=O)N1CCC[C@H]1CSc1nc(-c2ccc(F)cc2)c(-c2ccnc(Nc3ccccc3)c2)[nH]1
CHEMBL5169943,24919474,6.78,CCS(=O)(=O)n1cc2c3ccc(cc31)OCCCCCCOc1cc(c(C3CCCC3)cc1N1CCOCC1)Nc1ncc(Cl)c-2n1
CHEMBL5892248,26961289,6.19,CC(C)=CC(=O)N1CC[C@@H](n2nc(C(=O)Nc3nc4cc(Cl)ccc4o3)c3c(N)ncnc32)C1
CHEMBL3360607,14974587,9.19,C#Cc1cccc(Nc2ncnc3cc(OCCCn4ccnc4[N+](=O)[O-])c(OC)cc23)c1
CHEMBL5908279,28403114,8.15,CC(C)N1C=C([C@@H](Nc2cc(Cl)c3ncc(C#N)c(Nc4cnc(F)c(F)c4)c3c2)c2cccnc2)NN1
CHEMBL5591662,25979155,7.84,CN1CCC[C@@H]1/C=C/C(=O)Nc1ccc2ncnc(Nc3ccc(OCc4ccccn4)c(Cl)c3)c2c1-c1ccccc1
CHEMBL6047255,28403606,8.15,Cc1ncccc1[C@H](Nc1cc(Cl)c2ncc(C#N)c(Nc3cnc(F)c(F)c3)c2c1)C1=CNNN1
CHEMBL5189711,24670255,7.5,C=CC(=O)N1CCC(Oc2nc(Nc3ccc(N4CCN(C(C)=O)CC4)cc3OC)nc3[nH]ccc23)CC1
CHEMBL5420857,25665172,7.77,CN(C)CCn1ccc2cc(Nc3nccc(-n4ccnc4-c4ccc(F)cc4)n3)ccc21
CHEMBL5740925,27652913,7.26,C=CC(=O)Nc1cccc(Nc2nc(Nc3ccc4c(c3)N(C(=O)C(F)(F)F)CCO4)ncc2F)c1
CHEMBL5633759,26154059,6.85,C=CC(=O)Oc1cccc(Nc2ncnc3cc(OCCOC)c(OCCOC)cc23)c1
CHEMBL3237930,14574813,6.09,CCN(CC)CCC(=O)Nc1cccc(Oc2nc(Nc3ccc(N4CCN(C)CC4)cc3OC)ncc2Cl)c1
CHEMBL5983063,28405562,8.7,Cc1nc(F)ccc1[C@H](Nc1cc(C#N)c2ncc(C#N)c(NCC(C)(C)C(F)(F)F)c2c1)C1=CN(C(C)(C)C)NN1
CHEMBL5078413,24349087,8.62,CCP(=O)(CC)c1ccccc1Nc1nc(Nc2cc(-c3cnn(C)c3)c(N3CCOCC3)cc2OC)ncc1Cl
CHEMBL5777984,26838955,7.37,CC[C@@H](Nc1ncnc2ccc(NC(c3ccc(F)cc3)c3cn(C4CC4)nn3)cc12)c1ccccc1
CHEMBL5766471,27619433,6.16,C=CC(=O)Nc1cccc(Nc2nc(Nc3ccc(C4=CCN(C(C)=O)CC4)cc3OC)ncc2C(F)(F)F)c1
CHEMBL5892937,28404050,7.7,CC(C)(C)N1CCC(N2C=C([C@@H](Nc3cc(Cl)c4ncc(C#N)c(Nc5ccc(F)c(Cl)c5)c4c3)c3ccc(Cl)nc3Cl)NN2)CC1
CHEMBL4558356,19168489,7.57,CCOc1cc2ncnc(Nc3ccc(F)c(Cl)c3)c2cc1OC(=O)CSc1ncccn1
CHEMBL3818015,16631002,9.33,COc1cc2ncnc(Nc3cccc(Br)c3)c2cc1NC(=O)[C@@H]1COC(=O)N1
CHEMBL3764589,16478370,8.54,COCCOc1cc2ncnc(Nc3ccc(NC(=O)C45CC6CC(CC(C6)C4)C5)c(C)c3)c2cc1OCCOC
CHEMBL3963403,16809240,8.16,Fc1ccc(/C=C/C(=N/Nc2nncc3ccccc23)c2ccccc2)cc1
CHEMBL2178351,16328317,8.3,CC(C)n1c(Nc2ccccc2)nc2cnc(Nc3ccc(N4CCN(C)CC4)cc3)nc21
CHEMBL5841377,28404455,6.5,Cc1cc(N[C@H](C2=CN(C3CC3)NN2)c2cccc3ncsc23)cc2c(NOC(C)(C)C)c(C#N)cnc12
CHEMBL126996,903968,6.14,CCOc1cc2ncnc(Nc3cccc(-c4cocn4)c3)c2cc1OCC
CHEMBL6008076,28405202,8.7,CC(C)(C)CNc1c(C#N)cnc2c(C#N)cc(N[C@H](C3=CN(C45CC(C4)C5)NN3)c3cccc4cnccc34)cc12
CHEMBL5778816,28404371,8.7,CC(C)(C)CNc1c(C#N)cnc2c(C#N)cc(N[C@H](C3=CN(C4(C(F)(F)F)CC4)NN3)c3csc4c3CCN(C3COC3)C4)cc12
CHEMBL4448148,19310300,6.62,C/C=C/C(=O)Nc1cccc(-c2c(-c3ccccc3)oc3ncnc(N[C@H](CO)c4ccccc4)c23)c1
CHEMBL489306,2390177,8.82,C=CC(=O)Nc1cc2c(Cc3ccc(F)c(Cl)c3)ncnc2cc1OCCCN1CCOCC1
CHEMBL2316159,12615144,5.32,COc1cc(/C=C2\CCC/C(=C\c3cc(C(C)(C)C)c(O)c(C(C)(C)C)c3)C2=O)cc(OC)c1
CHEMBL4764993,22835817,9.1,COc1cc(NC(C)=O)ccc1-c1cc2c(N[C@H](CO)c3ccccc3)ncnc2[nH]1
CHEMBL3114690,13924676,7.34,C#Cc1cccc(Nc2ncnc3cc4c(cc23)N(C(=O)/C=C/CN(C)C)CCO4)c1
CHEMBL501618,2390191,9.3,C/C=C/C(=O)Cc1cc2c(Nc3cccc(Br)c3)ncnc2cn1
CHEMBL5204749,24741563,9.55,CCO[C@@H]1CCN(C2CCN(c3cc(OC)c(Nc4ncc(Br)c(Nc5ccc6c(c5P(C)(C)=O)OCCO6)n4)cc3C)CC2)C1
CHEMBL5284866,25059914,7.5,COc1cc2c(Nc3ccc(Oc4ccccc4C)cc3)ncnc2cc1OCC1CCN(C)CC1
CHEMBL5440481,25665190,7.82,CN(C)CCn1ccc2cc(Nc3nccc(-c4sc(NS(=O)(=O)c5ccc(F)cc5)nc4-c4ccc(F)cc4)n3)ccc21
CHEMBL5837504,28403564,8.7,CC[C@@H](Nc1c(C#N)cnc2c(Cl)cc(N[C@@H](C3=CN(C4CC4)NN3)c3cccnc3)cc12)c1ccccc1
CHEMBL5788798,28405358,8.7,Cc1nc(F)ccc1[C@H](Nc1cc(Cl)c2ncc(C#N)c(NCC(C)(C)C)c2c1)C1=CN(C2(C)COC2)NN1
CHEMBL592617,3126310,9.77,N#CCC(=O)Nc1ccc2ncnc(Nc3cccc(Br)c3)c2c1
CHEMBL246284,2038871,7.21,Fc1cccc(Cn2ncc3cc(Nc4ncnn5ccc(COC[C@@H]6CNCCO6)c45)ccc32)c1
CHEMBL3678952,16338927,8.4,COc1cccc(Nc2nc3cnc(Nc4ccc(N5CCN(C)CC5)cc4)nc3n2C(C)C)c1
CHEMBL599047,3126303,9.07,O=C(Cn1sc2ccccc2c1=O)Nc1ccc2ncnc(Nc3cccc(Br)c3)c2c1
CHEMBL3353406,15073247,6.05,C=CC(=O)Nc1cc(Nc2ncc(C#N)c(-c3cn(C)c4ccccc34)n2)c(OC)cc1N(C)CCN(C)C
CHEMBL6003108,27069218,6.26,CN(C)C(=O)N[C@@H]1CCCN(c2nnc(C(N)=O)c(Nc3ccc(C(=O)N4CCOCC4)cc3)n2)C1
CHEMBL4214620,18456106,5.21,COc1cc(N2CCN(C)CC2)ccc1Nc1ncc(Cl)c(Oc2cccc(N=[N+]=[N-])c2)n1
CHEMBL5271568,25059894,6.85,COc1cc2c(Nc3ccc(Sc4ccccc4)cc3)ncnc2cc1OCC1CCN(C)CC1
CHEMBL3604925,15685188,6.16,CCC(=O)Nc1ccc(Oc2nc(Nc3cc(C)[nH]n3)cc(N3CCN(C)CC3)n2)cc1
CHEMBL4105442,18117874,8.17,C=CC(=O)Nc1cccc(Nc2nc(Nc3ccc(/C=C/c4ccc(C)cc4C)cc3)ncc2Cl)c1
CHEMBL5632112,26164359,4.69,O=C(Nc1ccccc1)c1ccc(Nc2ncnc3[nH]ccc23)cc1
CHEMBL5272694,25066919,5.35,C=CC(=O)N1CCC(C2CCNc3c(C(N)=O)c(-c4cc(OC)c(C5CCCC5)c(OC)c4)nn32)CC1
CHEMBL225930,1881010,5.66,ClCCN(CCN/N=N/c1ccc2ncnc(Nc3cccc(Cl)c3)c2c1)c1ccc(Cl)cc1
CHEMBL6020006,28883444,5.29,C=CC(=O)N1CC[C@H](Nc2cncc(-c3cnc(Oc4cccc(Cl)c4)nc3)c2)C1
CHEMBL5405737,25599172,8.35,CC[C@H](C)Nc1cc(Nc2ccnc(-c3cnn(S(=O)(=O)C4CC4)c3)n2)ncc1C(=O)NCCCF
CHEMBL6036005,27070481,5.26,CN(C)C(=O)N[C@@H]1CCCN(c2cnc(C(N)=O)c(Nc3ccc(C4(CN)CCCC4)cc3)n2)C1
CHEMBL5755291,26749838,9.16,C[C@@H]1CN(Cc2ccc(C(=O)N[C@@H]3[C@H]4Oc5ccc(Oc6ccnc7c6CCC(=O)N7)cc5[C@@H]34)cc2C(F)(F)F)CCN1
CHEMBL1958039,8049012,5.38,O=C1CSC(N2N=C(c3ccc(Br)cc3)CC2c2ccc(Cl)cc2)=N1
CHEMBL5170653,24919470,7.24,CCS(=O)(=O)n1cc2c3ccc(cc31)OCCCCCCOc1cc(c(Cl)cc1N1CCOCC1)Nc1ncc(Cl)c-2n1
CHEMBL4869024,23256351,8.17,CN1CCN(CCOc2ccc(Nc3ncc(Cl)c(Nc4ccccc4C(=O)NO)n3)cc2)CC1
CHEMBL5268388,25066923,6.89,C=CC(=O)N1CCC(C2CCNc3c(C(N)=O)c(-c4cc(OC)c5c(c4)OCC5(C)C)nn32)CC1
CHEMBL3622673,15743438,8.21,C#Cc1cccc(Nc2ncnc3cc(OCC)c(NC(=O)/C=C/CN4CCCCC4)cc23)c1
CHEMBL5962278,28620557,6.14,COc1cc(C2CCNCC2)c(C)cc1Nc1ncc(Cl)c(Nc2ccccc2NS(C)(=O)=O)n1
CHEMBL4779681,22968049,6.96,O=c1ccc2ccc(Oc3nc(Nc4ccc(N5CCC(N6CCCCC6)CC5)c(F)c4)nc4ccsc34)cc2[nH]1
CHEMBL4105530,17956900,7.57,NP(=O)(OCCCCOc1ccc2ncnc(Nc3ccc(OCc4cccc(F)c4)c(Cl)c3)c2c1)N(CCCl)CCCl
CHEMBL4092951,18048488,8.04,CNC(=S)Nc1ccc2ncnc(Nc3cccc(Br)c3)c2c1
CHEMBL5939530,28405013,8.3,Cc1nc(F)ccc1[C@H](Nc1cc(Cl)c2ncc(C#N)c(NCC(C)(C)C)c2c1)C1=C(I)N(C2CC2)NN1
CHEMBL4537422,19315824,7.4,CC1(C)CC[C@]2(C(=O)OCCCCO[N+](=O)[O-])CC[C@]3(C)C(=CC[C@@H]4[C@@]5(C)CC[C@H](O)[C@@](C)(CO)[C@@H]5CC[C@]43C)[C@@H]2C1
CHEMBL4067556,17967292,4.0,N#CCc1nnc(Cc2nc3ccccc3[nH]2)o1
CHEMBL4644480,20667652,5.39,O=C1CSCC(=O)N1c1nnc2c3ccccc3nc(Sc3ccc(Br)cc3)n12
CHEMBL5900156,26961253,7.08,C=CC(=O)N1CCC[C@@H](n2nc(C(=O)Nc3nc4cc(F)ccc4o3)c3c(N)ncnc32)C1
CHEMBL5940517,27653000,6.26,C=CC(=O)Nc1cccc(Nc2nc(Nc3ccc(OC(C)C)nc3)ncc2F)c1
CHEMBL5749405,28404341,8.52,CC(C)(C)CNc1c(C#N)cnc2c(Cl)cc(N[C@H](C3=CN(C4CCN(C(C)(C)C)CC4)NN3)c3cccc4ncsc34)cc12
CHEMBL4463765,19073805,7.73,COc1cc2c(Nc3ccc(C)c(Br)c3)ncnc2cc1OCCNC(=O)Cn1cnc([N+](=O)[O-])n1
CHEMBL5897496,28404011,8.1,CC1(C)CC(N2C=C([C@@H](Nc3cc(Cl)c4ncc(C#N)c(Nc5ccc(F)c(Cl)c5)c4c3)c3cccnc3)NN2)CC(C)(C)N1
CHEMBL5907670,28403135,8.7,CC(C)(C)N1CCC(N2C=C([C@@H](Nc3cc(Cl)c4ncc(C#N)c(Nc5ccc(F)c(Cl)c5)c4c3)c3cccc4c3CN(C(=O)CO)C4)NN2)CC1
CHEMBL4218052,18456071,5.25,COc1cc(N2CCN(C)CC2)ccc1Nc1ncc(Cl)c(Oc2cccc(N=C=S)c2)n1
CHEMBL6020779,26749934,5.91,Cc1cccc(F)c1C(=O)N[C@@H]1[C@H]2Oc3ccc(Oc4ccnc5c4CCC(=O)N5)cc3[C@@H]12
CHEMBL3933895,16668423,7.52,CCOc1cc2ncnc(Nc3ccc4c(ccn4S(=O)(=O)c4ccccc4)c3)c2cc1NC(=O)/C=C/CN1CCOCC1
CHEMBL3622622,15743413,7.14,C=CC(=O)Nc1cc2c(Nc3ccc(OCc4cccc(F)c4)cc3)ncnc2cc1O[C@H]1CCOC1
CHEMBL3699587,16305808,8.26,C=CC(=O)Nc1cccc(Oc2nc(Nc3ccc(N4CCN(C(C)=O)CC4)cc3OC)ncc2Cl)c1
CHEMBL2316148,12615155,4.82,COc1cc(/C=C2\CCC/C(=C\c3ccc(Cl)cc3)C2=O)cc(OC)c1
CHEMBL3425672,15257638,5.55,COc1cc(N2CCN(C)CC2)ccc1Nc1ncc(Cl)c(Oc2cccc(NC(=O)/C=C/C3CC3)c2)n1
CHEMBL5753590,28404173,6.4,N#Cc1cnc2c(Cl)cc(NC(c3ccccn3)c3ccccn3)cc2c1Nc1ccc(F)c(Cl)c1
CHEMBL5280589,25073530,7.4,CC[C@@H](C)n1nc(N2CC(C(C)(C)O)C2)c2cnc(Nc3ccnc(-c4cnn(S(=O)(=O)C5CC5)c4)n3)cc21
CHEMBL3922922,16668429,7.21,CCOc1cc2ncnc(Nc3ccc(OCc4ccccn4)cc3)c2cc1NC(=O)/C=C/CN1CCN(C)CC1
CHEMBL6033429,28404761,8.7,CN1NNc2cccc([C@H](Nc3cc(C#N)c4ncc(C#N)c(NCC(C)(C)C)c4c3)C3=CN(C4(C(F)F)CC4)NN3)c21
CHEMBL5923831,28404836,8.7,Cc1nc(F)ccc1[C@H](Nc1cc(Cl)c2ncc(C#N)c(NCC(C)(C)C)c2c1)C1=CN(C(F)(F)CO)NN1
CHEMBL5872120,28405775,8.3,CC(C)(C)CNc1c(C#N)cnc2c(C#N)cc(N[C@H](C3=CN(C(C)(C)C(F)F)NN3)c3cccc4ncccc34)cc12
CHEMBL5191292,24823387,7.0,COc1cc(N(C)CCN(C)C)c(NC(=O)c2ccncc2OC)cc1Nc1nccc(-c2cn(C)c3ccccc23)n1
CHEMBL460723,2390210,9.25,O=C(/C=C/C(=O)NCCCn1ccnc1)Cc1cc2c(Nc3cccc(Br)c3)ncnc2cn1
CHEMBL6030662,28403255,7.24,N#Cc1cnc2c(Cl)cc(N[C@H](C3=CNNN3)c3ccc4c(c3)CNC4)cc2c1Nc1ccc(F)c(Cl)c1
CHEMBL5911586,27653267,7.26,C=C(C)C(=O)Cc1ccc(Nc2nc(Nc3ccc(OCCOC)c(F)c3)ncc2F)cc1
CHEMBL4789796,22965629,6.0,S=C(NN=C(c1ccccc1)c1ccccc1)Nc1ccc2c(c1)OCO2
CHEMBL4283517,18765234,6.04,COc1cc(Nc2cc(Nc3ccc(Cl)cc3)ncn2)cc(OC)c1OC
CHEMBL4553484,19293677,6.05,COc1cc(N(C)CCN(C)C)c(NC(=O)/C=C\C(C)C)cc1Nc1nc(C)cc(-c2cn(C)c3ccc(F)cc23)n1
CHEMBL5087139,24413805,7.9,C=CC(=O)Nc1cc(Nc2nccc(Nc3cn(C)c4ccccc34)n2)c(OC)cc1N(C)CCN(C)C(=O)c1ccc(Br)cc1
CHEMBL2425093,13452946,7.44,COc1cc2ncnc(Nc3ccc(F)c(Cl)c3)c2cc1OCCCN1CC2(CCO2)C1
CHEMBL5290879,25059916,6.14,COc1cc2c(Nc3ccc(Oc4cccc(Cl)c4)cc3)ncnc2cc1OCC1CCN(C)CC1
CHEMBL4087243,18248386,7.46,C=CC(=O)Nc1cc(Nc2nccc(-c3cn4c5c(cccc35)CCC4)n2)c(OC)cc1N(C)CCO
CHEMBL5888462,27653210,6.26,C=CC(=O)Nc1cccc(Nc2nc(Nc3cccc(OC(F)(F)F)c3)ncc2F)c1
CHEMBL4452106,19290329,8.06,O=C(Nc1nccs1)[C@@H](c1cc(F)ccc1O)N1Cc2ccccc2C1=O
CHEMBL5822356,28404071,8.1,COCCOCCN1C=C([C@@H](Nc2cc(Cl)c3ncc(C#N)c(Nc4ccc(F)c(Cl)c4)c3c2)c2cccnc2)NN1
CHEMBL5937548,28404119,8.52,COCCN1C=C([C@@H](Nc2cc(Cl)c3ncc(C#N)c(Nc4ccc(F)c(Cl)c4)c3c2)c2cscn2)NN1
CHEMBL5964212,26961286,6.76,C/C=C/C(=O)N1CC[C@@H](n2nc(C(=O)Nc3nc4cc(Cl)ccc4o3)c3c(N)ncnc32)C1
CHEMBL5756778,28404410,7.25,CC(C)(C)CNc1c(C#N)cnc2c(S(C)(=O)=O)cc(N[C@H](C3=CN(C4(C(F)(F)F)CC4)NN3)c3cccc4ncsc34)cc12
CHEMBL6002504,27070022,6.26,CN1CCC(c2ccc(Nc3nc(N4CCC[C@@H](NC(=O)OC(C)(C)C)C4)cnc3C(N)=O)cc2)CC1
CHEMBL4471845,18896907,7.51,C=C(Cl)C(=O)Nc1cc(Nc2nc3c(c(-c4cn(C)c5ccccc45)n2)CSCC3)c(OC)cc1N(C)CCN(C)C
CHEMBL2029429,10883636,8.78,C=CC(=O)Nc1cccc(N2C(=O)N(C)Cc3cnc(Nc4ccc(N5CCN(C)CC5)c(OC)c4)nc32)c1
CHEMBL5870141,28405379,8.7,Cc1nc(F)ccc1[C@H](Nc1cc(Cl)c2ncc(C#N)c(NCC(C)(C)C)c2c1)C1=CN(C2CC23CC3)NN1
CHEMBL4097216,17956903,7.12,NP(=O)(OCCCOc1ccc2ncnc(Nc3ccc(OCc4cccc(F)c4)c(Cl)c3)c2c1)N(CCCl)CCCl
CHEMBL5963440,27738011,5.26,COCCNc1ncnc2c1c(-c1ccc(CNC(=O)c3ccccc3OC)cc1)nn2[C@H]1C=C[C@H](O)C1
CHEMBL5276357,25073502,7.34,CC(C)n1nc(N2CCC(O)CC2)c2cnc(Nc3ccnc(-c4cnn(S(=O)(=O)C5CC5)c4)n3)cc21
CHEMBL5752927,28405637,8.7,Cc1nc(F)ccc1[C@H](Nc1cc(C#N)c2ncc(C#N)c(NCC(C)(C)C)c2c1)C1=CN(C2(C)COC2)NN1
CHEMBL4061043,18039972,7.6,C=CC(=O)Nc1cc(Nc2n[nH]c3cc(-c4ccc5ccccc5c4)ccc23)c(OC)cc1N(C)CCN(C)C
CHEMBL53428,1100188,7.85,CN(C)c1cc2ncnc(Nc3cccc(Br)c3)c2cn1
CHEMBL4104717,18172278,6.65,CCC(=O)N1CC[C@H](N2C(=O)N(c3cc(OC)ccc3F)Cc3cnc(Nc4ccc(N5CCC6(CCN(C)CC6)CC5)c(C)c4)nc32)C1
CHEMBL4448107,19158939,8.7,C=CC(=O)Nc1cc(Nc2ncc(F)c(Nc3ccccc3S(=O)(=O)C(C)C)n2)c(OC)cc1N(C)CCN(C)C
CHEMBL2316152,12615151,4.68,COc1cc(/C=C2\CCC/C(=C\c3ccccc3OC)C2=O)cc(OC)c1
CHEMBL5780203,28404281,6.83,CC(C)(C)OC(=O)N1CCC(N2C=C([C@@H](Nc3cc(Cl)c4ncc(C#N)c(Nc5ccc(F)c(Cl)c5)c4c3)c3ccsc3)NN2)CC1
CHEMBL4576032,19073801,8.43,COc1cc2c(Nc3ccc(F)c(F)c3)ncnc2cc1OCCOCCNC(=O)Cn1cnc([N+](=O)[O-])n1
CHEMBL4061382,17956909,7.58,NP(=O)(OCCCC(=O)Oc1ccc2ncnc(Nc3ccc(OCc4cccc(F)c4)c(Cl)c3)c2c1)N(CCCl)CCCl
CHEMBL444724,22814208,8.44,COc1ccc(N(C)c2nc(Cl)nc3ccccc23)cc1
CHEMBL54091,878346,8.68,C=CC(=O)Nc1cc2c(Nc3ccc(F)c(Br)c3)ncnc2cn1
CHEMBL5979907,26768707,8.23,O=C(/C=C/CN1C[C@@H]2OCCO[C@@H]2C1)Nc1cc2c(Nc3ccc(OCc4ccccn4)c(Cl)c3)ncnc2cc1O[C@H]1CCOC1
CHEMBL1172802,3364619,5.38,Cc1ncc([N+](=O)[O-])n1CCOC(=O)/C=C/c1ccc(F)cc1
CHEMBL4571687,19287506,6.97,CC(C)=CC[C@@H](OC(=O)/C=C\C(=O)c1ccc(C)c(F)c1)C1=CC(=O)c2c(O)ccc(O)c2C1=O
CHEMBL111038,19218802,7.05,COc1cc2ncc(C#N)c(Nc3cccc(Br)c3)c2cc1OC
CHEMBL299194,1162487,5.06,CN1CCN(CCCNc2ncc3cc(-c4c(Cl)cccc4Cl)c(=O)n(C)c3n2)CC1
CHEMBL6009556,28620851,6.24,COc1cc(N2CCNCC2)ccc1Nc1ncc(C(F)(F)F)c(Nc2ccccc2NS(C)(=O)=O)n1
CHEMBL5171318,24670261,6.87,C=CC(=O)N1CCC(Oc2nc(Nc3cnn(C)c3)nc3ccsc23)CC1
CHEMBL5775013,28404566,9.0,Cc1nc(F)ccc1[C@H](Nc1cc(C#N)c2ncc(C#N)c(NCC(C)(C)C)c2c1)C1=CN(C2(C(N)=O)CCC2)NN1
CHEMBL5631065,26142958,8.85,C=CC(=O)Nc1cc(Nc2nccc(-c3cnn4c(C)cccc34)n2)c(OC)cc1N(C)CCN(C)C
CHEMBL5759591,27653195,7.26,C=CC(=O)Nc1cccc(Nc2nc(Nc3cccc(OCCCNC(=O)CCCC[C@@H]4SC[C@@H]5NC(=O)N[C@@H]54)c3)ncc2C)c1
CHEMBL6041205,28403882,7.85,Cc1ncoc1[C@H](Nc1cc(Cl)c2ncc(C#N)c(Nc3ccc(F)c(Cl)c3)c2c1)C1=CN(C2CCN(C(C)(C)C)CC2)NN1
CHEMBL3935007,16895217,8.15,C=CC(=O)N1CCC(Oc2cc3c(Nc4cccc(Br)c4)ncnc3cc2OC)CC1
CHEMBL5827799,27653216,5.26,C/C=C/C(=O)OCc1cccc(Nc2nc(Nc3ccccc3)ncc2C)c1
CHEMBL1958023,8048996,5.52,Cc1ccc(C2CC(c3ccccc3)=NN2C2=NC(=O)CS2)cc1
CHEMBL3612591,15698271,5.64,CCOC(=O)CCCn1c(=O)oc2cc3ncnc(Nc4ccc(OCc5ccccn5)cc4)c3cc21
CHEMBL1243283,3436099,7.66,CCOc1cc2ncc(C#N)c(Nc3ccc(F)c(Cl)c3)c2cc1NC(=O)/C=C/CNCc1cn(CCF)nn1
CHEMBL6034790,27750626,7.8,C=CC(=O)Nc1cc(Nc2nccc(-c3cnc4c(ccn4C)c3)n2)c(OC)cc1N(C)CCN(CC)CC
CHEMBL3355874,14983518,9.05,COc1cc2ncnc(Nc3ccc(F)c(Cl)c3)c2cc1OCCCn1ccnc1[N+](=O)[O-]
CHEMBL3671545,26587568,6.49,C=CC(=O)Nc1cc2c(Nc3ccc(Br)cc3F)ncnc2cc1OCCNC(=O)CC(C)N(C)C
CHEMBL3092318,13852026,6.26,O=C(Nc1cc2c(Nc3ccc(F)c(Cl)c3)ncnc2cc1O[C@H]1CCOC1)N1CC(O)C1
CHEMBL5746601,28722488,7.04,C=CC(=O)N1CC(Oc2cc3c(Nc4ccc(Cl)c(-c5cnco5)c4)ncnc3cc2OC)C1
CHEMBL5625055,26142966,9.03,CC#CC(=O)Nc1cc(Nc2nccc(-c3cnc4c(C)cccn34)n2)c(OC)cc1N(C)CCN(C)C
CHEMBL5183664,24670266,7.7,C=CC(=O)N1CCC(Oc2nc(Nc3ccc(N4CCN(C)CC4)cc3)ncc2Cl)CC1
CHEMBL3133896,13975587,5.43,C=CC(=O)N1CCc2c(sc3ncnc(Nc4ccc(Br)cc4F)c23)C1
CHEMBL2325092,12657564,7.0,COc1ccc(C2=NN(c3ccccc3)C(c3cccc4ccccc34)C2)cc1
CHEMBL5942546,27652904,7.26,C=CC(=O)Nc1cccc(Nc2nc(Nc3ccc4c(c3)N(S(C)(=O)=O)CCO4)ncc2F)c1
CHEMBL5178571,24848258,8.85,CN1CCC(c2ccc(-c3cc4c(=O)n(C(C(=O)Nc5nccs5)c5ccccc5)cnc4cc3F)cc2)CC1
CHEMBL3938794,16809232,7.29,O=C1CS/C(=N/Nc2nncc3ccccc23)N1
CHEMBL5926524,28162802,8.54,C=CC(=O)N1CCC[C@@H](n2nc(-c3ccc(Oc4ncc(Cl)cc4F)cc3)c(C(N)=O)c2N)C1
CHEMBL5987128,28404176,8.7,CCN1CCC(N2C=C([C@@H](Nc3cc(Cl)c4ncc(C#N)c(Nc5ccc(F)c(Cl)c5)c4c3)c3cncs3)NN2)CC1
CHEMBL1958020,8048993,5.31,O=C1CSC(N2N=C(c3ccccc3)CC2c2ccc(F)cc2)=N1
CHEMBL3751976,16444048,8.17,C=CC(=O)Nc1cccc(-n2c(=O)cc(CC)c3cnc(Nc4ccc(N5CCN(C)CC5)cc4OC)nc32)c1
CHEMBL3930270,16666124,6.29,O=C(CCl)OCCn1c(=O)oc2cc3ncnc(Nc4ccc(Oc5cccc(C(F)(F)F)c5)c(Cl)c4)c3cc21
CHEMBL2426378,13446014,5.89,COc1ccc(NC(=O)/C=C/CN(C)C)cc1Nc1ncc([S+](C)[O-])c(-c2cnn3ccccc23)n1
CHEMBL383030,1677865,4.87,COC(=O)c1c(OCCCN(C)C)c2ccccc2c2oc3c(c12)C(=O)c1ccccc1C3=O
CHEMBL206029,1710010,7.82,CS(=O)(=O)CCNC(=O)NCc1cccc(C#Cc2cncnc2Nc2ccc(OCc3cccc(F)c3)c(Cl)c2)n1
CHEMBL6062282,28883420,6.92,C=CC(=O)N1CC(Nc2cncc(-c3cnc(Oc4cccc(Cl)c4F)nc3)c2)C1
CHEMBL5630714,26142968,8.8,C=CC(=O)Nc1cc(Nc2nccc(-c3cnc4c(C)cccn34)n2)c(OC)cc1N(C)CCN1CCOCC1
CHEMBL5848379,27070073,5.26,CN(C)C(=O)N[C@@H]1CCCN(c2cnc(C(N)=O)c(Nc3ccc(C4CCN(C(=O)N(C)C)CC4)cc3)n2)C1
CHEMBL5290595,25023170,6.83,CN1CCN(CCC(=O)N2CCOc3c2ccc2ncnc(Nc4cccc(C(F)(F)F)c4)c32)CC1
CHEMBL3360610,14974590,9.24,C#Cc1cccc(Nc2ncnc3cc(OCCCCCCn4ccnc4[N+](=O)[O-])c(OC)cc23)c1
CHEMBL3622675,15743436,8.62,C#Cc1cccc(Nc2ncnc3cc(OCC)c(NC(=O)/C=C/CN(C)C4CC4)cc23)c1
CHEMBL379905,1715564,7.52,COC[C@@H](C(N)=O)N(C)Cc1cc2c(Nc3cccc(Cl)c3F)ncnc2cc1OC
CHEMBL5870529,28404080,8.52,CCN1CCc2c([C@H](Nc3cc(Cl)c4ncc(C#N)c(Nc5ccc(F)c(Cl)c5)c4c3)C3=CN(C(C)C)NN3)csc2C1
CHEMBL2064376,10967417,6.42,COc1ccc(Nc2ncnc3cc4oc(=O)n(CCCN5CCOCC5)c4cc23)cc1
CHEMBL501368,2202731,4.7,N#C/C(=C\c1cc(O)ccc1O)C(=O)O
CHEMBL5206298,24823397,7.39,COc1cc(N(C)CCN(C)C)c(NC(=O)c2ccncn2)cc1Nc1nccc(-c2cn(CCCO)c3ccccc23)n1
CHEMBL5418313,25482721,6.34,Cc1cc(Nc2nccc(-c3cn(C)c4ccccc34)n2)ccc1OCCOCCn1ccnc1[N+](=O)[O-]
CHEMBL2316157,12615146,5.7,COc1cc(/C=C2\CCC/C(=C\c3cc(OC)cc(OC)c3)C2=O)cc(OC)c1
CHEMBL5436101,25691176,7.19,C=CC(=O)Nc1cccc(-c2c(-c3ccccc3)oc3ncnc(NC(C)C)c23)c1
CHEMBL5975268,28883618,7.43,C=CC(=O)N1CC(Nc2cncc(-c3cnc(Nc4ccc(F)c(Cl)c4)nc3)n2)C1
CHEMBL4449681,19168500,7.57,CCOc1cc2ncnc(Nc3ccc(F)c(Cl)c3)c2cc1NC(=O)CO
CHEMBL4747958,22814390,9.7,C=CC(=O)Nc1cc(Nc2nccc(-c3cn(S(=O)(=O)N(C)C)c4ccccc34)n2)c(OC)cc1N(C)CCN(C)C
CHEMBL232082,1951299,6.77,CN1CCN(Cc2ccn3ncnc(Nc4ccc5c(cnn5Cc5cccc(F)c5)c4)c23)CC1
CHEMBL5076067,24343047,9.1,C=CC(=O)N1CCC2(CC1)CNC(=O)c1cc(-c3nc(Nc4ccccc4OC)ncc3Cl)[nH]c12
CHEMBL3608430,15689334,7.85,C=CC(=O)N1C[C@@H]2CN(c3nc(Nc4ccc(N5CCN(C)CC5)cc4)c4ncn(C(C)C)c4n3)C[C@@H]2C1
CHEMBL5094406,24413777,7.73,C=CC(=O)Nc1cc(Nc2nccc(Nc3cnn(CC)c3)n2)c(OC)cc1N(C)CCN(C)C
CHEMBL2333991,12712354,6.9,COc1cc2ncnc(Nc3cccc(-c4ccccc4)c3)c2cc1OC
CHEMBL3671477,26587358,7.58,C=CC(=O)Nc1cc2c(Nc3ccc(Br)cc3F)ncnc2cc1OCC1CCN(C(=O)CS(C)(=O)=O)CC1
CHEMBL5630267,26142956,9.14,C=CC(=O)Nc1cc(Nc2nccc(-c3ncc4c(C)cccn34)n2)c(OC)cc1N(C)CCN(C)C
CHEMBL5767212,28404425,8.52,Cc1nc(F)ccc1[C@H](Nc1cc(Cl)c2ncc(C#N)c(NCC(C)(C)C)c2c1)C1=CN(C2(C(F)F)CC2)NN1
CHEMBL3604931,15685194,6.05,C=CC(=O)Nc1cccc(Oc2nccc(Nc3cc(C)[nH]n3)n2)c1
CHEMBL4215076,18539782,7.55,CN(C)C1CCN(c2ccc(Nc3cc4c(N5CCOCC5)nc(Nc5ccc(F)cc5)nc4cn3)nc2)CC1
CHEMBL2334003,12712342,7.87,COc1cc2ncnc(Nc3ccc(F)c(Cl)c3)c2cc1OCCCNCCN
CHEMBL5405222,25599173,8.19,CC[C@H](C)Nc1cc(Nc2ccnc(-c3cnn(S(=O)(=O)C4CC4)c3)n2)ncc1C(=O)NCCC(F)F
CHEMBL4083642,18155515,7.4,Cc1nc(C)c(/C=C2\CN(C)C/C(=C\c3nc(C)c(C)nc3C)C2=O)nc1C
CHEMBL3805177,16588563,6.99,CC(C)Oc1cc2ncnc(Nc3ccc(Cl)c([N+](=O)[O-])c3)c2c2c1OCCO2
CHEMBL3818115,16631012,8.25,CCOc1cc2ncnc(Nc3ccc(OCc4cccc(F)c4)c(Cl)c3)c2cc1NC(=O)[C@@H]1COC(=O)N1
CHEMBL203644,1681980,9.52,CC#CC(=O)Nc1cc2c(Nc3ccc(F)c(Cl)c3)ncnc2cn1
CHEMBL55748,1163643,4.9,N#CC(C#N)=C1C(=O)Nc2ccc(O)cc21
CHEMBL5269391,25023159,7.06,Fc1ccc(Nc2ncnc3ccc4c(c23)OCCN4)cc1Cl
CHEMBL3753208,16436353,7.04,O=C(Nc1ccccn1)Nc1cc(-c2cccnc2)ccc1OC(F)(F)F
CHEMBL4096988,18172280,6.67,CCC(=O)N1CC[C@H](N2C(=O)N(c3cc(OC)ccc3F)Cc3cnc(Nc4ccc(N5C[C@H]6CN(C)C[C@H]6C5)c(C)c4)nc32)C1
CHEMBL4748367,22835829,10.0,CN(C)CCNCc1ccc(-c2cc3c(N[C@H](CO)c4ccccc4)ncnc3[nH]2)cc1F
CHEMBL3815074,16612216,7.41,C#Cc1cccc(Nc2ncnc3ccc(NC(C)=O)cc23)c1
CHEMBL6062292,28404356,8.7,CC(C)(C)CNc1c(C#N)cnc2c(C#N)cc(N[C@H](C3=CN(C4(C(F)F)CC4)NN3)c3cccc4ncsc34)cc12
CHEMBL56543,1144133,5.7,N#C/C(=C\c1ccc(O)c(O)c1)C(=O)NCc1ccccc1
CHEMBL3604910,15685136,5.68,CCC(=O)Nc1ccc2c(Nc3cc[nH]n3)nc(-c3ccccc3)nc2c1
CHEMBL3759359,16457555,8.82,COc1c(CO)cccc1-c1cc2c(N[C@H](C)c3ccccc3)ncnc2s1
CHEMBL3946259,16752245,6.85,Cc1ccc2c(c1)nc(NC(=O)c1cccc(C(F)(F)F)c1)n2[C@H]1CC[C@H](O)CC1
CHEMBL4451619,19168156,7.26,C=CC(=O)Nc1cc(Nc2nccc(NC(=O)c3cccc(OC)c3)n2)c(OC)cc1N1CCN(C)CC1
CHEMBL5977247,27653246,7.26,C=C(C)C(=O)c1cccc(Nc2nc(Nc3ccc(OCCOC)c(F)c3)ncc2F)c1
CHEMBL3416606,15229712,6.58,COC[C@@H](Nc1ncnc2sc(Br)cc12)c1ccccc1
CHEMBL5898457,28405235,8.05,Cc1nc(Cl)ccc1[C@H](Nc1cc(Cl)c2ncc(C#N)c(NCC(C)(C)C)c2c1)C1=CN(C2(C(F)F)CC2)NN1
CHEMBL4516287,19158940,7.07,C=CC(=O)Nc1cc(Nc2nccc(Nc3ccccc3S(=O)(=O)C(C)C)n2)c(OC)cc1N(C)CCN(C)C
CHEMBL3678960,16273830,8.7,C=CC(=O)Nc1cccc(Nc2ncc3nc(Nc4ccccc4)n(C(C)C)c3n2)c1
CHEMBL3965391,16895199,8.89,C=CC(=O)N1CC[C@H](Oc2cc3c(Nc4ccc(F)c(Cl)c4F)ncnc3cc2OC)C1
CHEMBL3297892,14752135,7.52,C#Cc1cccc(Nc2nc(C)nc3oc(C)cc23)c1
CHEMBL3586178,15628373,5.13,O=C1N=C(N2CCC[C@H]2C(=O)Nc2ccc3ncnc(Nc4cccc(Cl)c4)c3c2)S/C1=C/c1cccnc1Cl
CHEMBL3671493,26587409,8.0,C=CC(=O)Nc1cc2c(Nc3ccc(Br)cc3F)ncnc2cc1OCCCCNC(C)=O
CHEMBL5958646,28405472,8.52,CC1(N2C=C([C@@H](Nc3cc(Cl)c4ncc(C#N)c(NCC(C)(C)C(F)(F)F)c4c3)c3cccc4ncccc34)NN2)CC1
CHEMBL4529308,19132064,6.775,CCC(=O)N1CCC[C@@H](n2c(=O)c(-c3ccccc3Br)c(C)c3cnc(Nc4ccc(N5CCN(C)CC5)c(C)c4)nc32)C1
CHEMBL4226702,18577553,6.66,C=CC(=O)Nc1cccc(NC(=O)Nc2ccnc(Nc3ccc(N4CCOCC4)cc3OC)n2)c1
CHEMBL379093,1710032,7.1,Fc1cccc(COc2ccc(Nc3ncncc3C#Cc3ccccc3)cc2Cl)c1
CHEMBL4641942,20708030,5.31,CC1CCN(C/C=C/C(=O)N2CCCOc3cc4ncnc(Nc5ccc(OCc6cccc(F)c6)c(Cl)c5)c4cc32)CC1
CHEMBL5810815,28403624,6.58,N#Cc1cnc2c(Cl)cc(N[C@H](C3=CNNN3)c3cccnc3)cc2c1N[C@H](CCO)c1ccccc1
CHEMBL4779711,22835800,8.96,C[C@@H](Nc1ncnc2[nH]c(-c3ccc(C(=O)O)cc3)cc12)c1ccccc1
CHEMBL3416608,15229710,6.74,CC[C@@H](Nc1ncnc2sc(Br)cc12)c1ccccc1
CHEMBL3972316,16752254,8.86,C=CC(=O)N1CCCC[C@@H](n2c(NC(=O)c3cccc(C(F)(F)F)c3)nc3cccc(C)c32)C1
CHEMBL3355878,14983522,9.18,COc1cc2ncnc(Nc3cccc(Br)c3)c2cc1OCCCn1ccnc1[N+](=O)[O-]
CHEMBL3671566,26587631,7.89,C=CC(=O)Nc1cc2c(Nc3ccc(Br)cc3F)ncnc2cc1OCCNC(=O)N1CCN(C)CC1
CHEMBL5751617,28405997,8.05,COc1ccc(C(Nc2cc(Cl)c3ncc(C#N)c(NCC(C)(C)C)c3c2)C2=CN(C3(C(F)(F)F)CC3)NN2)c(C)n1
CHEMBL5918652,28404383,9.0,CC(C)(C)CNc1c(C#N)cnc2c(C#N)cc(N[C@H](C3=CN(C4CC4)NN3)c3csc4c3CCN(C3COC3)C4)cc12
CHEMBL3671544,26587565,6.6,C=CC(=O)Nc1cc2c(Nc3ccc(Br)cc3F)ncnc2cc1OCCNC(=O)C(C)CN(C)C
CHEMBL5985881,28403879,8.7,CC(C)(C)N1CCC(N2C=C([C@@H](Nc3cc(Cl)c4ncc(C#N)c(Nc5ccc(F)c(Cl)c5)c4c3)C3=CCOCC3)NN2)CC1
CHEMBL5418474,25535990,7.33,CN(Cc1ccccc1)c1ncnc2[nH]c(-c3ccc(CO)c(F)c3)cc12
CHEMBL4077419,18048487,6.83,S=C(Nc1cc(Cl)cc(Cl)c1)Nc1ccc2ncnc(Nc3cccc(Br)c3)c2c1
CHEMBL4441745,19168216,7.26,C=CC(=O)Nc1cc(Nc2nccc(NC(=O)c3ccc(OC)c(OC)c3)n2)c(OC)cc1N1CCC(C(N)=O)CC1
CHEMBL3416626,15229671,7.75,C#Cc1cccc(Nc2ncnc3sc(-c4ccccc4OC)cc23)c1
CHEMBL5971967,28883552,5.98,C=CC(=O)N1CC(Nc2cncc(-c3cnc(Oc4cccc(OC(F)F)c4)nc3)n2)C1
CHEMBL5208549,24670256,6.69,C=CC(=O)N1CCC(Oc2nc(Nc3cnn(C)c3)nc3[nH]ccc23)CC1
CHEMBL3805333,16588572,7.36,COCCOc1cc2ncnc(Nc3ccc(F)c([N+](=O)[O-])c3)c2c2c1OCCO2
CHEMBL2437482,13483498,7.22,C=CC(=O)Oc1ccc(-n2c(=O)cnc3cnc(Nc4ccc(OC)cc4)nc32)cc1
CHEMBL5440766,25535999,7.66,C[C@H](c1ccccc1)N(C)c1ncnc2[nH]c(-c3ccc(CO)cc3)cc12
CHEMBL4208811,18450560,7.72,C=CC(=O)N[C@H]1CCN(c2nc(Nc3ccc(N4CCN(C)CC4)cc3)c3ncn(C(C)C)c3n2)C1
CHEMBL5184313,24871186,6.56,COc1cc2ncnc3c2cc1OCCCCCCOc1cccc(Cl)c1N3
CHEMBL2425735,13453583,8.24,O=C(CCCN1CCCCC1)Nc1ccc2ncnc(Nc3cccc(Br)c3)c2c1
CHEMBL4072299,18189820,8.52,C=CC(=O)N1CCC[C@@H](n2nc(-c3ccc(O)cc3)c3c(N)ncnc32)C1
CHEMBL111443,6261342,4.67,CCOc1cc2ncc(C#N)c(Nc3cccc(Br)c3)c2cc1OC
CHEMBL3979264,16847211,7.85,COc1cc2c(Nc3ccc(NC(=O)Nc4ccccc4)c(Cl)c3)ncnc2cc1OCCCN1CCN(C)CC1
CHEMBL3747152,16416938,5.18,CC(=O)N1N=C(c2ccc(F)cc2)CC1c1ccc(C(=O)OC(C)Cn2c([N+](=O)[O-])cnc2C)cc1
CHEMBL6031063,27540791,5.41,N#CN1CCCC(n2nc(-c3ccc(Oc4ccc(Cl)cc4)cc3)c(C(N)=O)c2N)C1
CHEMBL5809860,28403300,8.01,CC(C)(C)CNc1c(C#N)cnc2c(Br)cc(N[C@H](C3=CN(C4CC4)NN3)c3cccc4nc(N)sc34)cc12
CHEMBL4064361,18155524,7.7,COc1cc(Br)c(/C=C2\CN(C)CC(=C\c3nc(C)c(C)nc3C)/C2=N\O)cc1OC
CHEMBL186001,1462486,6.7,Cc1ccc(Nc2ncnn3cc(C)c(C)c23)cc1O
CHEMBL206783,1715579,8.1,COc1cc2ncnc(Nc3cccc(Cl)c3F)c2cc1CN1CCCC[C@@H]1C(N)=O
CHEMBL3699598,16314053,7.19,C=CC(=O)Nc1cccc(Oc2nc(Nc3ccc(N4CCN(S(C)(=O)=O)CC4)cc3OC)ncc2C(F)(F)F)c1
CHEMBL5990162,28404143,7.89,CCN1CCC(N2C=C(C(Nc3cc(Cl)c4ncc(C#N)c(Nc5ccc(F)c(Cl)c5)c4c3)c3ncccn3)NN2)CC1
CHEMBL1828884,6358490,4.62,COc1ccc(CC(=O)NS(=O)(=O)c2ccc(Br)cc2)cc1
CHEMBL3237935,14574807,6.16,CCOC(=O)N1CCN(CCC(=O)Nc2cccc(Oc3nc(Nc4ccc(N5CCN(C)CC5)cc4OC)ncc3Cl)c2)CC1
CHEMBL3233771,14586712,8.3,COCCNC/C=C/C(=O)Nc1cc2c(Nc3ccc(F)c(Cl)c3)ncnc2s1
CHEMBL4535047,19293673,6.44,COc1cc(N(C)CCN(C)C)c(NC(=O)/C=C\C(C)C)cc1Nc1ncc(C#N)c(-c2cn(C)c3ccc(F)cc23)n1
CHEMBL4278226,18783603,7.66,C=CC(=O)Nc1ccccc1Nc1nc(Nc2ccc(NC(=O)CN3CCOCC3)cc2)ncc1Cl
CHEMBL4239716,18676731,8.14,CSc1ccc(N(C)c2ncnc3occ(C)c23)cc1
CHEMBL4098500,18039943,7.14,C=CC(=O)Nc1cc(Nc2n[nH]c3cc(-c4ccc(N(C)C)cc4)ccc23)c(OC)cc1N(C)CCN(C)C
CHEMBL94061,1495663,9.39,CN(C)C/C=C/C(=O)Nc1ccc2ncnc(Nc3cccc(Br)c3)c2c1
CHEMBL5956271,28405124,8.52,Cc1nc(F)ccc1[C@H](Nc1cc(C#N)c2ncc(C#N)c(NCC(C)(C)C)c2c1)C1=C(Cl)N(C2CC2)NN1
CHEMBL2048792,10949883,5.64,O=C1Cc2ccc(Oc3ccc(Nc4ncnc5ccn(CCO)c45)cc3Cl)cc2N1
CHEMBL3805782,16588551,7.69,Fc1ccc(Nc2ncnc3cc(OC4CCOC4)c4c(c23)OCCO4)cc1Cl
CHEMBL6034137,28405943,8.52,Cc1nc(F)ccc1[C@H](Nc1cc(Cl)c2ncc(C#N)c(NCC(C)(C)C(F)(F)F)c2c1)C1=C(F)N(C2(C)CC2)NN1
CHEMBL449093,2202757,7.3,O=C(O)c1ccc(S(=O)(=O)Oc2ccc(/C=C/[N+](=O)[O-])cc2)cc1O
CHEMBL5878054,28405745,8.7,CC(C)(C)CNc1c(C#N)cnc2c(C#N)cc(N[C@H](C3=CN(C45CC(C4)C5)NN3)c3cccc4c(=O)[nH]ccc34)cc12
CHEMBL3939985,16668427,8.0,CCOc1cc2ncnc(Nc3ccc(OCc4cccc(F)c4)c(Cl)c3)c2cc1NC(=O)/C=C/CN1CCN(C)CC1
CHEMBL4559807,19310362,9.2,C=CC(=O)Nc1cccc(-c2c(-c3ccccc3OC)oc3ncnc(N[C@H](CO)c4ccccc4)c23)c1
CHEMBL5794110,26768647,7.81,O=C(/C=C/CN1C[C@@H]2OCCO[C@@H]2C1)Nc1cc2c(Nc3ccc(F)c(Cl)c3)ncnc2cc1OCC(F)(F)F
CHEMBL5778617,27652979,6.26,C=CC(=O)N1Cc2ccc(Nc3nc(Nc4ccc(OC)nc4)ncc3F)cc2C1
CHEMBL5833997,27652808,6.26,C=CC(=O)Nc1cc(Nc2nc(Nc3ccc(OCCOC)cc3)ncc2F)ccc1Cl
CHEMBL5975681,28405022,8.52,Cc1nc(F)ccc1[C@H](Nc1cc(Cl)c2ncc(C#N)c(NCC(C)(C)C)c2c1)C1=CN(C23CC(C2)C3)NN1
CHEMBL3290142,18114690,7.14,C=CC(=O)Nc1cccc(Nc2ncc(NC(=O)c3cc(NC(=O)c4cccc(C(F)(F)F)c4)ccc3C)cn2)c1
CHEMBL1095463,3299625,4.34,CC(C)c1ccc(Nc2nc(N)nc3[nH]c(Cc4ccc(Cl)cc4Cl)cc23)cc1
CHEMBL3263364,14655700,5.26,COc1ccc(C2=NN(C3=NC(=O)CS3)C(c3cccc4ccccc34)C2)cc1
CHEMBL2309506,16894460,7.0,COc1cc2ncnc(N[C@H](C)c3ccc(F)cc3)c2cc1OCCCCCCC(=O)NO
CHEMBL4861346,23177926,7.43,COc1cc2ncnc(Nc3ccc(Cl)c(C(F)(F)F)c3)c2cc1OCCCCC(=O)Nc1ccc(S(N)(=O)=O)cc1
CHEMBL5915570,27070058,6.26,CN1CCC(c2ccc(Nc3nc(N4CCC[C@@H](NC(=O)c5ccc(F)cc5)C4)cnc3C(N)=O)cc2)CC1
CHEMBL4282523,18722890,8.82,C=C=CC(=O)Nc1cc(Nc2nccc(-c3cn(C)c4ccccc34)n2)ccc1N(C)CCN(C)C
CHEMBL2441565,19445314,7.85,CN(C)C/C=C/C(=O)N1CCOc2cc3ncnc(Nc4ccc(F)c(Cl)c4)c3cc21
CHEMBL5184539,24749172,8.4,O=C(Nc1nccs1)C(c1ncn2c1CCC2)N1Cc2c(cc(C#Cc3ccc(CN4CCC(CO)CC4)cc3)cc2C(F)F)C1=O
CHEMBL5880248,28403252,7.96,CCN1Cc2cccc([C@H](Nc3cc(Cl)c4ncc(C#N)c(Nc5ccc(F)c(Cl)c5)c4c3)C3=CNNN3)c2C1
CHEMBL6002527,28403159,8.4,CC(C)(C)CNc1c(C#N)cnc2c(C#N)cc(N[C@H](C3=CN(C4CC4)NN3)c3cccc4c3CCN4)cc12
CHEMBL243628,1943191,6.78,CCOc1cc2ncnc(NC3=CC(=O)C(OCc4ccc(F)c(F)c4)=CC3=O)c2cc1NC(=O)/C=C/CN(C)C
CHEMBL1958024,8048997,5.37,COc1ccc(C2CC(c3ccccc3)=NN2C2=NC(=O)CS2)cc1
CHEMBL214419,1766883,7.04,CS(=O)(=O)CCNCc1ccc(-c2ccc3ncnc(Nc4ccc(OCc5cccc(C(F)(F)F)c5)cc4)c3c2)o1
CHEMBL5955416,28403219,7.48,CC(C)(C)N1CCC(N2C=C([C@@H](Nc3cc(Cl)c4ncc(C#N)c(Nc5ccc(F)c(Cl)c5)c4c3)c3cccc4c3NCS4)NN2)CC1
CHEMBL2425090,13452949,7.58,COc1cc2ncnc(Nc3ccc(F)c(Cl)c3)c2cc1OCCN1CC(O)C1
CHEMBL5812501,28405085,8.0,Cc1cncc2cccc([C@H](Nc3cc(C#N)c4ncc(C#N)c(NCC(C)(C)C)c4c3)C3=CN(C4(C(F)(F)F)CC4)NN3)c12
CHEMBL3604935,15684506,5.77,Cc1cc(Nc2cc(N3CCN(C)CC3)nc(Oc3ccc(NC(=O)/C=C/CN(C)C)cc3)n2)n[nH]1
CHEMBL5823172,28405277,7.96,Cc1c([C@H](Nc2cc(Cl)c3ncc(C#N)c(NCC(C)(C)C)c3c2)C2=CN(C3(C(F)F)CC3)NN2)ccc(=O)n1C
CHEMBL5976230,26750135,8.02,CN1CCN(CCOc2ccc(C(=O)N[C@@H]3[C@H]4Oc5ccc(Oc6ccnc7c6CCC(=O)N7)cc5[C@@H]34)cc2C(F)(F)F)CC1
CHEMBL4873506,23195389,9.42,C#Cc1cccc(Nc2ncnc3cc(OC)c(OCCCCCCN/C(=N\C#N)Nc4cccnc4)cc23)c1
CHEMBL4556799,19168494,7.92,CCOc1cc2ncnc(Nc3ccc(F)c(Cl)c3)c2cc1OC(=O)CSc1nc2ccccc2n1C
CHEMBL2048798,10949877,8.06,OCCn1ccc2ncnc(Nc3ccc(Oc4cccc5sccc45)c(Cl)c3)c21
CHEMBL4454948,19122074,8.4,C=CC(=O)Nc1cc2c(Nc3ccc(F)c(Cl)c3)ncnc2cc1OCc1cn(Cc2cccc(F)c2)nn1
CHEMBL5198424,24902232,8.52,Nc1ccc2ncnc(Nc3ccc4c(ccn4Cc4cccc(F)c4)c3)c2c1
CHEMBL2148051,12036080,8.01,CC(C(=O)NCCn1ccc2ncnc(Nc3ccc(Oc4cccc(Cl)c4)c(Cl)c3)c21)S(C)(=O)=O
CHEMBL4091166,17989477,6.88,O=C(Nc1ccc2nccc(Nc3cccc(Cl)c3)c2c1)C1CCC2(CC1)OCC1(OO2)C2CC3CC(C2)CC1C3
CHEMBL4291935,18783593,7.09,C=CC(=O)Nc1cccc(Nc2nc(Nc3ccc(CN4CCOCC4)cc3)ncc2F)c1
CHEMBL5924696,28403171,8.7,CC(C)(C)CNc1c(C#N)cnc2c(Cl)cc(N[C@H](C3=CN(C4CC4)NN3)c3cccc4c3CNC4)cc12
CHEMBL4637355,20667654,5.41,CCN1CCN(CC(=O)Nc2nnc3c4ccccc4nc(Sc4ccc(Br)cc4)n23)CC1
CHEMBL202360,1681990,8.8,C#CC(=O)Nc1ccc2ncnc(Nc3cccc(Br)c3)c2c1
CHEMBL3898690,16895187,8.8,C=CC(=O)N1CC(Oc2cc3c(Nc4cccc(Cl)c4)ncnc3cc2OC)C1
CHEMBL5288264,25105706,7.31,CN1CCN(c2ccc(Nc3ncc(Br)c(Nc4ccc5[nH]c(Cc6cccc(F)c6)cc5c4)n3)cc2)CC1
CHEMBL3671541,26587556,7.01,C=CC(=O)Nc1cc2c(Nc3ccc(Br)cc3F)ncnc2cc1OCCNC(=O)C(=O)OCC
CHEMBL1958218,8049022,5.62,COc1ccc(C2=NN(C3=NC(=O)CS3)C(c3ccccc3)C2)cc1
CHEMBL248108,2038928,7.46,NC1CCN(Cc2ccn3ncnc(Nc4ccc5c(cnn5Cc5cccc(F)c5)c4)c23)CC1
CHEMBL3237942,14574931,4.83,Cc1ccc(-n2nc(C)c(C3C(C#N)=C(N)N(c4cccnc4)C4=C3C(=O)CC(C)(C)C4)c2Cl)cc1
CHEMBL5567814,25866172,7.09,C=CC(=O)N1CC[C@H](n2cc(-c3ccncc3)c(-c3ccc(F)c(OCc4ccc5c(c4)CN(C)C5=O)c3)n2)C1
CHEMBL5208312,24871187,6.18,COc1cc2ncnc3c2cc1OCCCCCCOc1cc(F)c(Cl)cc1N3
CHEMBL3628800,15759247,6.23,Fc1ccc(Oc2ncnc3ccccc23)cc1Cl
CHEMBL4060919,18189821,8.52,C=CC(=O)N1CCC[C@@H](n2nc(Cc3ccccc3)c3c(N)ncnc32)C1
CHEMBL5896195,28405502,8.52,COc1nccc2c([C@H](Nc3cc(C#N)c4ncc(C#N)c(NCC(C)(C)C)c4c3)C3=CN(C45CC(C4)C5)NN3)cccc12
CHEMBL4568408,19112699,5.5,COc1cc(/C=C/C(=O)c2ccc(NC(=O)c3cc4cc5cc(C)ccc5nc4s3)cc2)cc(OC)c1OC
CHEMBL3763796,16478368,8.3,COCCOc1cc2ncnc(Nc3ccc(NC(=O)C45CC6CC(CC(C6)C4)C5)c(C#N)c3)c2cc1OCCOC
CHEMBL5860638,28405508,8.52,COc1nccc2c([C@H](Nc3cc(C#N)c4ncc(C#N)c(NCC(C)(C)C)c4c3)C3=CN(C4(C)CC4)NN3)cccc12
CHEMBL5203385,24741587,9.39,CCc1cc(Nc2ncc(Br)c(Nc3ccc4c(c3P(C)(C)=O)OCCO4)n2)c(OC)cc1N1CCC(N2CC(CC#N)C2)CC1
CHEMBL3623290,15745759,8.14,COc1cc2ncnc(Nc3cccc(Cl)c3F)c2cc1OC(=O)N1CCN(C)C[C@H]1C
CHEMBL490774,2202729,5.7,N#C/C(=C/c1ccc(O)c(O)c1)C(=O)NC1CCCCC1
CHEMBL3234753,14571465,7.52,Cc1ccc(C(=O)Nc2ccc(CN3CCN(C)CC3)c(C(F)(F)F)c2)cc1NC(=O)c1cnc2[nH]ncc2c1
CHEMBL461795,2390293,8.22,COc1cc2ncnc(Nc3ccc(F)c(Cl)c3)c2cc1CN1CC[C@@H](C(N)=O)C1
CHEMBL4863088,23310028,7.47,C#CC(=O)N1CC(c2cnn3c(C(N)=O)c(-c4ccc(Oc5ccccc5)cc4)[nH]c23)C1
CHEMBL4086000,17998431,8.85,C=CC(=O)Nc1cccc(-n2c(=O)cc(C)c3cnc(Nc4ccc(N5CCN(C)CC5)nc4)nc32)c1
CHEMBL524132,2390190,8.92,C=C(C)C(=O)Cc1ccc2ncnc(Nc3cccc(Br)c3)c2c1
CHEMBL5766029,27558914,6.24,C=CC(=O)Nc1cc(Nc2nc(-c3cnn(C)c3)c3cc[nH]c3n2)c(OC)cc1OCCN(C)C
CHEMBL5941741,28403678,8.05,C[C@@H](CF)N1C=C([C@@H](Nc2cc(Cl)c3ncc(C#N)c(Nc4cnc(F)c(F)c4)c3c2)c2cccnc2)NN1
CHEMBL5903567,27322298,8.12,COc1cc(N2CCC(N(C)C)CC2)ccc1Nc1ncc(Cl)c(Nc2ccccc2C(=O)C(N)=O)n1
CHEMBL3235201,14568926,6.75,Cc1ccc(Oc2nc3ccc(C)cc3cc2/C=N/NC(=O)Cn2c([N+](=O)[O-])cnc2C)cc1
CHEMBL4469900,19030003,6.3,C=CC(=O)N1CCC[C@@H](Oc2nc(Nc3ccc(N4CCN(C(C)=O)CC4)cc3)nc3[nH]cc(-c4cncc(NC)n4)c23)C1
CHEMBL5208737,24824830,8.42,CC(C)c1ccc(N2C[C@H](CS(C)(=O)=O)[C@H]2C)c2cnc(Nc3ccnc(N4CC[C@@](C)(O)[C@@H](F)C4)n3)cc12
CHEMBL5419099,25533364,6.35,[2H]C([2H])([2H])n1cc(-c2ccnc(Nc3cc(NC(=O)C=C)c4c(cnn4CCN(C)C)c3)n2)c2ccccc21
CHEMBL4208829,18450570,7.77,C=CC(=O)N[C@@H]1CN(c2nc(Nc3cn(C)nc3OC)c3ncn(C(C)(C)C)c3n2)C[C@H]1F
CHEMBL4067373,17989473,6.43,O=C(Nc1ccc2ncnc(Nc3cccc(Cl)c3)c2c1)C1CCC2(CC1)OOC1(OO2)C2CC3CC(C2)CC1C3
CHEMBL2048909,10949870,8.26,CC(C)(C(=O)NCCn1ccc2ncnc(Nc3ccc(Oc4cccc5sncc45)c(Cl)c3)c21)S(C)(=O)=O
CHEMBL3961961,16739500,8.4,COc1ccc(-c2cc3c(N[C@H](CCO)c4ccccc4)ncnc3o2)cc1
CHEMBL6004439,27737732,6.26,COc1ccccc1C(=O)NCc1ccc(-c2nn(C3CCOCC3)c3ncnc(N)c23)cc1
CHEMBL4103194,17998448,8.8,C=CC(=O)Nc1cc(-n2c(=O)cc(C)c3cnc(Nc4ccc(N5CCN(C)C(C)C5)cc4OC)nc32)cc(C(F)(F)F)c1
CHEMBL309598,2202718,5.0,N#CC(C#N)=C(O)c1cc(O)c(O)c(O)c1
CHEMBL5993268,28394603,10.42,COC[C@@H]1CN(c2cc3c(Nc4cccc(Cl)c4F)ncnc3cc2OC)C(=O)O1
CHEMBL3655337,26576564,8.96,O=C(/C=C/CN1C2CCC1CC2)N1CCc2c(sc3ncnc(Nc4ccc(F)c(Cl)c4)c23)C1
CHEMBL109355,6261331,5.83,COc1cc2ncc(C#N)c(Nc3ccc(C)c(Cl)c3)c2cc1OC
CHEMBL3923551,16847216,6.71,COc1cc2c(Nc3ccc(NC(=O)Nc4ccccc4)cc3)ncnc2cc1OCCCN1CCN(C)CC1
CHEMBL3655346,26576594,7.72,CN(C)C/C=C/C(=O)N1Cc2sc3ncnc(Nc4ccc(OCc5ccccn5)c(Cl)c4)c3c2C1
CHEMBL5772398,28405415,8.4,C[C@@H](CF)N1C=C([C@@H](Nc2cc(Cl)c3ncc(C#N)c(NCC(C)(C)C)c3c2)c2cccc3c(=O)n(C)ccc23)NN1
CHEMBL5079430,24343059,8.92,C=CC(=O)N1CCC2(CC1)CNC(=O)c1cc(-c3ccnc(Nc4ccccc4OC(C)C)n3)[nH]c12
CHEMBL3357650,15112235,8.35,CCOc1cc2ncnc(Nc3ccc(Oc4ccc(C)nc4)c(Cl)c3)c2cc1NC(=O)/C(F)=C/CN(C)C
CHEMBL1090350,3240716,8.1,O=C(Nc1cccc(-c2nc3sccn3c2-c2ccnc(Nc3ccc(N4CCOCC4)cc3)n2)c1)c1ccccc1
CHEMBL3092320,13852024,5.8,O=C(Nc1cc2c(Nc3ccc(F)c(Cl)c3)ncnc2cc1O[C@H]1CCOC1)N1CCC(F)(F)C1
CHEMBL4225255,18577506,7.31,C=CC(=O)Nc1cccc(NC(=O)Nc2ccnc(Nc3ccc(N(C)CCN(C)C)cc3OC)n2)c1
CHEMBL3671577,26587667,7.5,C=CC(=O)Nc1cc2c(Nc3ccc(Br)cc3F)ncnc2cc1OCCNC(=O)CN1CC=CC1
CHEMBL5268781,25078695,9.47,C=CC(=O)N1CCC(Oc2cc3c(Nc4ccc(Cl)cc4F)ncnc3cc2O[C@H]2CCOC2)CC1
CHEMBL5287295,25105703,7.72,CN1CCN(c2ccc(Nc3ncc(Br)c(Nc4ccc5cc[nH]c5c4)n3)cc2)CC1
CHEMBL4648271,20708026,6.79,CCN(CC)C/C=C/C(=O)N1CCOc2cc3ncnc(Nc4ccc(OCc5cccc(F)c5)c(Cl)c4)c3cc21
CHEMBL3357654,15112231,8.59,COc1cc2ncnc(Nc3cccc(Br)c3)c2cc1NC(=O)/C(F)=C/CN(C)C
CHEMBL5971352,26961313,7.43,C=CC(=O)N1CC[C@@H](n2nc(C(=O)Nc3nc4cc(C#N)ccc4o3)c3c(N)ncnc32)C1
CHEMBL4465103,19158936,7.46,C=CC(=O)Nc1cc(Nc2nccc(Nc3ccccc3P(C)(C)=O)n2)c(OC)cc1N(C)CCN(C)C
CHEMBL3133895,13974926,6.55,C=CC(=O)N1CCc2c(sc3ncnc(Nc4cccc(C)c4F)c23)C1
CHEMBL5840248,26750399,9.13,CCN1CCC(Cc2ccc(C(=O)N[C@@H]3[C@H]4Oc5ccc(Oc6ccnc7c6CCC(=O)N7)cc5[C@@H]34)cc2C(F)(F)F)CC1
CHEMBL4280993,18722889,8.57,C=C=CC(=O)Nc1cc(Nc2nccc(-c3cn(C)c4ccccc34)n2)c(C)cc1N(C)CCN(C)C
CHEMBL5183324,24749173,8.4,CC1(C)CCc2c(C(C(=O)Nc3nccs3)N3Cc4c(cc(C#Cc5ccc(CN6CCC(CO)CC6)cc5)cc4C(F)F)C3=O)ncn21
CHEMBL3929584,16739509,7.54,C=Cc1ccc(-c2cc3c(N[C@H](C)c4ccccc4)ncnc3o2)cc1
CHEMBL4290355,18795775,5.25,COc1ccc(-c2nc3sc(-c4ccccc4)cn3n2)cc1
CHEMBL4588486,19112700,5.85,COc1ccc2nc3sc(C(=O)Nc4ccc(C(=O)/C=C/c5cc(OC)c(OC)c(OC)c5)cc4)cc3cc2c1
CHEMBL110577,6261323,5.2,COc1cc2ncc(C#N)c(Nc3cccc(O)c3)c2cc1OC
CHEMBL2018760,10855817,6.05,CCOC(=O)Nc1cc(Nc2ncnc3cc(OC)c(OC)cc23)ccc1Cl
CHEMBL6041702,28405460,7.46,CC(C)(C)CNc1c(C#N)cnc2c(Cl)cc(N[C@H](C3=CN(C4(C(F)(F)F)CC4)NN3)c3ccc(Cl)nc3)cc12
CHEMBL2385980,13322651,5.26,CCOc1cc([N+](=O)[O-])c(C(=O)Nc2ccc(OCc3cccc(F)c3)c(Cl)c2)cc1NC(=O)c1ccc(CN2CCN(C)CC2)cc1
CHEMBL110055,6261339,6.21,COc1cc2ncc(C#N)c(Nc3ccc(Br)c(C)c3)c2cc1OC
CHEMBL5176854,24907651,7.49,CCOc1cc2ncnc(Nc3ccc(Oc4cc5nncn5cn4)c(C)c3)c2cc1NC(=O)/C(F)=C/[C@@H]1CCCN1C
CHEMBL1828874,6358479,4.95,O=C(Cc1ccc(Cl)cc1)NS(=O)(=O)c1ccc(Br)cc1
CHEMBL6061803,28405319,7.89,Cc1nc(F)ccc1[C@H](Nc1cc(Cl)c2ncc(C#N)c(NCC(C)(C)CO)c2c1)C1=CN(C2(C(F)F)CC2)NN1
CHEMBL5889186,28403183,8.3,N#Cc1cnc2c(Cl)cc(N[C@H](C3=CNNN3)c3cccc4c3CNC4)cc2c1Nc1cnc(F)c(F)c1
CHEMBL5176295,24871155,6.31,COc1cc2ncnc3c2cc1OCCCCCCOc1ccccc1N3
CHEMBL4170935,19211864,5.39,COc1cc2c(Oc3ccc(C4SCC(=O)N4NC(=O)Nc4ccccc4F)cc3)ccnc2cc1OCCCN1CCOCC1
CHEMBL2087361,27322259,8.91,C#Cc1cccc(Nc2ncnc3cc4c(cc23)OCCOCCOCCO4)c1
CHEMBL3085377,2047165,5.14,CCN(CC)[C@@](C)(C#Cc1ncnc2cc(OC)c(OC)cc12)c1ccccc1
CHEMBL5423465,25533360,7.57,CCC(=O)Nc1cc(Nc2nccc(-c3cn(S(=O)(=O)CC)c4ccccc34)n2)cc2cnn(CCN(C)C)c12
CHEMBL1243255,3436057,8.27,CCOc1cc2ncc(C#N)c(Nc3ccc(F)c(Cl)c3)c2cc1NC(=O)/C=C/CNC
CHEMBL5286636,24976284,9.27,C=CC(=O)N1CCCCCCCn2cc(c3ccccc32)-c2ccnc(n2)Nc2cc1ccc2F
CHEMBL5945237,28404389,9.0,CC(C)(C)CNc1c(C#N)cnc2c(C#N)cc(N[C@H](C3=CN(C4(C)CC4)NN3)c3cccc4ncsc34)cc12
CHEMBL5853424,28883504,5.06,C=CC(=O)N1CC[C@H](Nc2cncc(-c3cnc(Nc4cccc(OC(F)F)c4)nc3)c2)C1
CHEMBL5889876,28403615,8.7,CC[C@@H](Nc1c(C#N)cnc2c(Cl)cc(N[C@H](C3=CN(CCCN4CCCC4)NN3)c3cccnc3)cc12)c1ccccc1
CHEMBL1172878,3364629,4.68,Cc1ncc([N+](=O)[O-])n1CCOC(=O)/C=C/c1ccccc1Cl
CHEMBL4164396,18423648,7.79,C=CC(=O)Nc1cc(Nc2nccc(Nc3ccccc3-c3ccn(C)n3)n2)c(OC)cc1OCCN(C)C
CHEMBL4097245,17956908,8.06,NP(=O)(OCCCC(=O)Oc1ccc2ncnc(Nc3ccc(F)c(Cl)c3)c2c1)N(CCCl)CCCl
CHEMBL5975224,28620788,6.52,COc1cc(N2CCN(C3CCN(C)CC3)CC2)ccc1Nc1ncc(Cl)c(Nc2ccccc2NS(C)(=O)=O)n1
CHEMBL5289352,25059896,6.26,COc1cc2c(Nc3ccc(S(=O)(=O)c4ccccc4)cc3)ncnc2cc1OCC1CCN(C)CC1
CHEMBL4102577,18060566,7.03,CCC(=O)Nc1cccc(Nc2cc(-c3[nH]c(SC)nc3-c3ccc(F)cc3)ccn2)c1
CHEMBL4092966,18048497,7.26,S=C(Nc1cncc(Cl)c1)Nc1ccc2ncnc(Nc3cccc(Cl)c3)c2c1
CHEMBL5760659,27619463,6.0,C=CC(=O)Nc1cccc(Nc2nc(Nc3ccc(C4=CCN(C(C)=O)CC4)cc3OC)ncc2C(F)(F)F)n1
CHEMBL5741920,28405493,8.05,CC(C)(C)CNc1c(C#N)cnc2c(Cl)cc(N[C@H](C3=CN(C(CF)CF)NN3)c3cccc4ncccc34)cc12
CHEMBL5403588,25533391,7.0,CN(C)CCn1ncc2cc(Nc3ncc([N+](=O)[O-])c(-c4cn(C)c5ccccc45)n3)cc(Cl)c21
CHEMBL4753193,22844236,7.92,CN1CCN(CCOc2cc3ncnc(Nc4ccc(F)c(Cl)c4)c3cc2NC(=O)c2cc([N+](=O)[O-])ccc2F)CC1
CHEMBL5868587,28404026,8.4,CC(C)(C)N1CCC(N2C=C([C@@H](Nc3cc(Cl)c4ncc(C#N)c(Nc5ccc(F)c(Cl)c5)c4c3)c3cccnc3Cl)NN2)CC1
CHEMBL5961157,28883528,5.65,C=CC(=O)N1CCC(Nc2cncc(-c3cnc(Nc4cccc(C)n4)nc3)c2)CC1
CHEMBL2325106,12657578,6.8,COc1ccc(C2=NN(C(N)=S)C(c3cccc4ccccc34)C2)cc1
CHEMBL5791987,26811034,8.57,O=C(/C=C/CN1CCC1CO)Nc1cc2c(Nc3ccc(F)c(Cl)c3)ncnc2cc1OC[C@H]1COCCO1
CHEMBL4556670,19310310,7.09,C=CC(=O)Nc1cccc(-c2csc3ncnc(N[C@H](CO)c4ccccc4)c23)c1
CHEMBL3754040,16444045,7.03,C=CC(=O)Nc1cccc(-n2c(=O)cc(C(C)C)c3cnc(Nc4ccc(N5CCN(C)CC5)cc4OC)nc32)c1
CHEMBL155761,283629,8.0,CS(=O)(=O)CCNc1nc(-c2ccc3ncnc(Nc4ccc(OCc5cccc(F)c5)c(Cl)c4)c3c2)cs1
CHEMBL3114701,13924681,7.09,C#Cc1cccc(Nc2ncnc3cc4c(cc23)N(C(=O)/C=C/CN2CCC(C)CC2)CCO4)c1
CHEMBL5422383,25665210,7.58,CCN1CCN(c2ccc(Nc3nccc(-c4sc(C5CCN(S(=O)(=O)CC)CC5)nc4-c4ccc(F)cc4)n3)cc2)CC1
CHEMBL248393,2045388,8.24,COc1cc2c(N[C@@H]3C[C@H]3c3ccccc3)c(C#N)cnc2cc1OCCCN1CCN(C)CC1
CHEMBL4129607,18304110,7.85,C=CC(=O)Nc1cccc(-n2c(=O)n(C(C)C)c(=O)c3cnc(Nc4ccc(N5CCC(N6CCN(C)CC6)CC5)cc4OC)nc32)c1
CHEMBL2337368,12684831,4.41,CC(C)c1ccc(Nc2nc(NC(=O)C(C)(C)C)nc3[nH]c4cccc(Cl)c4c23)cc1
CHEMBL5787750,28404599,8.3,CC(C)(C)CNc1c(C#N)cnc2c(Cl)cc(N[C@@H](C3=CN(C4(C(F)F)CC4)NN3)c3cccnc3F)cc12
CHEMBL3352899,14974600,9.11,COc1cc2c(Nc3cccc(Br)c3)ncnc2cc1OCCCCCCn1ccnc1[N+](=O)[O-]
CHEMBL5281167,25078683,9.26,C=CC(=O)N1CCC(Oc2cc3c(Nc4ccc(Cl)c(Cl)c4F)ncnc3cc2OCC2CCOC2)CC1
CHEMBL5968640,28394609,10.66,CCN1CC2(C1)CN(c1cc3c(Nc4cccc(Cl)c4F)ncnc3cc1OC)C(=O)O2
CHEMBL3233020,14586692,8.15,O=C(/C=C/CN1CC2(COC2)C1)Nc1cc2c(Nc3ccc(F)c(Cl)c3)ncnc2s1
CHEMBL2347967,12722989,7.31,O=[N+]([O-])c1cccc(-c2c(-c3ccccc3)oc3ncnc(N[C@H](CO)c4ccccc4)c23)c1
CHEMBL5909666,28405109,9.0,Cc1nc(F)ccc1[C@H](Nc1cc(C#N)c2ncc(C#N)c(NC3CCOCC3(C)C)c2c1)C1=CN(C2(C3CC3)CC2)NN1
CHEMBL5287962,25089036,5.38,COc1ccc(OC)c2c1CCC(=C\c1cc(OC)c(OC)c(OC)c1Br)/C2=N\O
CHEMBL5971901,26749604,9.17,O=C1CCc2c(Oc3ccc4c(c3)[C@H]3[C@H](NC(=O)c5ccc(CN6CCN7CCC[C@@H]7C6)c(C(F)(F)F)c5)[C@H]3O4)ccnc2N1
CHEMBL5436965,25665199,8.6,CCS(=O)(=O)Nc1nc(-c2ccc(F)cc2)c(-c2ccnc(Nc3ccc(N4CCN(C)CC4)cc3OC)n2)s1
CHEMBL6062263,27653225,6.26,C=CC(=O)Nc1cccc(Nc2nc(Nc3ccc(Cl)c(OCC(C)(C)O)c3)ncc2F)c1
CHEMBL4226177,18577532,6.67,C=CC(=O)Nc1cccc(NC(=O)Nc2ccnc(Nc3ccc(C(=O)N4CCN(C)CC4)cc3OC)n2)c1
CHEMBL2018757,10855814,6.05,CCCOC(=O)Nc1ccc(Nc2ncnc3cc(OC)c(OC)cc23)cc1C
CHEMBL3586189,15628370,4.88,O=C1N=C(N2CCC[C@H]2C(=O)Nc2ccc3ncnc(Nc4cccc(Cl)c4)c3c2)S/C1=C/c1ccc(-c2ccccc2)cc1
CHEMBL5940905,28403609,8.7,CC[C@@H](Nc1c(C#N)cnc2c(Cl)cc(N[C@H](C3=CN(C4[C@H]5CN(C6COC6)C[C@@H]45)NN3)c3cccnc3)cc12)c1ccccc1
CHEMBL5833896,28405940,8.7,Cc1nc(F)ccc1[C@H](Nc1cc(Cl)c2ncc(C#N)c(NCC(C)(C)C(F)(F)F)c2c1)C1=C(F)N(C2CC2)NN1
CHEMBL4852264,23310026,7.41,C#CC(=O)N1CCC(c2cnn3c(C(N)=O)c(-c4ccc(Oc5ccc(F)cc5)cc4)[nH]c23)C1
CHEMBL4763697,22844231,6.37,O=C(Nc1cc2c(Nc3ccc(F)cc3)ncnc2cc1OCCCN1CCOCC1)c1cc([N+](=O)[O-])ccc1F
CHEMBL3895411,16895222,8.4,C=C(CN1CCOCC1)C(=O)N1CC(Oc2cc3c(Nc4ccc(F)c(Cl)c4F)ncnc3cc2OC)C1
CHEMBL3676383,26587838,7.58,C=CC(=O)Nc1cc2c(Nc3ccc(Br)cc3F)ncnc2cc1OCCNC(=O)CN(CC)CC
CHEMBL4786776,22835834,9.3,OCC[C@@H](Nc1ncnc2[nH]c(-c3ccccc3)cc12)c1ccccc1
CHEMBL3901943,16752354,8.21,C=CC(=O)N1CCCCC(n2c(NC(=O)c3cccc(C(F)(F)F)c3)nc3cc(C)ccc32)C1
CHEMBL3754057,16435176,7.58,O=C(Nc1ccccn1)Nc1cc(-c2cncnc2)ccc1OC(F)(F)F
CHEMBL5978427,28405994,7.68,Cc1nc(F)ccc1[C@H](Nc1cc(-c2cncnc2)c2ncc(C#N)c(NCC(C)(C)C)c2c1)C1=CN(C2(C(F)F)CC2)NN1
CHEMBL418906,2202708,6.0,CC(C)(C)OC(=O)NCCNC(=O)c1ccc(S(=O)(=O)Oc2ccc(/C=C/[N+](=O)[O-])cc2)cc1
CHEMBL382186,1697608,5.39,CS(=O)(=O)Nc1ccc2c(c1)CNc1c(Nc3cccc(Br)c3)ncnc1O2
CHEMBL214631,1768058,6.97,COc1cc2ncnc(Nc3cc(Cl)ccc3F)c2cc1OC1CCN(C)CC1
CHEMBL4778159,22896502,7.62,N#Cc1cccc(Nc2ncnc3cc4c(cc23)OCCO4)c1
CHEMBL383965,1766877,7.68,CCCS(=O)(=O)CCNCc1ccc(-c2ccc3ncnc(Nc4ccc(OCc5cccc(F)c5)c(Cl)c4)c3c2)o1
CHEMBL1828869,6358474,5.19,O=C(Cc1ccc(F)cc1)NS(=O)(=O)c1ccc(Br)cc1
CHEMBL5087931,24381011,8.68,Cc1cc(Nc2ncc(Cl)c(Nc3ccccc3P(C)(C)=O)n2)cnc1N1CCC(N2CCN(C)CC2)CC1
CHEMBL4094471,17967047,5.35,Clc1ccccc1-c1nnc(Cc2nc3ccccc3[nH]2)o1
CHEMBL3759369,16457550,9.05,C[C@@H](Nc1ncnc2sc(-c3cccc(C(=O)NCCN(C)C)c3)cc12)c1ccccc1
CHEMBL4103440,18117558,7.68,COc1ccc(-c2nnc(-n3c(-c4ccccc4)nc4cc(Cl)ccc4c3=O)s2)cc1
CHEMBL5909516,28405127,8.7,Cc1nc(F)ccc1[C@H](Nc1cc(C#N)c2ncc(C#N)c(NCC(C)(C)C)c2c1)C1=C(F)N(C2CC2)NN1
CHEMBL4761468,22814386,9.74,C=CC(=O)Nc1cc(Nc2nccc(-c3cn(C4CC4)c4ccccc34)n2)c(OC)cc1N(C)CCN(C)C
CHEMBL3297895,14752171,6.99,Cc1nc(Nc2ccc(Cl)cc2)c2cc(C)oc2n1
CHEMBL5841961,28404335,8.05,CC(C)(C)CNc1c(C#N)cnc2c(Cl)cc(N[C@H](C3=CN(C4(C(F)(F)F)CC4)NN3)c3cccc4ncsc34)cc12
CHEMBL6043125,27071975,6.26,NC(=O)c1ncc(N2CCCC[C@@H](NC(=O)C3CC3)C2)nc1Nc1ccc(C2CCN(C3CCCC3)CC2)cc1
CHEMBL208358,1710026,6.96,CS(=O)(=O)Nc1cccc(C#Cc2cncnc2Nc2ccc(OCc3cccc(F)c3)c(Cl)c2)c1
CHEMBL5081433,24408198,7.08,C=CC(=O)Nc1cccc(-n2c(=O)c(C3CCCCC3)nc3cnc(Nc4cccc(OCC(N)=O)c4)nc32)c1
CHEMBL4561606,19445316,7.75,O=C(/C=C/CN1CCCC1)N1CCOc2cc3ncnc(Nc4ccc(F)c(Cl)c4)c3cc21
CHEMBL2064373,10967415,6.42,C#Cc1cccc(Nc2ncnc3cc4oc(=O)n(CCCN5CCOCC5)c4cc23)c1
CHEMBL5632582,26154060,5.88,C#Cc1cc(Nc2ncnc3cc(OCCOC)c(OCCOC)cc23)cc(OC(=O)C=C)c1
CHEMBL5764261,28404407,8.7,CC(C)(C)CNc1c(C#N)cnc2c(C#N)cc(N[C@H](C3=CN(C4(CF)CC4)NN3)c3cccc4ncsc34)cc12
CHEMBL5890335,28404395,8.7,CC(C)(C)CNc1c(C#N)cnc2c(Cl)cc(N[C@H](C3=CN(C4CC4)NN3)c3cccc4ncccc34)cc12
CHEMBL5857633,27652706,6.26,C=CC(=O)Nc1cccc(Nc2nc(Nc3ccc(Cl)c(OC)c3)ncc2F)c1
CHEMBL4083486,17998439,8.64,C=CC(=O)Nc1cc(-n2c(=O)cc(C)c3cnc(Nc4ccc(N5CCN(C)CC5)cc4OC)nc32)ccc1C
CHEMBL432396,6261316,4.32,COc1cc2ncc(C#N)c(Nc3ccc(F)cc3)c2cc1OC
CHEMBL4778894,22835808,9.15,COc1cc(NS(C)(=O)=O)ccc1-c1cc2c(N[C@H](C)c3ccccc3)ncnc2[nH]1
CHEMBL3671508,26587454,7.01,C=CC(=O)Nc1cc2c(Nc3ccc(Br)cc3F)ncnc2cc1OCCNC(=S)NC
CHEMBL2385993,13322639,5.22,Cc1ccc(NC(=O)c2ccc(CN3CCN(C)CC3)cc2)cc1C(=O)Nc1nccc(-c2cccc(F)c2)n1
CHEMBL5417638,25691180,7.28,C=CC(=O)Nc1cccc(-c2c(-c3ccccc3)oc3ncnc(NC4CCCCC4)c23)c1
CHEMBL379601,1715574,7.7,COc1cc2ncnc(Nc3cccc(Cl)c3F)c2cc1CN(C)CC(N)=O
CHEMBL5178703,24907654,8.09,CCOc1cc2ncnc(Nc3ccc(Oc4cc5nncn5cn4)c(C)c3)c2cc1NC(=O)/C(F)=C/[C@H]1CCCN1C
CHEMBL5927580,28404737,8.7,CC(C)(C)CNc1c(C#N)cnc2c(C#N)cc(N[C@H](C3=CN(C4(C(F)F)CC4)NN3)c3cccc4cnccc34)cc12
CHEMBL3586175,15628376,4.5,O=C1N=C(N2CCC[C@H]2C(=O)Nc2ccc3ncnc(Nc4cccc(Cl)c4)c3c2)S/C1=C/c1ccc(Br)s1
CHEMBL4777353,22844233,8.42,CN(C)CCCCOc1cc2ncnc(Nc3ccc(F)c(Cl)c3)c2cc1NC(=O)c1cc([N+](=O)[O-])ccc1F
CHEMBL2426289,13446017,6.41,COc1ccc(NC(=O)/C=C/CN(C)C)cc1Nc1nccc(-c2cnn3ccccc23)n1
CHEMBL5275932,25105750,5.24,CC(=O)N1CCc2ccc(Nc3nc(Nc4ccc(N5CCN(C)CC5)cc4)ncc3Br)cc21
CHEMBL2437475,13483439,5.17,COc1ccc(-n2c(=O)cnc3cnc(Nc4ccc(N)cc4)nc32)cc1
CHEMBL3671550,26587583,7.44,C=CC(=O)Nc1cc2c(Nc3ccc(Br)cc3F)ncnc2cc1OC(C)CNC(C)=O
CHEMBL3098321,13868181,5.79,CNS(=O)(=O)c1ccc(Nc2nc(Cl)nc3cc(OC)c(OC)cc23)cc1
CHEMBL490498,2390183,9.01,C=CC(=O)Nc1nc2c(Cc3ccc(F)c(Cl)c3)ncnc2cc1OCCOC
CHEMBL4793453,22896506,7.81,Fc1ccc(Nc2ncnc3cc4c(cc23)OCCO4)c(F)c1Br
CHEMBL3133899,13974922,6.89,C=CC(=O)N1CCc2c(sc3ncnc(Nc4ccc(CC)cc4)c23)C1
CHEMBL3545311,24919444,8.18,COc1cc(N2CCC(N3CCN(C)CC3)CC2)ccc1Nc1ncc(Cl)c(Nc2ccccc2P(C)(C)=O)n1
CHEMBL4749501,22896514,7.72,Fc1cccc(Nc2ncnc3cc4c(cc23)OCCO4)c1F
CHEMBL4212884,18539777,7.21,CN(C)C1CCN(c2ccc(Nc3cc4c(N5CCCC5)nc(Nc5ccccc5)nc4cn3)nc2)CC1
CHEMBL4203110,18456096,6.28,COc1cc(N2CCN(C)CC2)ccc1Nc1ncc(Cl)c(Oc2ccccc2N=[N+]=[N-])n1
CHEMBL5560466,25866177,7.05,C=CC(=O)N1C[C@@H](n2cc(-c3ccncc3)c(-c3cc(COc4ccc5c(c4)CN(C)C5=O)ccc3F)n2)C[C@H]1C
CHEMBL3910361,16666139,5.28,C#Cc1cccc(Nc2ncnc3cc4oc(=O)n(CCOC(=O)CBr)c4cc23)c1
CHEMBL207009,1721405,7.75,O=C(NCCCl)Nc1ccc2ncnc(Nc3cccc(Br)c3)c2c1
CHEMBL5951478,28404398,6.33,Cc1nc(F)ccc1C(Nc1cc(Cl)c2ncc(C#N)c(N[C@H](CCC#N)c3ccccc3)c2c1)C1=CN(C2CC2)NN1
CHEMBL4227552,18577517,6.8,C=CC(=O)Nc1cccc(NC(=O)Nc2ccnc(Nc3ccc(N4CCN(CCF)CC4)cc3OC)n2)c1
CHEMBL3680377,26581704,7.74,COc1cc2ncnc(Nc3ccc(F)c(Cl)c3)c2cc1NC(=O)/C=C/CN1CCC(F)CC1
CHEMBL5753671,27750524,7.55,C=CC(=O)Nc1cc(Nc2ncc(Cl)c(-c3cnn(C)c3)n2)c(OC)cc1N(C)CCN(C)C
CHEMBL2070198,10988325,7.01,Brc1cccc(Nc2ncnc3ccc(NCc4ccc5c(c4)OCCCO5)cc23)c1
CHEMBL287022,574894,5.42,CC#CC(=O)Nc1cnc2ncc(C#N)c(Nc3ccc(F)c(Cl)c3)c2c1
CHEMBL5188373,24741578,10.05,COCC1CN(C2CCN(c3cc(OC)c(Nc4ncc(Br)c(Nc5ccc6c(c5P(C)(C)=O)OCCO6)n4)cc3C)CC2)C1
CHEMBL4207316,18535070,6.05,CCc1c(C(=O)NC(CO)Cc2ccccc2)[nH]c2ccc(C(F)(F)F)cc12
CHEMBL5803150,28404908,7.38,Cc1nc(F)ccc1[C@H](Nc1cc(Cl)c2ncc(C#N)c(NC3C4COCC43)c2c1)C1=CN(C2(C(F)(F)F)CC2)NN1
CHEMBL1958022,8048995,5.87,O=C1CSC(N2N=C(c3ccccc3)CC2c2ccc(Br)cc2)=N1
CHEMBL4226436,18577555,6.89,C=CC(=O)Nc1cccc(NC(=O)Nc2ccnc(Nc3ccc(C4CCN(C)CC4)cc3OC)n2)c1
CHEMBL5190294,24833311,6.54,CCC(=O)N[C@H]1CC[C@@H](N2C(=O)N(c3ccccc3Cl)Cc3cnc(Nc4ccc(N5CCN(C)CC5)c(C)c4)nc32)CC1
CHEMBL3965087,16895181,8.1,C=CC(=O)N1CC[C@H](Oc2ccc3ncnc(Nc4ccc(OCc5cccc(F)c5)c(Cl)c4)c3c2)C1
CHEMBL4741922,22835799,9.22,C[C@@H](Nc1ncnc2[nH]c(-c3ccncc3)cc12)c1ccccc1
CHEMBL5207479,24749169,8.3,O=C(Nc1nccs1)C(c1ncn2c1CCC2)N1Cc2c(F)cc(C#Cc3ccc(CN4CCC(O)CC4)cc3)cc2C1=O
CHEMBL5946057,27619421,6.49,C=CC(=O)Nc1cccc(Nc2nc(Nc3ccc(N4CCN(C(C)=O)CC4)cc3OC)ncc2C(F)(F)F)n1
CHEMBL6044013,27652772,7.26,C=CC(=O)Nc1cccc(Nc2nc(Nc3ccc(OCCOC)c(F)c3)ncc2F)c1
CHEMBL81073,19218793,5.15,COc1cc2ncc(C#N)c(Nc3cc(OC)c(OC)c(OC)c3)c2cc1OC
CHEMBL5952540,27738293,6.26,COc1ccc(F)cc1C(=O)NCc1ccc(-c2nn(C3CCC(C)(O)CC3)c3ncnc(N)c23)cc1
CHEMBL5807906,26838967,6.56,[2H]C(c1ccc(F)cc1)(c1cn(C2CC2)nn1)N(CC)c1ccc2ncnc(NCC(C)(C)C)c2c1
CHEMBL461781,2390319,5.2,FC(F)(F)c1ccc(-n2cnnc2SCc2nc(COc3c(Cl)cccc3Cl)no2)cc1
CHEMBL4649213,20667649,6.13,Clc1nc2ccccc2c2nnc(/N=C/c3ccco3)n12
CHEMBL29197,1943183,8.59,COc1cc2ncnc(Nc3cccc(Br)c3)c2cc1OC
CHEMBL5837535,28883636,6.04,C=CC(=O)N1CCC(Nc2cncc(-c3cnc(Oc4cccc(OC(F)F)c4)nc3)n2)CC1
CHEMBL5632548,26154068,6.25,COCCOc1cc2ncnc(Nc3ccc(C(F)F)c(C=O)c3)c2cc1OCCOC
CHEMBL3647419,26589074,7.23,CCOc1cc2ncc(C#N)c(Nc3ccc(OCc4ccccn4)c(Cl)c3)c2cc1NC(=O)/C=C/[C@@H]1C[C@@H](O)CN1C
CHEMBL3416439,15229695,7.64,C#Cc1cccc(Nc2ncnc3sc(Br)cc23)c1
CHEMBL3676345,26587718,7.72,C=CC(=O)Nc1cc2c(Nc3ccc(Br)c(F)c3F)ncnc2cc1OCCNC(=O)CCN(CC)CC
CHEMBL5841647,28403108,8.05,CCN1CCC(N2C=C([C@@H](Nc3cc(Cl)c4ncc(C#N)c(Nc5ccc(F)c(Cl)c5)c4c3)c3cc(Cl)sc3Cl)NN2)CC1
CHEMBL6007318,28405403,8.7,CC(C)n1ccc2c([C@H](Nc3cc(Cl)c4ncc(C#N)c(NCC(C)(C)C)c4c3)C3=CN(C4(C)CC4)NN3)cccc2c1=O
CHEMBL2316147,12615156,5.25,COc1cc(/C=C2\CCC/C(=C\c3ccc(F)cc3)C2=O)cc(OC)c1
CHEMBL4215080,18539783,7.27,CN(C)C1CCN(c2ccc(Nc3cc4c(N5CCOCC5)nc(Nc5ccc(F)cc5F)nc4cn3)nc2)CC1
CHEMBL5925185,26961388,6.69,C=CC(=O)N1CCC(Cn2nc(C(=O)Nc3nc4cc(F)ccc4o3)c3c(N)ncnc32)CC1
CHEMBL5427961,25691203,7.85,C=CC(=O)Nc1cc(-c2c(-c3ccccc3)oc3ncnc(NC4CC4)c23)ccc1N(C)CCN(C)C
CHEMBL5269346,25043260,5.08,O=C(Nn1c(-c2ccc(Br)cc2)cs/c1=N\c1ccc([N+](=O)[O-])cc1)c1ccc(Cl)cc1
CHEMBL4780058,22892148,6.96,Cn1c(-c2csc(NN=C3CCCC3)n2)nc2ccccc21
CHEMBL3087205,13826573,8.06,C=CC(=O)N1CC[C@H](N2C(=O)N(Cc3ccccc3)Cc3cnc(Nc4ccc(N5CCN(C)CC5)cc4OC)nc32)C1
CHEMBL2337373,12684839,6.83,Nc1nc(Nc2ccccc2)c2c(n1)[nH]c1ccccc12
CHEMBL6003119,28404209,7.5,CC(C)N1C=C([C@@H](Nc2cc(Cl)c3ncc(C#N)c(Nc4ccc(F)c(Cl)c4)c3c2)c2cc(Br)cnc2Cl)NN1
CHEMBL5273791,25073525,7.13,CC(C)n1nc(N2CCOCC2)c2cnc(Nc3ccnc(-c4cnn(S(=O)(=O)C5CC5)c4)n3)cc21
CHEMBL3671548,26587577,6.41,C=CC(=O)N(C)c1cc2c(Nc3ccc(Br)cc3F)ncnc2cc1OCCNC(C)=O
CHEMBL5284848,25059893,6.89,COc1cc2c(Nc3ccc(Oc4ccccc4)cc3)ncnc2cc1OCC1CCN(C)CC1
CHEMBL5892653,27738065,5.26,COc1ccccc1C(=O)NC(C)c1ccc(-c2nn(C3CCCC3)c3ncnc(N)c23)cc1
CHEMBL6024685,26750159,6.49,O=C1CCc2c(Oc3ccc4c(c3)[C@H]3[C@H](NC(=O)c5ccc(-c6ccccc6)o5)[C@H]3O4)ccnc2N1
CHEMBL3655339,26576570,8.7,O=C(/C=C/[C@@H]1CCCN1)N1CCc2c(sc3ncnc(Nc4ccc(F)c(Cl)c4)c23)C1
CHEMBL4869409,23310022,7.79,C#CC(=O)N1CCC(c2cnn3c(C(N)=O)c(-c4ccc(Oc5ccccc5F)cc4)[nH]c23)CC1
CHEMBL4474073,18955869,9.12,COCCCOc1cc2ncnc(Nc3ccc(F)c(Cl)c3)c2cc1NC(=O)/C=C/CN(C)C
CHEMBL4852664,23195375,9.28,C#Cc1cccc(Nc2ncnc3cc(OC)c(OCCCCCN/C(=N\C#N)Nc4cccnc4)cc23)c1
CHEMBL4066141,18172285,6.44,CCC(=O)N1CC[C@H](N2C(=O)N(c3cc(OC)ccc3Cl)Cc3cnc(Nc4ccc(N5CCN(C6COC6)CC5)c(C)c4)nc32)C1
CHEMBL5836680,27070676,5.26,CN(C)C(=O)N[C@@H]1CCCN(c2cnc(C(N)=O)c(Nc3cnn(C4CN(C5CCCC5)C4)c3)n2)C1
CHEMBL6064016,28722452,6.32,C=CC(=O)N1CCC(Oc2cc3c(Nc4cccc(-c5cnco5)c4)ncnc3cc2OC)C1
CHEMBL2064384,10967422,6.0,O=c1oc2cc3ncnc(Nc4ccc(OCc5ccc(Cl)cc5)cc4)c3cc2n1CCCN1CCOCC1
CHEMBL5821372,28405937,8.3,Cc1nc(F)ccc1[C@H](Nc1cc(Cl)c2ncc(C#N)c(NCC(C)(C)C(F)(F)F)c2c1)C1=C(F)N(C2(C3CC3)CC2)NN1
CHEMBL4740234,22894033,8.12,C=C(Cl)C(=O)Nc1cccc(Nc2nc(Nc3ccc(N4CCN(C(C)=O)CC4)nc3)ncc2Cl)c1
CHEMBL5847902,28404449,7.54,CC(C)(C)CNc1c(C#N)cnc2c(F)cc(N[C@H](C3=CN(C4(C(F)(F)F)CC4)NN3)c3cccc4ncsc34)cc12
CHEMBL5972778,28517087,5.38,C=CC(=O)N1CCCC(Nc2nc(Nc3ccc(N4CCOCC4)cc3)c3c(c2F)CNC3=O)C1
CHEMBL444619,1603450,8.3,COc1cc(ON2CCC(C)CC2)c2c(Nc3ccc(OCc4ccccn4)c(Cl)c3)ncnc2c1
CHEMBL3114699,13924683,6.19,C#Cc1cccc(Nc2ncnc3cc4c(cc23)N(C(=O)/C=C/CN2CCOCC2)CCO4)c1
CHEMBL2018758,10855815,5.12,CCCCOC(=O)Nc1ccc(Nc2ncnc3cc(OC)c(OC)cc23)cc1C
CHEMBL5077866,24381005,7.89,CN1CCN(C2CCN(c3ccc(Nc4ncc(Cl)c(Nc5ccccc5P(C)(C)=O)n4)cc3OC(F)(F)F)CC2)CC1
CHEMBL6007835,28403213,8.1,CC(C)(C)N1CCC(N2C=C([C@@H](Nc3cc(Cl)c4ncc(C#N)c(Nc5ccc(F)c(Cl)c5)c4c3)c3cccc4c3C(=O)NC4)NN2)CC1
CHEMBL5956882,28405337,8.3,Cc1nc(F)ccc1[C@H](Nc1cc(Cl)c2ncc(C#N)c(NCC(C)(C)C)c2c1)C1=CN(CC2(C(F)F)CC2)NN1
CHEMBL3676357,26587754,8.4,C=CC(=O)Nc1cc2c(Nc3cc(Cl)c(Cl)cc3F)ncnc2cc1OCCNCC(C)=O
CHEMBL6010524,27540827,4.92,NC(=O)c1c(-c2ccc(Oc3ccc(F)cc3F)cc2)nn(C2CCCN(C(=O)/C=C/CO)C2)c1N
CHEMBL4531697,19158937,7.48,C=CC(=O)Nc1cc(Nc2ncc(I)c(Nc3ccccc3S(=O)(=O)C(C)C)n2)c(OC)cc1N(C)CCN(C)C
CHEMBL5561612,25866166,7.54,C=CS(=O)(=O)NCCn1cc(-c2ncnc3cc(OC)c(OC)cc23)c(-c2cccc(OC)c2)n1
CHEMBL5180251,24902225,9.19,Nc1ccc2ncnc(Nc3ccc4[nH]ccc4c3)c2c1
CHEMBL4281426,18798655,7.34,O=C1Nc2ccc(S(=O)(=O)N3CCOCC3)cc2/C1=N/Nc1ccccc1
CHEMBL4562744,19029999,6.03,CNc1cncc(-c2c[nH]c3nc(Nc4ccc(N5CCN(C(C)=O)CC5)cc4)nc(OC4CCOCC4)c23)n1
CHEMBL4762998,22844305,6.44,O=C(Nc1cc2c(Nc3ccc(F)c(Cl)c3)ncnc2cc1OCCCN1CCOCC1)c1cc(F)cc(F)c1F
CHEMBL2064393,10967429,7.0,Cc1c(OCC(F)(F)F)ccnc1COc1cccc(Nc2ncnc3cc4oc(=O)n(CCCN5CCOCC5)c4cc23)c1
CHEMBL4280174,18783599,7.82,C=CC(=O)Nc1ccccc1Nc1nc(Nc2ccc(CN3CCOCC3)cc2)ncc1Cl
CHEMBL6020835,26811022,8.41,O=C(/C=C/CN1CCC1CO)Nc1cc2c(Nc3ccc(F)c(Cl)c3)ncnc2cc1O[C@H]1CCOC1
CHEMBL5817509,28403750,8.7,CC[C@@H](Nc1c(C#N)cnc2c(Cl)cc(N[C@H](C3=CN(C4CCN(C(C)(C)C)CC4)NN3)c3cccnc3C)cc12)c1ccccc1
CHEMBL4064475,17998430,8.74,C=CC(=O)Nc1cccc(-n2c(=O)cc(C)c3cnc(Nc4cnn(C5CCN(C)CC5)c4)nc32)c1
CHEMBL5988402,28405313,8.52,Cn1ccc2c([C@H](Nc3cc(Cl)c4ncc(C#N)c(NCC(C)(C)C)c4c3)C3=CN(C4(C(F)F)CC4)NN3)cccc2c1=O
CHEMBL1271561,17607126,8.34,C[C@@H](Nc1ncnc2sc3c(c12)CCN(C(=O)/C=C/CN(C)C)C3)c1ccccc1
CHEMBL1828871,6358476,4.86,Cc1ccc(S(=O)(=O)NC(=O)Cc2ccc(Cl)cc2)cc1
CHEMBL5885717,28404839,7.43,Cc1nc(F)ccc1[C@H](Nc1cc(C#N)c2ncc(C#N)c(NC3CCCCC3)c2c1)C1=CN(C2(C(F)(F)F)CC2)NN1
CHEMBL4450843,19310290,6.25,CN(C)C/C=C/C(=O)Nc1cccc(-c2c(-c3ccccc3)oc3ncnc(N[C@@H](CO)c4ccccc4)c23)c1
CHEMBL4435619,19445323,6.05,O=C(/C=C/CN1CCCC1)N1CCCOc2cc3ncnc(Nc4ccc(F)c(Cl)c4)c3cc21
CHEMBL3985004,16894743,7.0,O=C(CCCCCCOc1ccc(-c2cc3c(NCc4ccccc4)ncnc3[nH]2)cc1)NO
CHEMBL5838668,26768698,8.38,CCOc1cc2ncnc(Nc3ccc(OCc4ccccn4)c(Cl)c3)c2cc1NC(=O)/C=C/CN1C[C@@H]2OCCO[C@@H]2C1
CHEMBL4790583,22844241,7.77,O=C(Nc1cc2c(Nc3ccc(F)c(Cl)c3)ncnc2cc1F)c1cc([N+](=O)[O-])ccc1F
CHEMBL5849328,27502211,6.26,N#Cc1cnc2cc(OC[C@@H](O)CO)c(NC(=O)C[C@H]3CCSS3)cc2c1Nc1ccc(OCc2cccc(F)c2)c(Cl)c1
CHEMBL3797606,16581391,9.4,C=CC(=O)Nc1cccc(Oc2nc(Nc3ccc(N4CCN(C)CC4)cc3OC)ncc2SC)c1
CHEMBL3263967,14652520,5.92,COc1cc2c(Oc3ccc(NS(=O)(=O)c4ccc(-c5ccsc5)cc4)cc3F)ccnc2cc1OCCCN1CCN(C)CC1
CHEMBL597200,3126319,7.51,O=C(COc1ccc(F)cc1)Nc1ccc2ncnc(Nc3cccc(Br)c3)c2c1
CHEMBL5885691,27738191,5.26,COc1ccccc1C(=O)NCc1ccc(-c2nn(C3CCCC3)c3ncnc(N)c23)c(C)c1
CHEMBL6000647,28403894,8.22,N#Cc1cnc2c(Cl)cc(N[C@H](C3=CNNN3)c3csc4c3CCN(C3COC3)C4)cc2c1Nc1ccc(F)c(Cl)c1
CHEMBL4783569,22835792,9.4,COc1ccccc1-c1cc2c(N[C@H](CO)c3ccccc3)ncnc2[nH]1
CHEMBL5894318,28883606,4.65,C=CC(=O)N1CC[C@H](Nc2cncc(-c3cnc(Nc4cccc(OC(F)(F)F)c4)nc3)n2)C1
CHEMBL186580,1453199,6.31,COc1cc2ncnc(Nc3cc(NC(=O)c4ccccc4)c(F)cc3F)c2cc1OC
CHEMBL4760864,22844312,7.52,O=C(Nc1cc2c(Nc3ccc(F)c(Cl)c3)ncnc2cc1OCCCN1CCOCC1)c1cccc(C(F)(F)F)c1F
CHEMBL5406792,25691191,8.22,C=CC(=O)Nc1cccc(-c2c(-c3ccc(N4CCN(C)CC4)cc3)oc3ncnc(NC)c23)c1
CHEMBL5771166,28403969,7.64,CC(C)N1C=C([C@@H](Nc2cc(Cl)c3ncc(C#N)c(Nc4ccc(F)c(Cl)c4)c3c2)c2ccc(Cl)nc2Cl)NN1
CHEMBL2179128,18243234,5.84,Fc1ccc(-c2nc(-c3ccccc3)[nH]c2-c2ccnc3[nH]c(-c4ccccc4)cc23)cc1
CHEMBL2385976,13322655,6.05,CCOc1cc([N+](=O)[O-])c(C(=O)Nc2ccc(OCc3ccccn3)c(Cl)c2)cc1NC(=O)c1ccc(CN2CCN(C)CC2)cc1
CHEMBL4555488,19172991,6.43,C=CC(=O)N(c1ccc(F)c(F)c1)c1ncnc2cc(OC)c(OCCCN3CCOCC3)cc12
CHEMBL3086103,13826559,7.26,C=CC(=O)N1CC[C@H](N2C(=O)N(c3ccccc3)Cc3cnc(Nc4ccc(N5CCN(C)CC5)c(C(F)(F)F)c4)nc32)C1
CHEMBL2316158,12615145,5.72,COc1cc(/C=C2\CCC/C(=C\c3ccc(S(C)(=O)=O)cc3)C2=O)cc(OC)c1
CHEMBL5434109,25691169,7.27,C=CC(=O)Nc1cccc(-c2c(-c3ccccc3)oc3ncnc(NCCCO)c23)c1
CHEMBL3806172,16588557,6.63,CCOC(C)Oc1cc2ncnc(Nc3ccc(F)c([N+](=O)[O-])c3)c2c2c1OCCO2
CHEMBL4443413,19132060,7.09,CCC(=O)N1CC[C@@H](n2c(=O)c(-c3ccccc3Cl)c(C)c3cnc(Nc4ccc(N5CCN(C)CC5)c(C)c4)nc32)C1
CHEMBL6062319,26961238,6.62,C/C=C/C(=O)N1CCC[C@@H](n2nc(C(=O)Nc3nc4cc(Cl)ccc4o3)c3c(N)ncnc32)C1
CHEMBL5864179,28722434,7.64,C=CC(=O)N1CCC(Oc2cc3c(Nc4ccc(Cl)c(Cl)c4)ncnc3cc2OC)C1
CHEMBL3759963,16457543,7.89,COc1cccc(-c2cc3c(N[C@H](C)c4ccccc4)ncnc3s2)c1OC
CHEMBL5843771,26839078,8.62,Cn1ccc2c([C@H](Nc3cc(Cl)c4ncnc(NCC(C)(C)C)c4c3)c3cn(C4(C(F)F)CC4)nn3)cccc2c1=O
CHEMBL4068047,17998447,8.7,C=CC(=O)Nc1cc(-n2c(=O)cc(C)c3cnc(Nc4ccc(N5CCN(C)CC5)cc4OC)nc32)cc(C(F)(F)F)c1
CHEMBL5975408,27652724,7.26,C=CC(=O)Nc1cccc(Nc2nc(Nc3ccc(OCCCS(C)(=O)=O)nc3)ncc2F)c1
CHEMBL3953210,16739498,7.62,COc1ccc(-c2cc3c(N[C@H](C)c4cccc(F)c4)ncnc3o2)cc1
CHEMBL4282954,18722861,9.22,C=C=CC(=O)Nc1cc(Nc2nccc(-c3cn(C)c4ccccc34)n2)c(OC)cc1N1CCOCC1
CHEMBL3357635,15112251,9.57,COc1cc2ncnc(Nc3ccc(F)c(Cl)c3)c2cc1NC(=O)/C(F)=C/CN1CCCCC1
CHEMBL5852751,27737957,7.26,COc1ccccc1C(=O)NCc1ccc(-c2nn(C3CC4CC4C3)c3ncnc(N)c23)cc1
CHEMBL5781511,27072083,5.26,CCOc1ccc(C(=O)N[C@@H]2CCCN(c3nnc(C(N)=O)c(Nc4ccc(C(=N)N5CCCC5)cc4)n3)C2)cc1
CHEMBL3612570,15711396,6.25,COCCn1c(=O)oc2cc3ncnc(Nc4cccc(C(C)=O)c4)c3cc21
CHEMBL4439066,19172982,6.3,C=CC(=O)N(c1cc(F)c(F)cc1F)c1ncnc2cc(OC)c(OCCCN3CCOCC3)cc12
CHEMBL5194174,24919475,8.26,COc1cc(N2CCC(N3CCN(C)CC3)CC2)ccc1Nc1ncc(Cl)c(-c2cn(S(C)(=O)=O)c3ccccc23)n1
CHEMBL3975699,16739515,7.36,C[C@@H](Nc1ncnc2oc(-c3ccc(C#N)cc3)cc12)c1ccccc1
CHEMBL3942228,16668411,8.7,CCOc1cc2ncnc(Nc3ccc4c(cnn4Cc4ccccc4)c3)c2cc1NC(=O)/C=C/CN1CCCCC1
CHEMBL3133755,13973665,5.48,O=C(Nc1cccc(Nc2ncnc3cc(OCCCN4CCOCC4)ccc23)c1)Nc1ccc(F)c(Cl)c1
CHEMBL111520,6261320,6.06,COc1cc2ncc(C#N)c(Nc3cccc([N+](=O)[O-])c3)c2cc1OC
CHEMBL4097795,17956902,8.24,NP(=O)(OCCCOc1ccc2ncnc(Nc3ccc(F)c(Cl)c3)c2c1)N(CCCl)CCCl
CHEMBL6019942,26750255,7.38,O=C1CCc2c(Oc3ccc4c(c3)[C@H]3[C@H](NC(=O)c5cncc(C(F)(F)F)c5)[C@H]3O4)ccnc2N1
CHEMBL1336,16461806,7.1,CNC(=O)c1cc(Oc2ccc(NC(=O)Nc3ccc(Cl)c(C(F)(F)F)c3)cc2)ccn1
CHEMBL5771859,28403999,8.52,Cn1nccc1[C@H](Nc1cc(Cl)c2ncc(C#N)c(Nc3ccc(F)c(Cl)c3)c2c1)C1=CN(C2CCN(C(C)(C)C)CC2)NN1
CHEMBL3753886,16435154,7.01,O=C(Nc1ccncc1)Nc1cc(-c2cccnc2)ccc1OC(F)(F)F
CHEMBL3639752,26587700,7.92,C=CC(=O)Nc1cc2c(Nc3cc(F)c(Br)cc3F)ncnc2cc1OCCNC(C)=O
CHEMBL5955109,28404575,8.22,Cn1cc2c([C@H](Nc3cc(Cl)c4ncc(C#N)c(NCC(C)(C)C)c4c3)C3=CN(C4(C(F)F)CC4)NN3)cccc2n1
CHEMBL5794723,28405676,8.4,Cc1nc(F)ccc1[C@H](Nc1cc(C#N)c2ncc(C#N)c(NCC(C)(C)C)c2c1)C1=C(F)N(C2(C3CC3)CC2)NN1
CHEMBL5570611,25955047,5.83,C=CC(=O)Nc1cc2c(Oc3ccc(NC(=O)CCCc4ccc(C)cc4)cc3F)ncnc2cc1OC
CHEMBL6054382,28404467,7.77,CC(C)(C)CNc1c(C#N)cnc2c(Cl)cc(N[C@H](C3=CN(C4(C(F)(F)F)CC4)NN3)c3cccc4ncccc34)cc12
CHEMBL5814141,28405601,8.4,Cc1nc(F)ccc1[C@H](Nc1cc(C#N)c2ncc(C#N)c(NCC(C)(C)C)c2c1)C1=CN(CC2(C(F)F)CC2)NN1
CHEMBL4098967,18248444,8.72,C=CC(=O)Nc1cc(Nc2nccc(-c3cn4c5c(cccc35)CCC4)n2)c(OC)cc1N1CCC(CN(C)C)C1
CHEMBL2064389,10967425,6.24,O=c1oc2cc3ncnc(Nc4ccc(F)c(F)c4)c3cc2n1CCCN1CCOCC1
CHEMBL5782179,28404446,8.7,Cc1nc(F)ccc1[C@H](Nc1cc(C#N)c2ncc(C#N)c(NCC(C)(C)C)c2c1)C1=CN(C2CC2)NN1
CHEMBL4126986,18304109,6.94,C=CC(=O)Nc1cccc(-n2c(=O)n(C(C)C)c(=O)c3cnc(Nc4ccc(OCCN(C)C)cc4OC)nc32)c1
CHEMBL3353409,15077746,5.7,C=CC(=O)Nc1cc(Nc2ncc(C)c(-c3cn(C)c4ccccc34)n2)c(OC)cc1N(C)CCN(C)C
CHEMBL5834453,26750513,8.39,CCN1CCN(Cc2ccc(C(=O)N[C@@H]3[C@H]4Oc5ccc(Oc6ccnc(N)c6)cc5[C@@H]34)cc2C(F)(F)F)CC1
CHEMBL5200637,24848239,8.66,CN1CCC(c2ccc(-c3ccc4c(c3)CCN(C(C(=O)Nc3nccs3)c3cccc(F)c3)C4=O)cc2)CC1
CHEMBL4077064,18114693,6.06,C=CC(=O)N1CCc2ccc(-n3c(=O)ccc4cnc5ccc(-c6cnn(C)c6)cc5c43)cc21
CHEMBL4789811,22844309,8.89,N#Cc1ccc(F)c(C(=O)Nc2cc3c(Nc4ccc(F)c(Cl)c4)ncnc3cc2OCCCN2CCOCC2)c1
CHEMBL3676393,26575876,6.76,C=CC(=O)Nc1cc2c(Nc3ccc(Br)cc3F)ncnc2cc1OCC(C)NC(=O)CN(C)C
CHEMBL3604922,15685185,5.62,C=CC(=O)Nc1ccc(Oc2nc(Nc3cc(C)[nH]n3)cc(N3CCN(C)CC3)n2)cc1
CHEMBL4751768,22844301,6.62,O=[N+]([O-])c1ccc(F)c(CNc2cc3c(Nc4ccc(F)c(Cl)c4)ncnc3cc2OCCCN2CCOCC2)c1
CHEMBL1095465,3299693,4.9,COc1ccc(OC)c(Cc2cc3c(Nc4cccc(Br)c4)nc(N)nc3[nH]2)c1
CHEMBL5965776,28404134,8.4,N#Cc1cnc2c(Cl)cc(N[C@H](C3=CN(C4COC4)NN3)c3cscn3)cc2c1Nc1ccc(F)c(Cl)c1
CHEMBL5280292,25059919,6.47,COc1cc2c(Nc3ccc(Oc4ccc(Cl)cc4)cc3)ncnc2cc1OCC1CCN(C)CC1
CHEMBL5858571,27653051,7.26,C=CC(=O)Nc1cccc(Nc2nc(Nc3ccc(OC)nc3)ncc2C(C)=O)c1
CHEMBL5422135,25691189,8.7,C=CC(=O)Nc1cccc(-c2c(-c3ccc(N4CCN(C)CC4)cc3)oc3ncnc(N[C@H](CO)c4ccccc4)c23)c1
CHEMBL5821130,27652937,7.26,C=CC(=O)Nc1cccc(Nc2nc(Nc3ccc4c(cnn4C(=O)OC(C)(C)C)c3)ncc2F)c1
CHEMBL5816591,26749565,8.8,CN(C)[C@H]1CCN(Cc2ccc(C(=O)N[C@@H]3[C@H]4Oc5ccc(Oc6ccnc7c6CCC(=O)N7)cc5[C@@H]34)cc2C(F)(F)F)C1
CHEMBL3759900,16457572,8.22,COc1cc(C=O)ccc1-c1cc2c(NCc3ccccc3)ncnc2s1
CHEMBL1272325,3521902,5.85,O=C(/C=C/CN1CCOCC1)N1CCc2c(sc3ncnc(N[C@H](CO)c4ccccc4)c23)C1
CHEMBL4205469,18456080,5.13,COc1cc(N2CCN(C)CC2)ccc1Nc1ncc(Cl)c(Oc2ccc(N)cc2)n1
CHEMBL1928952,7963950,7.21,Nc1cc(Nc2cccc(Oc3cc(Nc4ccc(OCc5cccc(F)c5)c(Cl)c4)ncn3)c2)ncn1
CHEMBL5834784,28404755,8.3,Cn1ncc2c([C@H](Nc3cc(C#N)c4ncc(C#N)c(NCC(C)(C)C)c4c3)C3=CN(C4(C(F)(F)F)CC4)NN3)cccc21
CHEMBL4103464,18048493,8.05,O=C(NCc1ccccc1)Nc1ccc2ncnc(Nc3cccc(Br)c3)c2c1
CHEMBL53690,867377,8.35,C=CC(=O)Nc1ccc2ncnc(Nc3cccc(C(F)(F)F)c3)c2c1
CHEMBL3671583,26587685,6.34,C=CC(=O)Nc1cc2c(Nc3ccc(Br)cc3C(F)(F)F)ncnc2cc1OCCNC(C)=O
CHEMBL3934034,16668230,7.44,CCC(=O)Nc1cc2c(Nc3ccc(OCc4ccccc4)cc3)ncnc2cc1OC
CHEMBL3676362,26587769,7.85,C=CC(=O)Nc1cc2c(Nc3ccc(Br)c(Cl)c3F)ncnc2cc1OCCNCC(C)=O
CHEMBL5266649,25078698,8.78,C#Cc1cccc(Nc2ncnc3cc(O[C@H]4CCOC4)c(OC4CCN(C(=O)C=C)CC4)cc23)c1
CHEMBL6024312,26961256,7.54,C=CC(=O)N1CCC[C@@H](n2nc(C(=O)Nc3nc4ccccc4o3)c3c(N)ncnc32)C1
CHEMBL5834686,28404368,9.0,CC[C@@H](Nc1c(C#N)cnc2c(Cl)cc(N[C@H](C3=CN(C4CC4)NN3)c3cccc4c3CNC4)cc12)c1ccccc1
CHEMBL6012697,27502172,6.26,CC(=O)SCC(CSC(C)=O)C(=O)Nc1ccc2ncc(C#N)c(Nc3ccc(OCc4cccc(F)c4)c(Cl)c3)c2c1
CHEMBL5916409,27738266,6.26,COc1ccccc1C(=O)NCc1ccc(-c2nn(C3CCC(C)(O)CC3)c3ncnc(N)c23)cc1
CHEMBL5903044,28162811,7.53,C=CC(=O)N1CCC[C@@H](n2nc(-c3ccc(Oc4ccc(Cl)cn4)cc3)c(C(N)=O)c2N)C1
CHEMBL4095071,18172263,5.96,CCC(=O)N1CC[C@H](N2C(=O)N(c3cc(OC)ccc3F)Cc3cnc(Nc4ccc(N5CCN(C)CC5)cc4)nc32)C1
CHEMBL5631426,26154063,7.46,COCCOc1cc2ncnc(Nc3cccc(C=O)c3)c2cc1OCCOC
CHEMBL181029,2390159,5.0,O=C(Nc1cccc([N+](=O)[O-])c1)Nc1ncnc2nn3ccccc3c12
CHEMBL6016935,27652745,7.26,C=CC(=O)Nc1cc(Nc2nc(Nc3ccc(OCCOC)cc3)ncc2F)ccc1F
CHEMBL4746321,22892158,6.39,Cn1c(-c2csc(N/N=C\c3ccc(Br)cc3)n2)nc2ccccc21
CHEMBL4080008,18248442,8.17,C=CC(=O)Nc1cc(Nc2nccc(-c3cn4c5c(cccc35)CCC4)n2)c(OC)cc1N1CC(CN(C)C)C1
CHEMBL31276,571312,8.72,CN(C)C/C=C/C(=O)Nc1cc2c(Nc3cccc(Br)c3)c(C#N)cnc2cn1
CHEMBL4286318,18722864,8.85,C=C=CC(=O)Nc1cc(Nc2nccc(-c3cn(C)c4ccccc34)n2)c(OC)cc1N(C)CCN(C)C
CHEMBL3926223,16809229,6.85,NS(=O)(=O)c1ccc(Nc2nncc3ccccc23)cc1
CHEMBL6044353,28405595,8.52,Cn1ccc2c([C@H](Nc3cc(C#N)c4ncc(C#N)c(NCC(C)(C)C(F)(F)F)c4c3)C3=CN(C4(C(F)F)CC4)NN3)cccc2c1=O
CHEMBL5815315,28405370,8.52,Cc1nc(F)ccc1[C@H](Nc1cc(Cl)c2ncc(C#N)c(NCC(C)(C)C(F)(F)F)c2c1)C1=CN(C2(C3CC3)CC2)NN1
CHEMBL5847656,28404503,8.7,Cc1nc(F)ccc1[C@H](Nc1cc(C#N)c2ncc(C#N)c(NCC(C)(C)C)c2c1)C1=CN(C2(C(F)F)CC2)NN1
CHEMBL4575374,19287501,6.93,CC(C)=CC[C@@H](OC(=O)/C=C\C(=O)c1ccc(C)c(C)c1)C1=CC(=O)c2c(O)ccc(O)c2C1=O
CHEMBL4527132,19310298,5.3,O=C(/C=C/c1ccccc1)Nc1cccc(-c2c(-c3ccccc3)oc3ncnc(N[C@H](CO)c4ccccc4)c23)c1
CHEMBL4089588,18048494,7.71,O=C(Nc1ccc(Cl)cc1)Nc1ccc2ncnc(Nc3cccc(Br)c3)c2c1
CHEMBL3344219,15130261,6.96,CCCCCCC(=O)ON[C@H](CS(C)(=O)=O)c1ccc(-c2ccc3ncnc(Nc4ccc(OCc5cccc(F)c5)c(Cl)c4)c3c2)o1
CHEMBL2437459,13483489,5.25,C=CC(=O)Nc1ccc(-n2c(=O)cnc3cnc(Nc4ccc(N5CCOCC5)cc4)nc32)cc1
CHEMBL5875433,28404905,7.68,Cc1nc(F)ccc1[C@H](Nc1cc(Cl)c2ncc(C#N)c(NC3C4CCCC43)c2c1)C1=CN(C2(C(F)(F)F)CC2)NN1
CHEMBL3699590,16269238,7.7,C=CC(=O)Nc1cccc(Nc2nc(Nc3ccc(N4CCN(C(=O)CO)CC4)cc3OC)ncc2Cl)c1
CHEMBL5843334,28403855,7.8,N#Cc1cnc2c(Cl)cc(N[C@H](C3=CNNN3)c3cccnc3)cc2c1Nc1ccc(Cl)c(Cl)c1F
CHEMBL5186794,24871179,6.89,COc1cc2ncnc3c2cc1OCCOCCOc1ccc(Cl)cc1N3
CHEMBL3234864,14566291,4.99,Cc1ncc([N+](=O)[O-])n1CC(=O)N/N=C/c1cc2ccccc2nc1Oc1ccccc1
CHEMBL3969628,16666142,6.74,O=C(CBr)OCCn1c(=O)oc2cc3ncnc(Nc4ccc(N5CCCCC5)c(Cl)c4)c3cc21
CHEMBL3699594,16324369,7.7,C=CC(=O)Nc1cccc(Oc2nc(Nc3ccc(N4CCN(C(=O)OC(C)(C)C)CC4)cc3OCC)ncc2Cl)c1
CHEMBL3903713,16809238,8.25,C(=C/c1ccccc1)\C(=N\Nc1nncc2ccccc12)c1ccccc1
CHEMBL5857090,28403684,8.05,N#Cc1cnc2c(Cl)cc(N[C@H](C3=CN(C4COC4)NN3)c3cccnc3)cc2c1Nc1cnc(F)c(F)c1
CHEMBL5765198,28517120,5.43,C=CC(=O)N1CCCCC(Nc2nc(Nc3ccc(N4CCOCC4)cc3)c3c(c2F)CNC3=O)C1
CHEMBL4549626,19030009,7.42,C=CC(=O)N1CCC(Oc2nc(Nc3ccc(N4CCOCC4)cc3)nc3[nH]cc(-c4ccnc(NC)c4)c23)CC1
CHEMBL4747893,22844200,6.9,O=C(Nc1cc2c(Nc3ccc(OCc4ccccn4)c(Cl)c3)ncnc2cc1OCCCN1CCOCC1)c1cc([N+](=O)[O-])ccc1F
CHEMBL249496,2271252,6.57,Nc1ncnc2c1c(-c1ccc3nc(Cc4ccccc4)[nH]c3c1)nn2[C@H]1CC[C@H](N2CCOCC2)CC1
CHEMBL2070200,10988327,5.94,Brc1cccc(Nc2ncnc3ccc(NCc4ccc5c(c4)OCCCCO5)cc23)c1
CHEMBL5272121,25066911,6.18,C=CC(=O)N1CCC(C2CCNc3c(C(N)=O)c(-c4cc(Cl)c(Br)c(OC)c4)nn32)CC1
CHEMBL197525,1603458,5.75,COc1ccc(Nc2ncnc3cccc(OC4CCN(C)CC4)c23)cc1Cl
CHEMBL5934619,26839021,8.59,CC(C)(C)CNc1ncnc2c(Br)cc(NC(c3ccc(F)cc3)c3cn(C4CC4)nn3)cc12
CHEMBL5907553,28517108,5.75,C=CC(=O)N1CCCC(Nc2nc(Nc3cc(C)ns3)c3c(c2F)CNC3=O)C1
CHEMBL3219127,14533865,8.37,C=CC(=O)Nc1cccc(N2C(=O)C3CCCCN3C(=O)c3cnc(Nc4ccc(N5CCN(C)CC5)cc4OC)nc32)c1
CHEMBL5198992,24824821,7.4,COCC1CN(c2ncc(C(C)C)c3cc(Nc4ccnc(N5CC[C@@H](O)[C@@](C)(F)C5)n4)ncc23)C1
CHEMBL5284924,25098096,10.19,COc1cc(N2CCN(C)CC2)ccc1Nc1ncc(C(=O)Oc2ccccc2)c(-c2cn(C)c3ccccc23)n1
CHEMBL5743744,28405049,7.92,Cn1ncc2c([C@H](Nc3cc(Cl)c4ncc(C#N)c(NCC(C)(C)C)c4c3)C3=CN(Cc4c(F)cccc4F)NN3)cccc21
CHEMBL4074615,18172264,5.6,CCC(=O)N1CC[C@H](N2C(=O)N(c3cc(OC)ccc3F)Cc3cnc(Nc4ccc(N5CCN(C)CC5)cc4C)nc32)C1
CHEMBL5632295,26154062,6.57,C=CS(=O)(=O)Nc1cccc(Nc2ncnc3cc(OCCOC)c(OCCOC)cc23)c1
CHEMBL205047,1710015,7.12,OCc1nc(C#Cc2cncnc2Nc2ccc(OCc3cccc(F)c3)c(Cl)c2)cs1
CHEMBL77030,2503040,5.88,N#C/C(=C\c1ccc(O)c(O)c1)C(N)=S
CHEMBL3355879,14983523,8.97,C#Cc1cccc(Nc2ncnc3cc(OC)c(OCCCn4ccnc4[N+](=O)[O-])cc23)c1
CHEMBL3360603,14974583,9.51,COc1cc2c(Nc3ccc(F)c(Cl)c3)ncnc2cc1OCCCCn1ccnc1[N+](=O)[O-]
CHEMBL5952823,26749709,8.89,CN(C)C1CCN(Cc2ccc(C(=O)N[C@@H]3[C@H]4Oc5ccc(Oc6ccnc7c6CCC(=O)N7)cc5[C@@H]34)cc2C(F)(F)F)CC1
CHEMBL5755720,28405193,8.7,CC(C)(C)CNc1c(C#N)cnc2c(C#N)cc(N[C@H](C3=CN(C4(C5CC5)CC4)NN3)c3cccc4cnccc34)cc12
CHEMBL3917951,16894463,7.0,COc1cc2ncnc(NCCc3ccccc3)c2cc1OCCCCCCC(=O)NO
CHEMBL3678958,16329229,7.51,CC(C)n1c(Nc2cccnc2)nc2cnc(Nc3ccc(N4CCN(C)CC4)cc3)nc21
CHEMBL56802,2390322,8.34,COc1cc2ncnc(Nc3cccc(C)c3)c2cc1OC
CHEMBL4575697,19168135,6.85,C=CC(=O)Nc1cc(Nc2nccc(NC(=O)c3ccccc3)n2)c(OC)cc1N(C)CCN(C)C
CHEMBL5831023,28405154,7.68,Cc1ccc([C@H](Nc2cc(C#N)c3ncc(C#N)c(NCC(C)(C)C)c3c2)C2=CN(C3(C(F)(F)F)CC3)NN2)c(F)n1
CHEMBL5269684,25023162,7.33,CC(=O)N1CCOc2c1ccc1ncnc(Nc3ccc(F)c(Cl)c3)c21
CHEMBL5832966,26838949,7.96,CC1(CNc2ncnc3ccc(NC(c4ccc(F)cc4)c4cn(C5CC5)nn4)cc23)CCOCC1
CHEMBL380078,1710011,7.64,CNC(=O)NCc1cccc(C#Cc2cncnc2Nc2ccc(OCc3cccc(F)c3)c(Cl)c2)n1
CHEMBL597402,3126314,7.11,O=C(COc1c(F)c(F)c(F)c(F)c1F)Nc1ccc2ncnc(Nc3cccc(Br)c3)c2c1
CHEMBL4082515,17998429,8.38,C=CC(=O)Nc1cccc(-n2c(=O)cc(C)c3cnc(Nc4cnn(CCN(C)C)c4)nc32)c1
CHEMBL1090360,3240749,7.25,O=C(Cc1ccccc1)Nc1cccc(-c2nc3sccn3c2-c2ccnc(Nc3cccc(N4CCOCC4)c3)n2)c1
CHEMBL5290095,25078691,6.64,C=CC(=O)N1CCC(Oc2cc3c(Nc4ccc(Cl)c(Cl)c4F)ncnc3cc2O[C@@H](C)CCCCCC)CC1
CHEMBL2064397,10967434,5.14,CN(c1ccccc1)c1ncnc2cc3oc(=O)n(CCCN4CCOCC4)c3cc12
CHEMBL204420,1715580,7.52,COc1cc2ncnc(Nc3cccc(Cl)c3F)c2cc1CN1CCN(C)CC1C(N)=O
CHEMBL1688539,15759235,7.52,Fc1ccc(Nc2ncnc3ccccc23)cc1Cl
CHEMBL3613691,15698598,5.28,CN(C)c1ccc(/C=C/C(=O)c2ccc3ncc(C(N)=O)c(Nc4ccc(Cl)cc4)c3c2)cc1
CHEMBL109259,6261353,4.05,COc1cc2c(C#N)cnc(Nc3cccc(Cl)c3)c2cc1OC
CHEMBL3930506,16668434,8.7,O=C(/C=C/CN1CCCCC1)Nc1cc2c(Nc3ccc(F)c(Cl)c3)ncnc2cn1
CHEMBL370934,1601100,7.22,CCOC(=O)c1cn2ncnc(Nc3cccc(Br)c3)c2c1CC
CHEMBL5985094,28403123,8.4,N#Cc1cnc2c(Cl)cc(NC(C3=CN(C4CC4)NN3)c3ccc(F)nc3)cc2c1N[C@H](CCF)c1ccccc1
CHEMBL5995066,28405646,8.7,CC(C)(C)CNc1c(C#N)cnc2c(C#N)cc(N[C@H](C3=CN(C4(C(F)(F)F)CC4)NN3)c3csc4cnccc34)cc12
CHEMBL474342,2390225,9.04,C=CC(=O)NC1=CC=C2N=CN=C(Nc3cccc(C(F)(F)F)c3)C21
CHEMBL5994000,28404578,7.72,CN1Cc2cccc([C@H](Nc3cc(Cl)c4ncc(C#N)c(NCC(C)(C)C)c4c3)C3=CN(C4(C(F)F)CC4)NN3)c2C1=O
CHEMBL5556861,25866176,7.01,C=CC(=O)N1C[C@@H](n2cc(-c3ccncc3)c(-c3cccc(COc4ccc5c(c4)CN(C)C5=O)c3)n2)C[C@H]1C
CHEMBL447223,2390176,9.12,C=CC(=O)Nc1ccc2ncnc(Cc3ccc(F)c(Cl)c3)c2c1
CHEMBL3962233,16847210,9.0,COc1cc2c(Nc3ccc(NC(=O)Nc4ccc(Cl)cc4)c(Cl)c3)ncnc2cc1OCCCN1CCN(C)CC1
CHEMBL1958211,8049015,5.1,COc1ccc(C2CC(c3ccc(Br)cc3)=NN2C2=NC(=O)CS2)cc1
CHEMBL212201,1766870,7.3,O=S(=O)(CCCCNCc1ccc(-c2ccc3ncnc(Nc4ccc(OCc5ccccc5)c(Cl)c4)c3c2)o1)c1ccccc1
CHEMBL5987223,26750375,8.52,COc1cc(C(=O)N[C@@H]2[C@H]3Oc4ccc(Oc5ccnc6c5CCC(=O)N6)cc4[C@@H]23)ccc1CN1CCN(C)CC1
CHEMBL5173517,24824825,8.32,CC(C)c1cnc(N2CC(CS(C)(=O)=O)C2)c2cnc(Nc3ccnc(N4CC[C@@H](O)[C@@](C)(F)C4)n3)cc12
CHEMBL6019189,28404488,9.0,CC(C)(C)CNc1c(C#N)cnc2c(C#N)cc(N[C@H](C3=CN(C4CC4)NN3)c3cccc4cnccc34)cc12
CHEMBL5898708,27652652,6.26,C=CC(=O)Nc1cccc(Nc2ncc(C)c(Nc3ccc(Oc4ccccc4)cc3)n2)c1
CHEMBL186802,1453093,5.25,COc1cc2ncnc(Nc3cccc(NC(=O)c4ccccc4)c3)c2cc1OC
CHEMBL3941823,16668245,7.77,CCOc1cc2ncnc(Nc3ccc4c(cnn4Cc4ccccc4)c3)c2cc1NC(=O)/C=C/CN1C[C@@H](C)N[C@@H](C)C1
CHEMBL3612567,15711359,6.47,COCCn1c(=O)oc2cc3ncnc(Nc4ccc(OCc5nccc(OCC(F)(F)F)c5C)cc4)c3cc21
CHEMBL5404799,25535997,8.35,CC(C)N(Cc1ccccc1)c1ncnc2[nH]c(-c3ccc(CO)cc3)cc12
CHEMBL5998332,28403384,7.615,COc1cc(N[C@@H](C2=CN(C3CC3)NN2)c2ccc(F)nc2)cc2c(NCC(C)(C)C)c(C#N)cnc12
CHEMBL1958025,8048998,5.09,O=C1CSC(N2N=C(c3ccc(F)cc3)CC2c2ccccc2)=N1
CHEMBL5792219,28332488,5.635,O=C1CCC(N2C(=O)c3cccc(NCCOCCOCCOCCOc4ccc(-c5cc6c(NCc7ccccc7Cl)ncnc6[nH]5)cc4)c3C2=O)C(=O)N1
CHEMBL3953593,16756456,7.39,C=CC(=O)Nc1cccc(Nc2nc(Nc3ccc(OCCCn4ccnc4)cc3)ncc2[N+](=O)[O-])c1
CHEMBL2333999,12712346,7.74,COc1cc2ncnc(Nc3ccc(F)c(Cl)c3)c2cc1OCCBr
CHEMBL5414141,25665201,7.43,CCS(=O)(=O)Nc1nc(-c2ccc(F)cc2)c(-c2ccnc(Nc3ccc(N4CCOCC4)cc3)n2)s1
CHEMBL265629,1951298,6.46,O=C1CN(Cc2ccn3ncnc(Nc4ccc5c(cnn5Cc5cccc(F)c5)c4)c23)CCN1
CHEMBL2148044,12036052,7.82,CS(=O)(=O)CC(=O)NCCn1ccc2ncnc(Nc3ccc(Oc4cccc(C(F)(F)F)c4)c(Cl)c3)c21
CHEMBL4878090,23310020,4.85,CC#CC(=O)N1CCC(c2cnn3c(C(N)=O)c(-c4ccc(Oc5ccccc5)cc4)[nH]c23)CC1
CHEMBL6055178,27738092,5.26,COc1ccccc1C(=O)NC1(c2ccc(-c3nn(C4CCCC4)c4ncnc(N)c34)cc2)CC1
CHEMBL3936505,16668263,7.09,CCOc1cc2ncnc(Nc3ccc(NS(=O)(=O)c4ccccc4)cc3)c2cc1NC(=O)/C=C/CN1CCN(C)CC1
CHEMBL5746241,26839090,5.07,O=C(OCc1ccccc1)N1CCC(n2cc(C(Nc3cc(Cl)c4ncnc(Nc5ccc(F)c(Cl)c5)c4c3)c3ccccc3)nn2)CC1
CHEMBL2047247,10944962,4.58,Nc1nc2c(c(Nc3ccc(Cl)cc3)n1)-c1ccccc1C2
CHEMBL3355887,14983531,8.31,COc1cc2ncnc(Nc3ccc(F)c(Cl)c3)c2cc1OCCn1c([N+](=O)[O-])cnc1C
CHEMBL4070640,18172254,7.56,CCC(=O)N1CC[C@H](N2C(=O)N(c3ccccc3OC)Cc3cnc(Nc4ccc(N5CCN(C)CC5)c(C)c4)nc32)C1
CHEMBL205783,1696702,5.86,COc1cc(OC2CCOCC2)c2c(Nc3ccc(F)c(Cl)c3)ncnc2c1
CHEMBL3353400,15073087,4.12,C=CC(=O)Nc1cc(Nc2ncc(Cl)c(-c3cnn4ccccc34)n2)c(OC)cc1N1CCN(C(=O)[C@H](C)O)CC1
CHEMBL5909490,28883432,6.06,C=CC(=O)N1CC(Nc2cncc(-c3cnc(Oc4cccc(OC(F)F)c4)nc3)c2)C1
CHEMBL5984480,27540839,7.53,C=CC(=O)N1CCCC(n2nc(-c3ccc(Oc4ccc(Cl)cn4)cc3)c(C(N)=O)c2N)C1
CHEMBL5936173,28405196,9.0,CC(C)(C)CNc1c(C#N)cnc2c(C#N)cc(N[C@H](C3=CN(C4C[C@@H]4F)NN3)c3cccc4cnccc34)cc12
CHEMBL5785108,28403873,7.96,Cc1nc([C@H](Nc2cc(Cl)c3ncc(C#N)c(Nc4ccc(F)c(Cl)c4)c3c2)C2=CN(C3CCN(C(C)(C)C)CC3)NN2)c(C)o1
CHEMBL1090359,3240746,8.64,O=C(Nc1cccc(-c2nc3sccn3c2-c2ccnc(Nc3ccc4c(c3)CCNC4)n2)c1)c1c(F)cccc1F
CHEMBL5523557,25870222,5.58,C=CC(=O)N1CCC[C@@H](n2nc(-c3ccc(Oc4ccn5ncnc5c4)cc3)c3c(N)ncnc32)C1
CHEMBL3981041,16668216,6.9,CCC(=O)Nc1cc2c(Nc3ccc4c(ccn4S(=O)(=O)c4ccccc4)c3)ncnc2cc1OC
CHEMBL3902295,16666125,5.33,O=C(CCl)OCCn1c(=O)oc2cc3ncnc(Nc4ccc(F)c(F)c4)c3cc21
CHEMBL5893218,26749853,9.0,CN(C)[C@@H]1CCCN(Cc2ccc(C(=O)N[C@@H]3[C@H]4Oc5ccc(Oc6ccnc7c6CCC(=O)N7)cc5[C@@H]34)cc2C(F)(F)F)C1
CHEMBL5964757,28405718,9.0,Cn1ccc2c([C@H](Nc3cc(C#N)c4ncc(C#N)c(NCC(C)(C)C)c4c3)C3=CN(C4(C)CC4)NN3)cccc2c1=O
CHEMBL5807788,28883516,6.61,C=CC(=O)N1CC(Nc2cncc(-c3cnc(Nc4cccc(C(F)(F)F)c4)nc3)c2)C1
CHEMBL5750515,26750267,5.94,O=C1CCc2c(Oc3ccc4c(c3)[C@H]3[C@H](NC(=O)c5cccc(C(F)(F)F)n5)[C@H]3O4)ccnc2N1
CHEMBL3759830,16461814,5.96,COc1ccc(C(=O)Nc2ccc(Nc3ncnc4cc(OCCCN5CCN(C)CC5)c(OC)cc34)cc2)cc1
CHEMBL5926958,28405244,8.22,Cc1nc(F)ccc1[C@H](Nc1cc(Cl)c2ncc(C#N)c(NCC(C)(C)C(F)(F)F)c2c1)C1=CN(C2(C(F)(F)F)CC2)NN1
CHEMBL4547475,19187574,7.48,CCOc1cc2ncc(C#N)c(Nc3ccc(OCc4cccc(F)c4)c(Cl)c3)c2cc1NC(=O)CCCCC1CCSS1
CHEMBL6013580,27072110,5.26,CC#CC(=O)N1CC[C@@H](Nc2nnc(C(N)=O)c(Nc3ccc(C(=O)N4CCOCC4)cc3)n2)C1
CHEMBL503755,2390215,7.03,O=S(=O)(CO)Nc1cc2c(Nc3cccc(Br)c3)ncnc2cn1
CHEMBL3747776,16416939,5.22,CC(=O)N1N=C(c2ccc(Br)cc2)CC1c1ccc(C(=O)OC(C)Cn2c([N+](=O)[O-])cnc2C)cc1
CHEMBL3647420,26589077,7.89,CCOc1cc2ncc(C#N)c(Nc3ccc(OCc4ccccn4)c(Cl)c3)c2cc1NC(=O)/C=C/[C@H]1CCCN1C
CHEMBL5810642,28403195,8.05,CC(C)(C)N1CCC(N2C=C([C@@H](Nc3cc(Cl)c4ncc(C#N)c(Nc5ccc(F)c(Cl)c5)c4c3)c3cccc4c3CCN(C3COC3)C4)NN2)CC1
CHEMBL5083645,24408179,8.04,C=CC(=O)Nc1cccc(-n2c(=O)c(Oc3ccccc3)nc3cnc(Nc4ccc(OC)cc4)nc32)c1
CHEMBL3632637,15774385,5.99,CCOC(=O)C(=CNc1ccc2ncnc(Nc3ccc(OCc4ccccn4)c(Cl)c3)c2c1)C(=O)OCC
CHEMBL3671488,26587391,7.23,C=CC(=O)Nc1cc2c(Nc3ccc(Br)cc3F)ncnc2cc1OCCCNC(=O)C(F)(F)F
CHEMBL3604927,15685152,5.64,Cc1cc(Nc2cc(N3CCN(C)CC3)nc(Oc3cccc([N+](=O)[O-])c3)n2)n[nH]1
CHEMBL5265870,25105721,7.56,C=CC(=O)Nc1cc(Nc2ncc(Br)c(Nc3ccc4c(c3)CCC4)n2)ccc1N1CCN(C)CC1
CHEMBL3416600,15229718,7.42,C[C@@H](Nc1ncnc2sc(Br)cc12)c1ccccc1
CHEMBL3759478,16457553,8.05,OC[C@@H](Nc1ncnc2sc(-c3ccccc3)cc12)c1ccccc1
CHEMBL3972168,16895230,8.77,C=CC(=O)N1CC[C@@H](Oc2cc3c(Nc4ccc(F)c(Cl)c4F)ncnc3cc2OC)C[C@@H]1C(=O)OC
CHEMBL5764550,27540836,6.42,NC(=O)c1c(-c2ccc(Oc3ncc(Cl)cc3F)cc2)nn(C2CCCN(C(=O)/C=C/CF)C2)c1N
CHEMBL1173653,3364623,5.09,Cc1ccc(/C=C/C(=O)OCCn2c([N+](=O)[O-])cnc2C)cc1
CHEMBL5591930,25979173,8.46,O=C(/C=C/CN1CCCC1)Nc1ccc2ncnc3c2c1CCN3c1ccc(OCc2ccccn2)c(Cl)c1
CHEMBL3092298,13852021,6.07,O=C(Nc1cc2c(Nc3ccc(F)c(Cl)c3)ncnc2cc1O[C@H]1CCOC1)N1CCC(F)(F)CC1
CHEMBL5798581,27071450,6.26,CN1CCCN([C@@H]2CCCN(c3cnc(C(N)=O)c(Nc4ccc(C5(C)CCN(C6CCCC6)CC5)cc4)n3)C2)C1=O
CHEMBL5173534,24823396,7.38,COc1cc(N(C)CCN(C)C)c(NC(=O)c2ccnc(Cl)c2)cc1Nc1nccc(-c2cn(CCCO)c3ccccc23)n1
CHEMBL6018368,26839108,7.31,Fc1ccc(Nc2ncnc3ccc(N[C@@H](c4ccc(Cl)cc4)c4cn(C5CCNCC5)nn4)cc23)cc1Cl
CHEMBL3753836,16435175,6.88,COc1cc(NC(=O)Nc2ccncc2)cc(-c2cccnc2)c1OC
CHEMBL6046237,28405607,8.52,CC(C)(CNc1c(C#N)cnc2c(C#N)cc(N[C@H](C3=CN(C4(C(F)F)CC4)NN3)c3cccc4c(=O)[nH]ccc34)cc12)C(F)(F)F
CHEMBL4642158,20708022,6.94,O=C(/C=C/CN1CCCCC1)N1CCOc2cc3ncnc(Nc4ccc(OCc5cccc(F)c5)c(Cl)c4)c3cc21
CHEMBL5994162,27652943,7.26,C=CC(=O)N1CCOc2ccc(Nc3nc(Nc4ccc5[nH]ncc5c4)ncc3C(C)=O)cc21
CHEMBL5937987,26768764,8.92,CCOc1cc2ncnc(Nc3ccc(Cl)c(Cl)c3F)c2cc1NC(=O)/C=C/CN1C[C@@H]2OCCO[C@@H]2C1
CHEMBL521601,2390181,8.57,C=CC(=O)Nc1nc2c(Cc3ccc(F)c(Cl)c3)ncnc2cc1CCCCN1CCOCC1
CHEMBL4572315,19168492,7.96,CCOc1cc2ncnc(Nc3ccc(F)c(Cl)c3)c2cc1OC(=O)CSc1nccn1C
CHEMBL5778271,28403198,8.52,CC[C@@H](Nc1c(C#N)cnc2c(Cl)cc(N[C@H](C3=CN(C(C)(C)C)NN3)c3cccc4c3CNC4)cc12)c1ccccc1
CHEMBL5746224,28394585,10.77,CN1CCC2(CC1)CN(c1ccc3ncnc(Nc4cccc(Cl)c4F)c3c1)C(=O)O2
CHEMBL5816578,28405157,8.22,CC(C)(C)CNc1c(C#N)cnc2c(Cl)cc(N[C@H](C3=CN(C4(C5CC5)CC4)NN3)c3cccc4ncccc34)cc12
CHEMBL55360,1162213,5.29,Cc1cccc(C)c1NC(=O)/C(C#N)=C/c1ccc(O)c(O)c1
CHEMBL4585048,19112698,5.92,COc1cc(/C=C/C(=O)c2ccc(NC(=O)c3cc4cc5ccccc5nc4s3)cc2)cc(OC)c1OC
CHEMBL5085143,24377969,8.19,C=CC(=O)Nc1cc(Nc2ncc(Cl)c(N3CCc4sccc4C3)n2)c(OC)cc1N(C)CCN(C)C
CHEMBL5972189,28405949,8.52,Cn1ccc2c([C@H](Nc3cc(Cl)c4ncc(C#N)c(NCC(C)(C)C)c4c3)C3=C(F)N(C45CC(C4)C5)NN3)cccc2c1=O
CHEMBL5179214,24919473,7.25,CCS(=O)(=O)n1cc2c3ccc(cc31)OCCCCCCOc1cc(c(C3CC3)cc1N1CCOCC1)Nc1ncc(Cl)c-2n1
CHEMBL6050403,27558890,7.82,C=CC(=O)Nc1cc(Nc2nc(-c3cn(C)c4ccccc34)c3cc[nH]c3n2)c(OC)cc1N(C)CCN(C)C
CHEMBL6017760,28405475,8.15,CC(C)(CNc1c(C#N)cnc2c(Cl)cc(N[C@H](C3=CN(C4(C5CC5)CC4)NN3)c3cccc4ncccc34)cc12)C(F)(F)F
CHEMBL5194285,24871165,7.37,COc1cc2ncnc3c2cc1OCCOCCOCCOc1cccc(Cl)c1N3
CHEMBL5970641,28405850,7.8,COc1nccc2c([C@H](Nc3cc(Cl)c4ncc(C#N)c(NCC(C)(C)C)c4c3)C3=C(F)N(C4(C(F)F)CC4)NN3)cccc12
CHEMBL4476772,19445315,7.57,CCN(CC)C/C=C/C(=O)N1CCOc2cc3ncnc(Nc4ccc(F)c(Cl)c4)c3cc21
CHEMBL6033841,28722506,6.48,C=CC(=O)N1CCC(Oc2cc3c(Nc4ccc(C(F)(F)F)cc4)ncnc3cc2OC)CC1
CHEMBL5860263,27653009,5.26,C=CC(=O)Nc1cccc(Nc2nc(Nc3ccc4c(c3)N(C(=O)OC(C)(C)C)CCO4)ncc2F)c1
CHEMBL3622665,15743446,8.68,COc1cc2ncnc(Nc3ccc(F)c(Cl)c3)c2cc1NC(=O)/C=C/CNC1CC1
CHEMBL5273438,25018393,7.08,C=CC(=O)Nc1cc(Nc2ncc(C(=O)OC3CCC3)c(-c3cn(C)c4ccccc34)n2)c(OC)cc1N(C)CCN(C)C
CHEMBL5778388,28517150,5.29,C=CC(=O)N1CC(Nc2nc(Nc3ccc(N4CCOCC4C)c(F)c3)c3c(c2F)CNC3=O)CCC1C
CHEMBL4875332,23310025,7.53,C#CC(=O)N1CCC(c2cnn3c(C(N)=O)c(-c4ccc(Oc5ccccc5)cc4)[nH]c23)C1
CHEMBL5751497,27653318,7.26,C=CC(=O)N1CCC[C@@H](Nc2nc(Nc3ccc(O[C@@H]4CCOC4)cc3)ncc2F)C1
CHEMBL5968385,27072071,5.26,CCOc1ccc(C(=O)N[C@@H]2CCCN(c3nnc(C(N)=O)c(Nc4ccc(C(=N)N(C)C)cc4)n3)C2)cc1
CHEMBL4794857,22894027,6.67,C=C(F)C(=O)Nc1cccc(Nc2nc(Nc3ccc(N4CCN(C(C)=O)CC4)cc3)ncc2Cl)c1
CHEMBL3775536,16499787,6.94,O=C1COc2cc3ncnc(Nc4cccc(Cl)c4)c3cc2N1CCCN1CCCCC1
CHEMBL5902984,27070892,6.26,C[C@@H]1[C@H](NC(=O)N(C)C)CCCN1c1cnc(C(N)=O)c(Nc2ccc(C3(C#N)CC3)cc2)n1
CHEMBL6055785,28405037,7.85,CC(C)(C)CNc1c(C#N)cnc2c(Cl)cc(N[C@H](C3=CN(C4(C(F)(F)F)CC4)NN3)c3ccc(Cl)c4cnccc34)cc12
CHEMBL5888426,28722686,5.06,C=CC(=O)N1CCC(Oc2cc3c(Nc4ccc(Cl)cc4Cl)ncnc3cn2)C1
CHEMBL5193609,24919471,7.63,CCS(=O)(=O)n1cc2c3ccc(cc31)OCCCCCCOc1cc(c(C)cc1N1CCOCC1)Nc1ncc(Cl)c-2n1
CHEMBL4061912,17967288,4.0,c1coc(-c2nnc(Cc3nc4ccccc4[nH]3)o2)c1
CHEMBL2385986,13322645,5.92,CCOc1ccc(C(=O)Nc2ccc(OCc3ccccn3)c(Cl)c2)cc1NC(=O)/C=C/CN(C)C
CHEMBL49120,1150683,6.46,CCN(CC)CCOc1ccc(Nc2ncc3cc(-c4c(Cl)cccc4Cl)c(=O)n(C)c3n2)cc1
CHEMBL5819273,28333517,5.23,COC1CCN(c2nccc(Nc3cc4[nH]c(COCCN5CCN(c6ccc7c(c6)C(=O)N(C6CCC(=O)NC6=O)C7=O)CC5)nc4cn3)n2)CC1
CHEMBL5864713,27737930,7.26,COc1ccccc1C(=O)NCc1ccc(-c2nn(C3C=CCCC3)c3ncnc(N)c23)cc1
CHEMBL2178352,16259840,9.0,CN1CCN(c2ccc(Nc3ncc4nc(Nc5ccccc5)n(C5CCCC5)c4n3)cc2)CC1
CHEMBL3671479,26587364,8.52,C=CC(=O)Nc1cc2c(Nc3ccc(Br)cc3F)ncnc2cc1OCC1CCN(C(=O)C=C)CC1
CHEMBL5918405,27653234,7.26,C=CC(=O)Nc1cccc(Nc2nc(Nc3ccc(OCC(C)(C)O)c(F)c3)ncc2F)c1
CHEMBL3622652,15743459,6.28,O=C1CCN(C/C=C/C(=O)Nc2cc3c(Nc4ccc(F)c(Cl)c4)ncnc3cc2O[C@H]2CCOC2)CC1
CHEMBL5824770,28405433,8.52,C[C@@H](CF)N1C=C([C@@H](Nc2cc(Cl)c3ncc(C#N)c(NCC(C)(C)C(F)(F)F)c3c2)c2cccc3c(=O)n(C)ccc23)NN1
CHEMBL4457447,19187572,7.96,CCOc1cc2ncc(C#N)c(Nc3ccc(OCc4cccc(F)c4)c(Cl)c3)c2cc1NC(=O)CC1CCSS1
CHEMBL5265927,25059921,6.64,COc1cc2c(Nc3ccc(Oc4ccc(C)cc4)cc3)ncnc2cc1OCC1CCN(C)CC1
CHEMBL5806894,28404077,7.42,Cn1cncc1[C@H](Nc1cc(Cl)c2ncc(C#N)c(Nc3ccc(F)c(Cl)c3)c2c1)C1=CN(C2CCN(C(C)(C)C)CC2)NN1
CHEMBL4531250,19187636,7.57,CCOc1cc2ncc(C#N)c(Nc3ccc(OCc4cccc(F)c4)c(Cl)c3)c2cc1NC(=O)C(CSC(C)=O)CSC(C)=O
CHEMBL5887579,28405823,8.05,COc1nccc2c([C@H](Nc3cc(Cl)c4ncc(C#N)c(NCC(C)(C)C)c4c3)C3=CN(C4(C(F)F)CC4)NN3)cccc12
CHEMBL380006,1715570,7.4,COc1cc2ncnc(Nc3cccc(Cl)c3F)c2cc1CN(C)[C@H](C)C(=O)N(C)C
CHEMBL5803419,28404068,7.89,N#Cc1csc([C@H](Nc2cc(Cl)c3ncc(C#N)c(Nc4ccc(F)c(Cl)c4)c3c2)C2=CN(C3COC3)NN2)c1
CHEMBL3622653,15743458,7.57,COc1cc2ncnc(Nc3ccc(F)c(Cl)c3)c2cc1NC(=O)/C=C/CN(C)C1CC1
CHEMBL3344217,15130263,7.05,CCC(=O)ON[C@H](CS(C)(=O)=O)c1ccc(-c2ccc3ncnc(Nc4ccc(OCc5cccc(F)c5)c(Cl)c4)c3c2)o1
CHEMBL50344,1721408,8.3,CNc1ccc2ncnc(Nc3cccc(Br)c3)c2c1
CHEMBL3929448,16847207,7.11,COc1cc2c(Nc3ccc(NC(=O)Nc4ccc(F)c(Cl)c4)c(Cl)c3)ncnc2cc1OCCCN1CCN(C)CC1
CHEMBL5288751,25066927,6.35,C=CC(=O)N1CCC([C@@H]2CCNc3c(C(N)=O)c(-c4cc(OC)c(C5CC5)c(OC)c4)nn32)CC1
CHEMBL4113919,16259841,8.52,CC(C)n1c(Nc2ccccc2)nc2cnc(Nc3ccc(C(=O)N[N+]4=CCN(C)CC4)cc3)nc21
CHEMBL4857605,23177934,7.03,NS(=O)(=O)c1ccc(CCNC(=S)Nc2ccc3ncnc(Nc4cccc(C(F)(F)F)c4)c3c2)cc1
CHEMBL3087197,13826566,6.63,C=CC(=O)N1CC[C@H](N2C(=O)N(c3ccccc3)Cc3cnc(Nc4ccccc4)nc32)C1
CHEMBL207410,1710025,7.1,CNC(=O)c1cccc(C#Cc2cncnc2Nc2ccc(OCc3cccc(F)c3)c(Cl)c2)c1
CHEMBL3806222,16588549,7.23,Fc1ccc(Nc2ncnc3cc(OC4CCOCC4)c4c(c23)OCCO4)cc1Cl
CHEMBL4081703,18117869,7.65,C=CC(=O)Nc1cccc(Oc2nc(Nc3ccc(/C=C/c4cc(C)cc(C)c4)cc3)ncc2Cl)c1
CHEMBL3098315,13868166,4.21,COc1cc2nc(Cl)nc(Nc3ccc(S(C)(=O)=O)cc3)c2cc1OC
CHEMBL5895801,28404122,8.52,N#Cc1cnc2c(Cl)cc(N[C@H](C3=CN(CCN)NN3)c3cscn3)cc2c1Nc1ccc(F)c(Cl)c1
CHEMBL6001620,27558884,7.41,C=CC(=O)Nc1cc(Nc2nc(-c3cnc4c(ccn4C)c3)c3cc[nH]c3n2)c(OC)cc1N(C)CCN(C)C
CHEMBL4755832,22844315,7.57,O=C(Nc1cc2c(Nc3ccc(F)c(Cl)c3)ncnc2cc1OCCCN1CCOCC1)c1ccccc1
CHEMBL5194722,24824829,8.74,CC[C@]1(F)CN(c2nccc(Nc3cc4c(C(C)C)ccc(N5C[C@H](CS(C)(=O)=O)[C@H]5C)c4cn3)n2)CC[C@H]1O
CHEMBL5993116,28405589,8.4,Cc1nc(F)ccc1[C@H](Nc1cc(C#N)c2ncc(C#N)c(NCC(C)(C)C)c2c1)C1=CN(CC(C)(F)F)NN1
CHEMBL5208369,24749157,6.03,O=C(Nc1nccs1)C(c1cc[nH]n1)N1Cc2ccccc2C1=O
CHEMBL5279491,25018378,7.38,C#Cc1cnc(Nc2cc(NC(=O)C=C)c(N(C)CCN(C)C)cc2OC)nc1-c1cn2c3c(cccc13)CCC2
CHEMBL204715,1697654,5.72,COc1ccc2c(c1)Oc1ncnc(Nc3cccc(Br)c3)c1NC2
CHEMBL4217686,18456088,5.21,COc1cc(N2CCN(C)CC2)ccc1Nc1ncc(Cl)c(Oc2ccc(NC(=O)CCO)cc2)n1
CHEMBL6020494,28405784,6.32,CC(C)(C)CNc1c(C#N)cnc2c(C#N)cc(N[C@H](C3=CN(C45CC(C4)C5)NN3)c3cccc4nc(C(F)F)ccc34)cc12
CHEMBL214857,1768212,8.52,COCCN1CCC(Oc2cc3c(Nc4cccc(Cl)c4F)ncnc3cc2OC)CC1
CHEMBL5962801,27737840,6.26,COc1ccccc1C(=O)NCc1ccc(-c2nn(C3CCC(OC)CC3)c3ncnc(N)c23)cc1
CHEMBL4440618,19168485,8.15,CCOc1cc2ncnc(Nc3ccc(F)c(Cl)c3)c2cc1OC(=O)CCl
CHEMBL5759138,28405355,8.4,Cc1nc(F)ccc1[C@H](Nc1cc(Cl)c2ncc(C#N)c(NCC(C)(C)C)c2c1)C1=CN(C(C)(C)C2CC2)NN1
CHEMBL5858369,28405856,8.22,COc1nccc2c([C@H](Nc3cc(Cl)c4ncc(C#N)c(NCC(C)(C)C(F)(F)F)c4c3)C3=CN(C4(C)CC4)NN3)cccc12
CHEMBL3671529,26587520,7.05,C=CC(=O)Nc1cc2c(Nc3ccc(Br)cc3F)ncnc2cc1OCCNC(=O)CN
CHEMBL1172950,3364633,4.84,Cc1ncc([N+](=O)[O-])n1CCOC(=O)/C=C/c1cccc([N+](=O)[O-])c1
CHEMBL4448428,19287504,7.49,CC(C)=CC[C@@H](OC(=O)/C=C\C(=O)c1ccc(Cl)cc1)C1=CC(=O)c2c(O)ccc(O)c2C1=O
CHEMBL5426036,25482728,6.75,COc1ccc(Nc2nccc(-c3cn(C)c4ccccc34)n2)cc1OCCOCCn1ccnc1[N+](=O)[O-]
CHEMBL5272404,25066929,7.19,C=CC(=O)Nc1ccccc1C1CCNc2c(C(N)=O)c(-c3cc(OC)c(C4CC4)c(OC)c3)nn21
CHEMBL204085,1681982,8.77,O=C(C#CCCN1CCOCC1)Nc1ccc2ncnc(Nc3ccc(F)c(Cl)c3)c2c1
CHEMBL1173014,3364635,4.86,COc1cccc(/C=C/C(=O)OCCn2c([N+](=O)[O-])cnc2C)c1
CHEMBL6011498,28403741,7.58,Cc1ncccc1[C@H](Nc1cc(Cl)c2ncc(C#N)c(N[C@H](CO)c3ccccc3)c2c1)C1=CNNN1
CHEMBL4441440,19310313,6.8,C=CC(=O)Nc1cccc(-c2coc3ncnc(N[C@H](CO)c4ccccc4)c23)c1
CHEMBL4577883,18955870,9.03,COC[C@@H](C)Oc1cc2ncnc(Nc3ccc(F)c(Cl)c3)c2cc1NC(=O)/C=C/CN(C)C
CHEMBL3425661,15257627,6.82,COc1cc(N2CCN(C)CC2)ccc1Nc1ncc(Cl)c(Oc2cccc(NC(=O)/C(C#N)=C/c3ccncc3)c2)n1
CHEMBL4089279,18060519,8.31,C=CC(=O)NCc1cccc(Nc2cc(-c3[nH]c(SC)nc3-c3ccc(F)cc3)ccn2)c1
CHEMBL5281748,25078705,7.89,CN(C)C/C=C/C(=O)N1CCC(Oc2cc3c(Nc4ccc(Cl)c(Cl)c4F)ncnc3cc2O[C@@H]2CCOC2)CC1
CHEMBL3612564,15711356,5.29,COCCn1c(=O)oc2cc3ncnc(Nc4ccc(OC)cc4)c3cc21
CHEMBL2148052,12036081,7.96,CC(C)(C(=O)NCCn1ccc2ncnc(Nc3ccc(Oc4cccc(Cl)c4)c(Cl)c3)c21)S(C)(=O)=O
CHEMBL5908975,27737669,6.26,COc1ccccc1C(=O)NCc1ccc(-c2nn(C3CCC(O)CC3)c3ncnc(N)c23)cc1
CHEMBL3806321,16588561,6.38,Cc1ccc(Nc2ncnc3cc(OC(C)C)c4c(c23)OCCO4)cc1C#N
CHEMBL4474196,19132111,7.56,CCC(=O)N1CCC[C@@H](n2c(=O)c(-c3cccc(F)c3Cl)c(C)c3cnc(Nc4ccc(N5CCN(C)CC5)c(C)c4)nc32)C1
CHEMBL5993206,28403174,7.92,CC(C)N1C=C([C@@H](Nc2cc(Cl)c3ncc(C#N)c(Nc4ccc(F)c(Cl)c4)c3c2)c2cccc3c2CNN3C)NN1
CHEMBL4093766,17998436,7.04,C=CC(=O)N1CC[C@H](n2c(=O)cc(C)c3cnc(Nc4ccc(N5CCN(C)CC5)cc4OC)nc32)C1
CHEMBL5408900,25665183,7.7,CC(C)c1nc(-c2ccc(F)cc2)c(-c2ccnc(Nc3ccc4c(ccn4CCN(C)C)c3)n2)s1
CHEMBL3086106,13826561,8.14,C=CC(=O)N1CC[C@H](N2C(=O)N(c3ccccc3)Cc3cnc(Nc4ccc(N5CCN(C)CC5)c(OC)c4)nc32)C1
CHEMBL6020997,28405817,8.22,COc1nccc2c([C@H](Nc3cc(Cl)c4ncc(C#N)c(NCC(C)(C)C)c4c3)C3=CN(C4CC4)NN3)cccc12
CHEMBL4526992,19168493,7.57,CCOc1cc2ncnc(Nc3ccc(F)c(Cl)c3)c2cc1OC(=O)CSc1ncc[nH]1
CHEMBL5909563,28620803,6.55,COc1cc(N2CCN(C3CCNCC3)CC2)ccc1Nc1ncc(Cl)c(Nc2ccccc2NS(C)(=O)=O)n1
CHEMBL5888373,27737975,5.26,COc1ccccc1C(=O)NCc1ccc(-c2nn([C@H]3C=C[C@H](F)C3)c3ncnc(N)c23)cc1
CHEMBL5939963,27653303,6.26,C=CC(=O)N1CCOc2ccc(Nc3ncc(F)c(Nc4ccc(OCc5ccccn5)c(Cl)c4)n3)cc21
CHEMBL5742497,28403180,7.47,N#Cc1cnc2c(Cl)cc(N[C@H](C3=CNNN3)c3cccc4c3CCN4)cc2c1Nc1cnc(F)c(F)c1
CHEMBL4288482,18783597,7.01,C=CC(=O)Nc1cccc(Nc2nc(Nc3ccc(CC(=O)N4CCOCC4)cc3)ncc2Cl)c1
CHEMBL210444,1721406,7.66,O=C(NCCCl)Nc1ccc2ncnc(Nc3cccc(Cl)c3)c2c1
CHEMBL3676394,26575879,6.83,C=CC(=O)Nc1cc2c(Nc3ccc(Br)cc3F)ncnc2cc1OCC(NC(=O)CN(C)C)C(C)C
CHEMBL4280749,18798652,5.93,O=C1Nc2ccc(S(=O)(=O)N3CCOCC3)cc2/C1=N/c1ccc(/N=C2\C(=O)Nc3ccc(S(=O)(=O)N4CCOCC4)cc32)cc1
CHEMBL5909338,28405142,8.4,Cc1nc(F)ccc1[C@H](Nc1cc(Cl)c2ncc(C#N)c(NCC(C)(C)C)c2c1)C1=C(C#N)N(C2CC2)NN1
CHEMBL4642574,27502220,6.779999999999999,N#Cc1cnc2cc(OC[C@H](O)CO)c(NC(=O)CC3CSSC3)cc2c1Nc1ccc(OCc2cccc(F)c2)c(Cl)c1
CHEMBL5417607,25535992,8.7,CN(C)CCNCc1ccc(-c2cc3c(N(C)Cc4ccccc4)ncnc3[nH]2)cc1F
CHEMBL4278997,18765360,6.98,O=C(O)CCCC(=O)Nc1cc(Nc2ccccc2)ncn1
CHEMBL3676349,26587730,7.1,C=CC(=O)Nc1cc2c(Nc3cc(OC)c(Cl)cc3F)ncnc2cc1OCCNC(C)=O
CHEMBL5796454,28620674,5.85,COc1cc(C2CCN(C3CCN(CCO)CC3)CC2)ccc1Nc1ncc(Cl)c(Nc2ccccc2NS(C)(=O)=O)n1
CHEMBL3890751,16668253,7.44,CCOc1cc2ncnc(Nc3ccc4c(ccn4S(=O)(=O)c4ccccc4)c3)c2cc1NC(=O)/C=C/CN1CCCC1
CHEMBL4473875,18955872,9.16,CCOCCOc1cc2ncnc(Nc3ccc(F)c(Cl)c3)c2cc1NC(=O)/C=C/CN(C)C
CHEMBL3623285,15745753,8.57,COc1cc2ncnc(Nc3cccc(Cl)c3F)c2cc1OC(=O)N1CC[C@H](N(C)C)C1
CHEMBL5834450,28883474,6.19,C=CC(=O)N1CC(Nc2cncc(-c3cnc(Oc4cccc(F)c4)nc3)c2)C1
CHEMBL3828079,16655514,7.36,Cn1cc(-c2ccc3ncnc(Nc4ccc5ncccc5c4)c3c2)cn1
CHEMBL184682,1453626,6.0,COc1cc2ncnc(Nc3ccc(Cl)c(NC(=O)c4cccc(N(C)C)c4)c3)c2cc1OC
CHEMBL1828873,6358478,4.99,O=C(Cc1ccc(Cl)cc1)NS(=O)(=O)c1ccc(Cl)cc1
CHEMBL3927293,25066906,7.96,C=CC(=O)N1CCC(C2CCNc3c(C(N)=O)c(-c4ccc(Oc5ccccc5)c(OC)c4)nn32)CC1
CHEMBL5784829,27653105,6.26,CC(C)=CC(=O)c1cccc(Nc2nc(Nc3cccc(OCCN(C)C)c3)ncc2F)c1
CHEMBL2178368,16350973,7.54,CN1CCN(c2ccc(Nc3ncc4nc(Nc5ccccc5)[nH]c4n3)cc2)CC1
CHEMBL5207390,24824817,8.15,CC(C)c1cnc(N2C[C@H](O)[C@H]2C)c2cnc(Nc3ccnc(N4CC[C@@H](O)[C@@](C)(F)C4)n3)cc12
CHEMBL5742327,26810968,8.8,COC[C@H]1CCN1C/C=C/C(=O)Nc1cc2c(Nc3ccc(F)c(Cl)c3)ncnc2cc1OC
CHEMBL505970,2390136,6.27,CS(=O)(=O)CCNCc1nc(-c2ccc3ncnc(Nc4ccc(OCc5cccc(C(F)(F)F)c5)cc4)c3c2)cs1
CHEMBL5849525,28405346,7.6,Cc1nc(F)ccc1[C@H](Nc1cc(Cl)c2ncc(C#N)c(NCC(C)(C)C)c2c1)C1=CN(CC(C)(C)C(F)(F)F)NN1
CHEMBL5967585,28404299,8.0,N#Cc1cnc2c(Cl)cc(NC(C3=CN([C@@H]4CCNC4)NN3)c3cccnc3)cc2c1Nc1ccc(F)c(Cl)c1
CHEMBL5774764,28332728,4.66,COC1CCN(c2nccc(Nc3cc4c(cn3)nc(COCCON3CCN(c5ccc6c(c5)C(=O)N(C5CCC(=O)NC5=O)C6=O)CC3)n4C(C)C)n2)CC1
CHEMBL2425088,13452932,6.72,COc1cc2ncnc(Nc3ccc(F)c(Cl)c3)c2cc1OCCN1CC2(CCO2)C1
CHEMBL213818,1766885,7.62,CS(=O)(=O)CCNCc1ccc(-c2ccc3ncnc(Nc4ccc(OCc5cccc(F)c5)cc4)c3c2)o1
CHEMBL5854469,28404323,8.4,Cc1nc(F)ccc1C(O)(Nc1cc(Cl)c2ncc(C#N)c(N[C@H](CCC#N)c3ccccc3)c2c1)C1=CN(C2(C(F)(F)F)CC2)NN1
CHEMBL210660,1721399,7.33,O=NN(CCCl)C(=O)Nc1ccc2ncnc(Nc3cccc(Br)c3)c2c1
CHEMBL5920538,28404434,7.7,CC(C)(C)CNc1c(C#N)cnc2c(Cl)cc(N[C@H](C3=CN(C4CC4)NN3)c3cccc4cccnc34)cc12
CHEMBL3948354,16847204,6.67,COc1cc2c(Nc3ccc(NC(=O)Nc4ccccc4)c(Cl)c3)ncnc2cc1OCCN1CCCCC1
CHEMBL5903227,28404716,8.1,Cn1cc2c([C@H](Nc3cc(Cl)c4ncc(C#N)c(NCC(C)(C)C)c4c3)C3=CN(C4(C(F)(F)F)CC4)NN3)cccc2n1
CHEMBL5997253,27070691,5.26,CN(C)C(=O)N[C@@H]1CCCN(c2cnc(C#N)c(Nc3ccc(C4(C)CCN(C(=O)OC(C)(C)C)CC4)cc3)n2)C1
CHEMBL5193123,24741561,10.3,COc1cc(N2CCC(N3CCCN(C)CC3)CC2)c(C)cc1Nc1ncc(Br)c(Nc2ccc3c(c2P(C)(C)=O)OCCO3)n1
CHEMBL3219348,14533875,8.04,C=CC(=O)Nc1cccc(N2C(=O)CN(Cc3ccccc3)C(=O)c3cnc(Nc4ccc(N5CCN(C)CC5)cc4OC)nc32)c1
CHEMBL5275784,24987567,5.52,CSc1nn(-c2ccc(Br)cc2)c2nc(C)nc(Nc3ccc(OCCCC[N+](=O)[O-])cc3)c12
CHEMBL4441921,19172992,6.07,C=CC(=O)N(c1cccc(C(F)(F)F)c1)c1ncnc2cc(OC)c(OCCCN3CCOCC3)cc12
CHEMBL5624545,26142964,8.86,CC#CC(=O)Nc1cc(Nc2nccc(-c3ncc4c(C)cccn34)n2)c(OC)cc1N(C)CCN(C)C
CHEMBL2420866,22814204,8.3,COc1ccc2c(c1)CCCN2c1nc(C)nc2ccccc12
CHEMBL4065301,17967050,4.21,COc1cccc(-c2nnc(Cc3nc4ccccc4[nH]3)o2)c1OC
CHEMBL3234745,14571457,6.89,CCNc1ncc(C(=O)Nc2cc(C(=O)Nc3ccc(CN4CCN(C)CC4)c(C(F)(F)F)c3)ccc2C)cn1
CHEMBL4063421,17998432,8.6,C=CC(=O)Nc1cccc(-n2c(=O)cc(C)c3cnc(Nc4nc5c(s4)CN(C)CC5)nc32)c1
CHEMBL207130,1715561,8.05,COc1cc2ncnc(Nc3cccc(Cl)c3F)c2cc1CN(C)C1(C(N)=O)CCN(C)CC1
CHEMBL2408827,13380871,6.39,C=CC(=O)N1CCN(c2ccc(Nc3ncc(Cl)c(Oc4ccc(COc5no[n+]([O-])c5S(=O)(=O)c5ccccc5)cc4)n3)c(OC)c2)CC1
CHEMBL4744138,22814391,8.68,C=CC(=O)Nc1cc(Nc2nccc(-c3cn(C(C)=O)c4ccccc34)n2)c(OC)cc1N(C)CCN(C)C
CHEMBL5744898,28404743,8.52,Cc1nc(F)ccc1[C@H](Nc1cc(Cl)c2ncc(C#N)c(NCC(C)(C)C)c2c1)C1=CN(C2(C(=O)N(C)C)CC2)NN1
CHEMBL4441933,19293636,7.48,C=C(Cl)C(=O)Nc1cc(Nc2nccc(-c3cn(C)c4ccccc34)n2)c(OC)cc1N(C)CCN(C)C
CHEMBL4858714,23256349,7.0,O=C(NO)c1ccccc1Nc1nc(Nc2ccc(CN3CCOCC3)cc2)ncc1Cl
CHEMBL6032795,28404626,8.4,Cc1nc(F)ccc1[C@H](Nc1cc(F)c2ncc(C#N)c(NCC(C)(C)C)c2c1)C1=CN(C2(C(F)F)CC2)NN1
CHEMBL3806292,16588585,7.65,COc1cc2ncnc(Nc3ccc(F)c(Cl)c3)c2c2c1OCCO2
CHEMBL5981332,28405643,8.4,Cc1nc(F)ccc1[C@H](Nc1cc(C#N)c2ncc(C#N)c(NCC(C)(C)C)c2c1)C1=C(F)N([C@@H](C)CF)NN1
CHEMBL4075103,18048476,8.02,NS(=O)(=O)c1ccc(NC(=S)Nc2ccc3ncnc(Nc4cccc(Br)c4)c3c2)cc1
CHEMBL2325097,12657559,6.96,Clc1ccc(C2=NN(c3ccccc3)C(c3ccc4ccccc4c3)C2)cc1
CHEMBL3932784,16895227,8.85,C=CC(=O)N1CC[C@H](Oc2cc3c(Nc4ccc(F)c(Cl)c4F)ncnc3cc2OC)C[C@H]1C(=O)NCCSC
CHEMBL2408824,13381788,5.53,COc1cc(N2CCN(C)CC2)ccc1Nc1ncc(Cl)c(Oc2ccc(CCOc3no[n+]([O-])c3S(=O)(=O)c3ccccc3)cc2)n1
CHEMBL5870500,28721750,7.22,C=CC(=O)N1CCC(OC2=CC3C(Nc4ccc(Cl)c(Cl)c4F)=C(C#N)C=NC3C=C2OC)CC1
CHEMBL4462965,19132068,7.055,CCC(=O)N1CCC[C@@H](n2c(=O)c(-c3cc(F)ccc3Cl)c(C)c3cnc(Nc4ccc(N5CCN(C)CC5)c(C)c4)nc32)C1
CHEMBL5759102,26961328,7.61,CN(C)C/C=C/C(=O)N1CC[C@@H](n2cc(C(=O)Nc3nc4cc(Cl)ccc4o3)c3c(N)ncnc32)C1
CHEMBL491083,2390188,9.77,C=CC(=O)C(C)c1cc2c(Nc3cccc(Br)c3)ncnc2cn1
CHEMBL6064756,26839132,7.13,Fc1ccc(C(Nc2ccc3ncnc(Nc4cnc(F)c(F)c4)c3c2)c2cn(C3CC3)nn2)cc1
CHEMBL6038037,28403144,7.55,CC(C)(C)N1CCC(N2C=C([C@@H](Nc3cc(Cl)c4ncc(C#N)c(Nc5ccc(F)c(Cl)c5)c4c3)C3CCOCC3)NN2)CC1
CHEMBL5087214,24408178,6.88,C=CC(=O)Nc1cccc(-n2c(=O)c(Cc3ccccc3)nc3cnc(Nc4ccc(OC)cc4)nc32)c1
CHEMBL5948101,27652694,7.26,C=CC(=O)Nc1cccc(Nc2nc(Nc3ccc(O[C@@H]4CCOC4)nc3)ncc2F)c1
CHEMBL1229517,28697852,7.32,CCCS(=O)(=O)Nc1ccc(F)c(C(=O)c2c[nH]c3ncc(-c4ccc(Cl)cc4)cc23)c1F
CHEMBL4069070,18029898,5.37,COc1ccc(OC)c(Sc2cccc3[nH]c4nc(N)nc(N)c4c23)c1
CHEMBL5189778,24824811,7.28,CC(C)c1cnc(N2CCCC2)c2cnc(Nc3ccnc(N4CC[C@@H](O)[C@@](C)(F)C4)n3)cc12
CHEMBL6033572,27071192,5.26,CC(C)N1CCC(C)(c2ccc(Nc3nc(N4CCC[C@@H](N5CCN(C)C5=O)C4)cnc3C(N)=O)cc2)CC1
CHEMBL5828618,28405826,7.36,CC(C)(C)CNc1c(C#N)cnc2c(Cl)cc(N[C@H](C3=CN(C4(C(F)(F)F)CC4)NN3)c3cccc4cnc(Cl)cc34)cc12
CHEMBL265367,1766873,7.77,Cn1ccnc1S(=O)(=O)CCNCc1ccc(-c2ccc3ncnc(Nc4ccc(OCc5cccc(F)c5)c(C(F)(F)F)c4)c3c2)o1
CHEMBL2148045,12036053,7.51,CCS(=O)(=O)CC(=O)NCCn1ccc2ncnc(Nc3ccc(Oc4cccc(C(F)(F)F)c4)c(Cl)c3)c21
CHEMBL5928047,28405916,7.77,CC[C@@H](Nc1c(C#N)cnc2c(Cl)cc(N[C@H](C3=C(F)N(C4(C(F)(F)F)CC4)NN3)c3ccc(F)nc3C)cc12)c1ccccc1
CHEMBL5766704,28404680,8.52,Cc1nc(F)ccc1[C@H](Nc1cc(Cl)c2ncc(C#N)c(NCC(C)(C)C)c2c1)C1=CN(CC(F)F)NN1
CHEMBL387265,1768210,8.7,COc1cc2ncnc(Nc3cccc(Cl)c3F)c2cc1OC1CCN(S(C)(=O)=O)CC1
CHEMBL6004777,28405514,7.96,COc1ccc2c([C@H](Nc3cc(C#N)c4ncc(C#N)c(NCC(C)(C)C)c4c3)C3=CN(C4(C(F)(F)F)CC4)NN3)cccc2n1
CHEMBL5795202,28332899,5.52,O=C1CCC(N2C(=O)c3ccc(NCCOCCOCC#Cc4cccc5c4C(=O)N(C(C(=O)Nc4nccs4)c4cc(F)ccc4O)C5)cc3C2=O)C(=O)N1
CHEMBL3353399,15073083,4.18,C=CC(=O)Nc1cc(Nc2ncc(Cl)c(-c3cnn4ccccc34)n2)c(OC)cc1N1CCN(C(=O)CNC)CC1
CHEMBL3941175,16668236,6.23,CCC(=O)Nc1cc2c(Nc3ccc(NS(=O)(=O)c4ccccc4)c(F)c3)ncnc2cc1OC
CHEMBL392774,1951289,6.72,COC1CNCCN(Cc2ccn3ncnc(Nc4ccc5c(cnn5Cc5cccc(F)c5)c4)c23)C1
CHEMBL3325471,15118450,5.27,COc1ccc2c(c1)cc(C1C(C#N)=C(N)N(c3cccnc3)C3=C1C(=O)CCC3)c1nnnn12
CHEMBL4559217,19168496,6.71,CCOc1cc2ncnc(Nc3ccc(F)c(Cl)c3)c2cc1OC(=O)CSc1nc2cc(OC)ccc2s1
CHEMBL2064403,10967438,6.92,O=c1oc2cc3ncnc(Nc4ccc5[nH]ncc5c4)c3cc2n1CCCN1CCOCC1
CHEMBL3891846,16739506,9.22,C[C@@H](Nc1ncnc2oc(-c3ccc(NCCN4CCCCC4)cc3)cc12)c1ccccc1
CHEMBL2048908,10949871,8.15,CC(C)(CO)C(=O)NCCn1ccc2ncnc(Nc3ccc(Oc4cccc5sncc45)c(Cl)c3)c21
CHEMBL3979366,16895229,8.18,C=CC(=O)N1CC[C@H](Oc2cc3c(Nc4ccc(F)c(Cl)c4F)ncnc3cc2OC)C[C@H]1C(=O)NCCN(C)C
CHEMBL5555813,25866175,6.77,C=CC(=O)N1CC[C@H](n2cc(-c3ccncc3)c(-c3cccc(COc4ccc5c(c4)CN(C)C5=O)c3)n2)C1
CHEMBL4445761,19293676,6.0,CC/C=C\C(=O)Nc1cc(Nc2nc(C)cc(-c3cn(C)c4ccc(F)cc34)n2)c(OC)cc1N(C)CCN(C)C
CHEMBL3814959,16612213,6.56,NC(=O)Nc1ccc2ncnc(Nc3ccc(Br)cc3)c2c1
CHEMBL3325478,15118443,5.16,CCOC(=O)C1=C(N)N(c2cccnc2)C2=C(C(=O)CCC2)C1c1cc2cc(C)ccc2n2nnnc12
CHEMBL248222,2045392,7.17,COc1cc2ncc(C#N)c(N[C@@H]3C[C@H]3c3ccccc3)c2cc1OCCCc1cccnc1
CHEMBL3968039,16847208,9.0,COc1cc2c(Nc3ccc(NC(=O)Nc4ccc(C)c(C)c4)c(Cl)c3)ncnc2cc1OCCCN1CCN(C)CC1
CHEMBL4746770,22835803,9.22,CC(C)Oc1ccccc1-c1cc2c(N[C@H](C)c3ccccc3)ncnc2[nH]1
CHEMBL5397490,25536083,6.13,Cc1cccc(CN(C)c2ncnc3[nH]c(-c4ccc(O)cc4)cc23)c1
CHEMBL283682,572505,6.59,CC#CC(=O)Nc1ccc2ncc(C#N)c(Nc3cccc(Br)c3)c2c1
CHEMBL5624580,26142967,8.75,C=CC(=O)Nc1cc(Nc2nccc(-c3cnc4c(C)cccn34)n2)c(OC)cc1N(C)C1CCCN(C)C1
CHEMBL5400143,25665212,7.82,CCS(=O)(=O)N1CCC(c2nc(-c3ccc(F)cc3)c(-c3ccnc(Nc4ccc(C5CCN(C)CC5)cc4)n3)s2)CC1
CHEMBL4129287,18299299,7.85,C=CC(=O)N[C@H]1CCCN(c2nc(Nc3ccccc3)nc3cnc(Nc4ccc(N5CCN(C)CC5)cn4)cc23)C1
CHEMBL5809367,28403915,8.22,N#Cc1cnc2c(Cl)cc(N[C@H](C3=CNNN3)c3cscn3)cc2c1Nc1ccc(F)c(Cl)c1
CHEMBL401644,2045396,5.08,COc1ccc2ncc(C#N)c(N[C@@H]3C[C@H]3c3ccccc3)c2c1
CHEMBL2426283,13446045,4.89,C=CC(=O)Nc1ccc(Nc2ncc(Cl)c(-c3c[nH]c4ccccc34)n2)cc1
CHEMBL3628796,15759242,5.11,COc1cc2ncnc(Nc3ccc(NC(=O)Nc4cccc(Br)c4)cc3)c2cc1OC
CHEMBL1928959,7963957,6.14,O=C(COc1cc(F)c(F)c(F)c1)Nc1cccc(Oc2cc(Nc3ccc(OCc4cccc(F)c4)c(Cl)c3)ncn2)c1
CHEMBL1946843,8025233,5.19,CN(C)c1nc(N/N=C/c2cc(Br)c(O)c(Br)c2O)nc(Nc2ccc(F)cc2)n1
CHEMBL4454745,19146017,6.91,C=CC(=O)Nc1cc(Nc2nccc(-c3cn(C)c4ccccc34)n2)c(OC)cc1N(C)CCCl
CHEMBL4206166,18539787,7.08,CN(C)C1CCN(c2ccc(Nc3cc4c(N5CCC(CO)CC5)nc(Nc5ccccc5)nc4cn3)nc2)CC1
CHEMBL65250,893121,8.4,C#Cc1cc(Nc2ncnc3cc(OC)c(OC)cc23)ccc1F
CHEMBL5761729,28404005,8.4,Cc1ncsc1[C@H](Nc1cc(Cl)c2ncc(C#N)c(Nc3ccc(F)c(Cl)c3)c2c1)C1=CN(C2CCN(C(C)(C)C)CC2)NN1
CHEMBL4097594,18039958,8.7,C=CC(=O)Nc1cc(Nc2n[nH]c3ccc(-c4ccc(F)cc4)cc23)c(OC)cc1N(C)CCN(C)C
CHEMBL4749064,22835827,8.92,CN(C)CCNCc1cc(-c2cc3c(N[C@H](CO)c4ccccc4)ncnc3[nH]2)ccc1F
CHEMBL5972309,26750537,9.17,CN1CCN(Cc2ccc(C(=O)N[C@@H]3[C@H]4Oc5ccc(Oc6ccnc7c6CNC(=O)N7)cc5[C@@H]34)cc2C(F)(F)F)CC1
CHEMBL3355877,14983521,9.49,COc1cc2ncnc(Nc3ccc(F)c(Cl)c3)c2cc1OCCCCCCn1ccnc1[N+](=O)[O-]
CHEMBL93032,869803,9.77,Oc1cc2ncnc(Nc3cccc(Br)c3)c2cc1O
CHEMBL2437471,13483444,8.24,C=CC(=O)Nc1cccc(-n2c(=O)c(C)nc3cnc(Nc4ccc(OC)cc4)nc32)c1
CHEMBL3622655,15743456,8.26,CCOc1cc2ncnc(Nc3ccc(F)c(Cl)c3)c2cc1NC(=O)/C=C/CN(C)C1CC1
CHEMBL5936062,27540821,6.56,NC(=O)c1c(-c2ccc(Oc3ccc(F)cc3F)cc2)nn(C2CCCN(C(=O)/C=C/C(F)F)C2)c1N
CHEMBL263666,317294,5.33,CCN(CC)CCNC(=O)c1c([Se][Se]c2c(C(=O)NCCN(CC)CC)c3ccccc3n2C)n(C)c2ccccc12
CHEMBL3344211,15130269,7.83,CCNC(CS(C)(=O)=O)c1ccc(-c2ccc3ncnc(Nc4ccc(OCc5cccc(F)c5)c(Cl)c4)c3c2)o1
CHEMBL461967,2390294,8.1,COc1cc2ncnc(Nc3ccc(F)c(Cl)c3)c2cc1CNC(=O)[C@H]1CCCCN1C
CHEMBL5970993,28404548,8.52,Cc1nc(F)ccc1[C@H](Nc1cc(F)c2ncc(C#N)c(NCC(C)(C)C)c2c1)C1=CN(C2(C)CC2)NN1
CHEMBL5562735,25979152,8.53,COc1cccc(-c2c(NC(=O)/C=C/CN(C)C)ccc3ncnc(Nc4ccc(OCc5ccccn5)c(Cl)c4)c23)c1
CHEMBL6026303,26961280,6.83,CN(C)C/C=C/C(=O)N1CCC[C@@H](n2nc(C(=O)Nc3nc4cc(-c5cccs5)ccc4o3)c3c(N)ncnc32)C1
CHEMBL5900800,27652688,6.26,C=CC(=O)Nc1cccc(Nc2nc(Nc3ccc(Cl)c(OCCCS(C)(=O)=O)c3)ncc2F)c1
CHEMBL521571,2390174,9.16,C=CC(=O)Nc1ccc2ncnc(Cc3ccc(F)c(Br)c3)c2c1
CHEMBL5834058,28405631,8.22,Cc1nc(F)ccc1[C@H](Nc1cc(C#N)c2ncc(C#N)c(NCC(C)(C)C)c2c1)C1=CN(C(C)(C)C2CC2)NN1
CHEMBL193681,1601154,7.4,CCc1c(C(=O)NCCCn2ccnc2)cn2ncnc(Nc3ccc4c(cnn4Cc4ccccc4)c3)c12
CHEMBL5970015,28405259,8.4,CC(C)(CNc1c(C#N)cnc2c(Cl)cc(N[C@H](C3=CN(C4(C(F)F)CC4)NN3)c3cccc4c(=O)[nH]ccc34)cc12)C(F)(F)F
CHEMBL6031216,28404362,8.7,Cn1cc2c([C@H](Nc3cc(Cl)c4ncc(C#N)c(NCC(C)(C)C)c4c3)C3=CN(C4CC4)NN3)cccc2n1
CHEMBL3416594,15229682,8.1,COc1ccccc1-c1cc2c(NC(CO)c3ccccc3)ncnc2s1
CHEMBL5850696,27750446,8.4,C=CC(=O)Nc1cc(Nc2ncc(C(C)=O)c(-c3cnc4c(ccn4C)c3)n2)c(OC)cc1N(C)CCN(C)C
CHEMBL3735958,16390282,6.0,Cc1nc2cnc(Nc3ccnc(N4CC[C@H](O)[C@H](F)C4)n3)cc2n1C(C)C
CHEMBL214689,1766881,7.6,CS(=O)(=O)CCNCc1ccc(-c2ccc3ncnc(Nc4ccc(OCc5ccccc5)c(Br)c4)c3c2)o1
CHEMBL2029434,10884005,9.34,C=CC(=O)Nc1cccc(N2C(=O)N(C(C)C)Cc3cnc(Nc4ccc(N5CCN(C)CC5)cc4OC)nc32)c1
CHEMBL5824924,28403309,8.46,N#CCC[C@@H](Nc1c(C#N)cnc2c(Cl)cc(N[C@](O)(C3=CN(C4CC4)NN3)c3cccnc3Cl)cc12)c1ccccc1
CHEMBL5281118,25089038,5.72,COc1cc(/C=C2\CCc3ccc([N+](=O)[O-])cc3\C2=N\O)c(Br)c(OC)c1OC
CHEMBL3623283,15745751,8.82,COc1cc2ncnc(Nc3ccc(F)c(Cl)c3)c2cc1N1CCOCC1
CHEMBL6022090,28405538,8.7,COc1nccc2c([C@H](Nc3cc(C#N)c4ncc(C#N)c(NCC(C)(C)C(F)(F)F)c4c3)C3=CN(C4(C)CC4)NN3)cccc12
CHEMBL371863,1601104,6.7,CCOC(=O)c1cn2ncnc(NCc3ccccc3)c2c1CC
CHEMBL2018748,10855805,5.15,CCCOC(=O)Nc1ccc(Nc2ncnc3cc(OC)c(OC)cc23)cc1
CHEMBL5792750,27069254,5.26,NC(=O)c1nnc(N2CCC[C@@H](NC(=O)c3ccc4ncccc4c3)C2)nc1Nc1ccc(C(=O)N2CCOCC2)cc1
CHEMBL4540295,19168232,7.55,C=CC(=O)Nc1cc(Nc2nccc(NC(=O)c3ccc(C(F)(F)F)cc3)n2)c(OC)cc1N1CCN(C)CC1
CHEMBL3676350,26587733,6.1,C=CC(=O)Nc1cc2c(Nc3ccc(OCc4cccnc4)c(Cl)c3)ncnc2cc1OCCNC(C)=O
CHEMBL6054383,27653063,5.26,C=CC(=O)N1CCC[C@H](Oc2nc(Nc3ccc(OC)nc3)ncc2F)C1
CHEMBL5821638,27070988,6.26,C[C@@H]1[C@H](NC(=O)N(C)C)CCCN1c1cnc(C(N)=O)c(Nc2ccc(C3(C)CCN(C4CC4)CC3)cc2)n1
CHEMBL5196495,24824828,9.0,CC(C)c1ccc(N2C[C@H](CS(C)(=O)=O)[C@H]2C)c2cnc(Nc3ccnc(N4CC[C@@H](O)[C@@](C)(F)C4)n3)cc12
CHEMBL3752129,16435167,6.44,COc1cc(NC(=O)Nc2nccs2)cc(-c2cn(C)cn2)c1OC
CHEMBL5194719,24815697,7.05,COc1ccc(/C=C\C(=O)c2ccc(Br)c3cc(-c4ccc(F)cc4)oc23)cc1
CHEMBL4203804,18456115,5.44,COc1cc(N2CCN(C)CC2)ccc1Nc1ncc(Cl)c(Oc2ccc(NC(C)=O)cc2)n1
CHEMBL3087194,13826562,7.38,C=CC(=O)N1CC[C@H](N2C(=O)N(c3ccccc3)Cc3cnc(Nc4ccc(CCN5CCN(C)CC5)cc4)nc32)C1
CHEMBL5280082,25098094,9.38,COc1cc(N2CCC(N(C)C)CC2)ccc1Nc1ncc(C(=O)OC(C)C)c(-c2cn(C)c3ccccc23)n1
CHEMBL5183865,24833317,7.39,CN1CCN(c2ccc(Nc3ncc4nc(Nc5ccc(F)cc5)n(C5CCN(C(=O)CO)CC5)c4n3)cc2)CC1
CHEMBL6030424,27750458,7.46,C=CC(=O)Nc1cc(Nc2ncc(OC)c(-c3cnc4c(cnn4C)c3)n2)c(OC)cc1N1CCC(N(C)C)CC1
CHEMBL5620032,26122264,7.28,C=CC(=O)Nc1cc(Nc2ncc(F)c(-c3ccc4cc(C(=O)NC)n(C(C)C)c4c3)n2)ccc1N1CCN(C)CC1
CHEMBL4759697,22921892,9.47,C=CC(=O)Nc1cc2c(Nc3cccc(Cl)c3F)ncnc2cc1OCc1cn(CCC(=O)NO)nn1
CHEMBL4638857,20667648,5.12,Clc1nc2ccccc2c2nnc(/N=C/C=C/c3ccccc3)n12
CHEMBL4100377,18060721,8.17,C=CC(=O)Nc1ccc(OC)c(Nc2cc(-c3[nH]c(SC)nc3C3CCC3)ccn2)c1
CHEMBL3947406,16739513,8.4,COc1ccccc1-c1cc2c(N[C@H](C)c3ccccc3)ncnc2o1
CHEMBL5082394,24377970,6.77,CCC(=O)Nc1cc(Nc2ncc(Cl)c(N3CCc4sccc4C3)n2)c(OC)cc1N(C)CCN(C)C
CHEMBL5806205,28403945,8.4,CC(C)(C)N1CCC(N2C=C([C@@H](Nc3cc(Cl)c4ncc(C#N)c(Nc5cccc(Cl)c5F)c4c3)c3cccnc3)NN2)CC1
CHEMBL377250,1766866,7.05,[O-][S+]1CCN(Cc2ccc(-c3ccc4ncnc(Nc5ccc(OCc6cccc(F)c6)c(C(F)(F)F)c5)c4c3)o2)CC1
CHEMBL3676380,26587823,6.9,C=CC(=O)Nc1cc2c(Nc3ccc(Br)cc3F)ncnc2cc1OCCNC(=O)C(CO)N(C)C
CHEMBL5088907,24413780,7.9,C=CC(=O)Nc1cc(Nc2nccc(Nc3ccn(C)n3)n2)c(OC)cc1N(C)CCN(C)C
CHEMBL1080812,3222533,6.06,Cc1c(C(=O)NCCN2CCOCC2)[nH]c2cnnc(Nc3ccc(OCc4ccccn4)c(Cl)c3)c12
CHEMBL5914297,28403105,8.7,CC[C@@H](Nc1c(C#N)cnc2c(Cl)cc(N[C@H](C3=CN(CC4(O)COC4)NN3)c3cccnc3)cc12)c1ccccc1
CHEMBL52076,1093327,6.96,Nc1cc2ncnc(Nc3cccc(Br)c3)c2cn1
CHEMBL428039,1943194,6.1,CCOc1cc2ncnc(NC3=CC(=O)C(OC)=CC3=O)c2cc1NC(=O)/C=C/CN(C)C
CHEMBL4077608,18048501,6.89,FC(F)(F)c1nnc(NC(=S)Nc2ccc3ncnc(Nc4cccc(Cl)c4)c3c2)s1
CHEMBL6034088,26838997,7.34,N#CCC[C@@H](Nc1ncnc2c(Cl)cc(NC(c3ccc(F)cc3)c3cn(C4CC4)nn3)cc12)c1ccccc1
CHEMBL5852886,28405016,8.15,Cc1nc(F)ccc1[C@H](Nc1cc(C#N)c2ncc(C#N)c(NCC(C)(C)C)c2c1)C1=CN(C2(C(F)(F)F)COC2)NN1
CHEMBL3633939,15774382,5.52,N#CC(C#N)=CNc1ccc2ncnc(Nc3ccc(OCc4ccccn4)c(Cl)c3)c2c1
CHEMBL2048905,10949874,8.39,OCCn1ccc2ncnc(Nc3ccc(Oc4cccc5sncc45)c(Cl)c3)c21
CHEMBL5564323,25870225,5.91,C=CC(=O)N1CCC[C@@H](n2nc(-c3ccc(Oc4ccc5cn(C)nc5c4)c(C)c3)c3c(N)ncnc32)C1
CHEMBL5847006,27322328,7.72,C=CC(=O)Nc1ccc(OC)c(Nc2ncc(Cl)c(Nc3ccccc3C(=O)C(=O)N(C)C)n2)c1
CHEMBL5786389,28721768,7.0,C=CC(=O)N1CC(Oc2cc3c(Nc4ccc(Cl)cc4Cl)ncnc3cc2OC)C1
CHEMBL5432592,25535991,7.28,CN(Cc1ccccc1)c1ncnc2[nH]c(-c3ccc(F)c(CO)c3)cc12
CHEMBL3133903,13975600,5.64,C=CC(=O)Nc1ccc2ncnc(Nc3ccc(Br)c(C)c3)c2c1
CHEMBL381541,1697637,5.27,C=CC(=O)Nc1ccc2c(c1)CNc1c(Nc3cccc(Br)c3)ncnc1O2
CHEMBL5425883,25536086,6.93,COCCOCCOCCOc1ccc(-c2cc3c(N(C)Cc4cccc(C)c4)ncnc3[nH]2)cc1
CHEMBL5583867,25954986,6.41,C=CC(=O)Nc1cc2c(Oc3ccc(NC(=O)CCCc4ccccc4)cc3F)ncnc2cc1OC
CHEMBL5432965,25481280,10.3,COc1cc(N2CCC(N3CC(N(C)C)C3)CC2)c(C)cc1Nc1ncc(SC)c(Nc2ccc3nccnc3c2P(C)(C)=O)n1
CHEMBL5414512,25533385,7.96,CCN(CC)CCn1ncc2cc(Nc3nccc(-c4cn(S(=O)(=O)CC)c5ccccc45)n3)ccc21
CHEMBL4291471,18787525,7.32,CC(=O)Nc1ccc(-c2cc3c(Nc4ccc(Oc5cccc(C(F)(F)F)c5)c(Cl)c4)ncnc3s2)cc1
CHEMBL4117373,24815705,8.31,COc1ccc2c(c1)CCCN2c1nc(C)nc2c(Cc3ccccc3)cn(C)c12
CHEMBL5189574,24749171,8.52,O=C(Nc1nccs1)C(c1ncn2c1CCC2)N1Cc2c(cc(C#Cc3ccc(CN4CCC(CO)CC4)cc3)cc2C(F)(F)F)C1=O
CHEMBL3964033,16811417,8.72,O=C(CCCCCn1cc(-c2ccc3ncnc(Nc4ccc(OCc5cccc(F)c5)c(Cl)c4)c3c2)nn1)NO
CHEMBL5819905,28405106,7.66,Cc1nc([C@H](Nc2cc(C#N)c3ncc(C#N)c(NCC(C)(C)C)c3c2)C2=CN(C3(C(F)F)CC3)NN2)c(C)o1
CHEMBL5959081,28404059,8.52,N#Cc1cnc2c(Cl)cc(N[C@H](C3=CN(CCO)NN3)c3cccnc3Cl)cc2c1Nc1ccc(F)c(Cl)c1
CHEMBL447850,2390220,9.35,O=C(/C=C/CC(=O)Nc1ccc2ncnc(Nc3cccc(Br)c3)c2c1)Nc1ccc2c(Nc3cccc(Br)c3)ncnc2c1
CHEMBL5401125,25599178,6.52,CC[C@H](C)Nc1cc(Nc2ccnc(-c3cnn(S(=O)(=O)C4CC4)c3)n2)ncc1C(=O)N(C)C
CHEMBL3970330,16668251,7.8,COCCOc1cc2ncnc(Nc3ccc4c(cnn4Cc4ccccc4)c3)c2cc1NC(=O)/C=C/CN1CCN(C)CC1
CHEMBL4160329,19211861,5.47,COc1cc2c(Oc3ccc(C4SCC(=O)N4NC(=O)Nc4ccc(F)cc4F)cc3)ccnc2cc1OCCCN1CCOCC1
CHEMBL5275471,25043261,5.0,CCOC(=O)c1csc(NC(=S)Nc2ccc(Cl)cc2)n1
CHEMBL4071012,18060695,8.66,C=CC(=O)NCCSc1nc(-c2ccc(F)cc2)c(-c2ccnc(Nc3ccccc3)c2)[nH]1
CHEMBL5198314,24919431,8.25,CCS(=O)(=O)n1cc(-c2nc(Nc3ccc(N4CCC(N5CCN(C)CC5)CC4)cc3OC)ncc2Cl)c2ccccc21
CHEMBL5813773,26768626,8.21,CCOc1cc2ncnc(Nc3ccc(F)c(Cl)c3)c2cc1NC(=O)/C=C/CN1C[C@@H]2OCCO[C@@H]2C1
CHEMBL5201543,24848233,10.0,CN1CCC(c2ccc(-c3ccc4c(c3)C(=O)N(C(C(=O)Nc3nccs3)c3cc(F)ccc3O)C4)cc2)CC1
CHEMBL2029427,10883998,6.08,C=CC(=O)Nc1cccc(N2C(=O)N(C)Cc3cnc(NC)nc32)c1
CHEMBL4533337,19290327,6.82,O=C1c2cc(-c3ccc(N4CCNCC4)cc3)ccc2Nc2ccc(F)cc2N1Cc1ccccc1
CHEMBL383121,1697629,5.12,COc1ccc2c(c1)CNc1c(Nc3ccccc3)ncnc1O2
CHEMBL387207,1766879,6.8,CS(=O)(=O)CCNCc1ccc(-c2ccc3ncnc(Nc4ccc(OCc5ccccc5)c(C(F)(F)F)c4)c3c2)o1
CHEMBL2437464,13483451,7.89,C=CC(=O)Nc1cccc(-n2c(=O)cnc3cnc(Nc4ccc(N5CCCC5)cc4)nc32)c1
CHEMBL5818903,28405010,8.3,Cc1nc(F)ccc1[C@H](Nc1cc(C#N)c2ncc(C#N)c(NCC(C)(C)C)c2c1)C1=CN(C2(C(=O)N(C)C)CC2)NN1
CHEMBL5904564,28403897,8.4,CCN1CCc2c([C@H](Nc3cc(Cl)c4ncc(C#N)c(Nc5ccc(F)c(Cl)c5)c4c3)C3=CNNN3)csc2C1
CHEMBL3759733,16457573,7.7,COc1cc(C=O)ccc1-c1cc2c(Nc3ccccc3)ncnc2s1
CHEMBL102726,894034,6.5,c1ccc(CNc2ncnc3ccccc23)cc1
CHEMBL4071368,18060746,7.96,C=CC(=O)Nc1cc(Nc2cc(-c3[nH]c(SC)nc3-c3ccc(F)cc3)ccn2)cc(N2CCN(C)CC2)c1
CHEMBL4093642,18155525,5.31,COc1cc(Br)c(/C=C2\CN(C(C)C)CC(=C\c3nc(C)c(C)nc3C)/C2=N/O)cc1OC
CHEMBL324045,6261309,6.01,CCOc1cc2ncc(C#N)c(Nc3ccc(F)c(Cl)c3)c2cc1OCC
CHEMBL5597916,28620545,5.68,COc1cc(C2CCNCC2)ccc1Nc1ncc(Cl)c(Nc2ccccc2NS(C)(=O)=O)n1
CHEMBL4283970,18765367,7.96,O=C(O)CCCC(=O)Nc1cc(N2CCOCC2)ncn1
CHEMBL5943599,28405988,7.96,Cc1nc(F)ccc1[C@H](Nc1cc(Cl)c2ncc(C#N)c(NCC(C)(C)C)c2c1)C1=C(C#N)N(C2(C(F)F)CC2)NN1
CHEMBL4579429,19172983,6.52,C=CC(=O)N(c1ccc(F)cc1F)c1ncnc2cc(OC)c(OCCCN3CCOCC3)cc12
CHEMBL4070404,18172248,7.45,CCC(=O)N1CC[C@H](N2C(=O)N(c3cccc(F)c3)Cc3cnc(Nc4ccc(N5CCN(C)CC5)c(C)c4)nc32)C1
CHEMBL5403023,25691207,8.0,C=CC(=O)Nc1cc(-c2c(-c3ccccc3)oc3ncnc(N[C@H]4C[C@@H](O)C4)c23)ccc1N(C)CCN(C)C
CHEMBL426124,1697617,6.05,COc1ccc2c(c1)CNc1c(Nc3ccc(F)c(Cl)c3)ncnc1O2
CHEMBL3907533,16668413,8.4,CCOc1cc2ncnc(Nc3ccc4c(cnn4Cc4ccccc4)c3)c2cc1NC(=O)/C=C/CN1CCOCC1
CHEMBL3975710,16894449,6.0,O=C(/C=C/c1ccc(OCCOc2ccc3ncnc(Nc4ccc(F)c(Cl)c4)c3c2)cc1)NO
CHEMBL56964,1174090,4.22,COc1cc2c(cc1O)NC(=O)C2=C(C#N)C#N
CHEMBL473320,2503063,6.88,COc1cc2ncnc(-c3c[nH]c4ccc(Br)cc34)c2cc1OC
CHEMBL3357643,15112243,9.28,COc1cc2ncnc(Nc3ccc(F)c(Cl)c3)c2cc1NC(=O)/C(F)=C/CN1CCOCC1
CHEMBL251123,2047156,6.85,CCOc1cc2ncnc(/C=C/CCCc3ccccc3)c2cc1OCC
CHEMBL207584,1715587,7.52,COc1cc2ncnc(Nc3cccc(Cl)c3F)c2cc1CN1CCC[C@H]1C(N)=O
CHEMBL6053327,28404113,8.3,CN(C)CCN1C=C([C@@H](Nc2cc(Cl)c3ncc(C#N)c(Nc4ccc(F)c(Cl)c4)c3c2)c2cscn2)NN1
CHEMBL5972631,28883660,5.55,C=CC(=O)N1CC(Nc2cncc(-c3cnc(Oc4cccc(OC)c4)nc3)n2)C1
CHEMBL5748931,28403789,7.68,Cc1ncsc1[C@H](Nc1cc(Cl)c2ncc(C#N)c(Nc3ccc(Cl)c(Cl)c3F)c2c1)C1=CNNN1
CHEMBL3814257,16612218,6.58,CC(=O)Nc1ccc2ncnc(Nc3ccc(F)c(Cl)c3)c2c1
CHEMBL4228176,18577504,7.44,C=CC(=O)Nc1cccc(NC(=O)Nc2ccnc(Nc3ccc(N4CCC(N(CC)CC)CC4)cc3OC)n2)c1
CHEMBL472743,2390304,5.27,COc1cc(NC(=O)/C=C/CN2CCOCC2)cc2c(Nc3cccc(Br)c3)ccnc12
CHEMBL203645,1681979,8.77,CCCC#CC(=O)Nc1cc2c(Nc3ccc(F)c(Cl)c3)ncnc2cn1
CHEMBL4277822,18783598,7.0,C=CC(=O)Nc1cccc(Oc2nc(Nc3ccc(CC(=O)N4CCOCC4)cc3)ncc2Cl)c1
CHEMBL6028585,28403711,7.92,CC(C)(C)N1CCC(N2C=C([C@@H](Nc3cc(Cl)c4ncc(C#N)c(Nc5cnc(F)c(F)c5)c4c3)c3cccnc3)NN2)CC1
CHEMBL3763757,16478369,8.23,COCCOc1cc2ncnc(Nc3ccc(NC(=O)C45CC6CC(CC(C6)C4)C5)c(OC)c3)c2cc1OCCOC
CHEMBL186747,1453211,5.5,COc1cc2ncnc(Nc3ccc(C)c(NC(=O)c4ccccc4)c3)c2cc1OC
CHEMBL2325101,12657555,7.3,Clc1ccc(C2=NN(c3ccccc3)C(c3ccc4ccccc4c3)C2)cc1Cl
CHEMBL5836521,27653141,7.26,C=CC(=O)N(C)Cc1ccc(Nc2nc(Nc3ccccc3)ncc2C)cc1
CHEMBL5560320,25866180,7.48,C=CC(=O)N1CC[C@H](n2cc(-c3ccncc3)c(-c3cccc(NC(=O)c4ncc(C5CC5)o4)c3)n2)C1
CHEMBL4087921,17967045,4.33,c1ccc(OCc2nnc(Cc3nc4ccccc4[nH]3)o2)cc1
CHEMBL101253,1943181,6.34,Clc1ccc(Nc2nnc(Cc3ccncc3)c3ccccc23)cc1
CHEMBL4071474,18172231,9.3,C=CC(=O)N1CC[C@H](N2C(=O)N(c3ccccc3Cl)Cc3cnc(Nc4ccc(N5CCN(C)CC5)c(C)c4)nc32)C1
CHEMBL6026502,26961259,6.89,C/C=C/C(=O)N1CCC[C@@H](n2nc(C(=O)Nc3nc4ccccc4o3)c3c(N)ncnc32)C1
CHEMBL4102284,18155522,5.41,Cc1nc(C)c(/C=C2\CN(C(C)C)C/C(=C\c3nc(C)c(C)nc3C)C2=NO)nc1C
CHEMBL5207152,24749177,7.77,O=C(Nc1nccs1)C(c1ncn2c1C[C@@H](F)C2)n1cc2c(Cl)cc(-c3ccc(N4CCN(C5CC5)CC4)cc3)c(Cl)c2n1
CHEMBL3787386,16540081,8.15,C#CCOc1cc2ncnc(Nc3ccc(F)c(Cl)c3)c2cc1NC(=O)C=C
CHEMBL511874,2390219,9.17,C/C=C/C(=O)Nc1ccc2c(Nc3cccc(Br)c3)ncnc2c1
CHEMBL3899216,16808792,6.89,Cc1cc(NS(=O)(=O)c2ccc(Nc3nncc4ccccc34)cc2)no1
CHEMBL4102179,18243194,7.47,C=CC(=O)NCc1cccc(-c2cc3c(-c4[nH]c(-c5ccccc5)nc4-c4ccc(F)cc4)ccnc3[nH]2)c1
CHEMBL461782,2390323,4.96,CCOC(=O)c1ccc(N2CCOCC2)c(NS(=O)(=O)c2cc(Br)c(Cl)s2)c1
CHEMBL2070195,10988319,5.43,O=C(Nc1ccc2ncnc(Nc3cccc(Br)c3)c2c1)C1COc2ccccc2O1
CHEMBL3416624,15229673,6.76,COc1ccccc1-c1cc2c(Nc3ccccc3)ncnc2s1
CHEMBL3092302,13852017,6.52,O=C(Nc1cc2c(Nc3ccc(F)c(Cl)c3)ncnc2cc1O[C@H]1CCOC1)N1CCC(CCO)CC1
CHEMBL2437484,13483496,4.58,COc1ccc(Nc2ncc3ncc(=O)n(-c4cccc(NC(=O)/C=C/CN(C)C)c4)c3n2)cc1
CHEMBL4226965,18577489,6.84,C=CC(=O)Nc1cccc(NC(=O)Nc2ccnc(Nc3ccc(N4CCN(C)CC4)cc3)n2)c1
CHEMBL3604911,15685175,5.96,C=CC(=O)Nc1ccccc1-c1nc(Nc2cc[nH]n2)c2ccccc2n1
CHEMBL5749360,28405181,7.92,CC(C)(C)CNc1c(C#N)cnc2c(Cl)cc(N[C@H](C3=CN(C4(C(F)F)CC4)NN3)c3ccc4cccnc4c3)cc12
CHEMBL5975926,28405484,8.52,CCC(C)N1C=C([C@@H](Nc2cc(Cl)c3ncc(C#N)c(NCC(C)(C)C)c3c2)c2cccc3c(=O)n(C)ccc23)NN1
CHEMBL3545154,19310360,9.66,C=CC(=O)N1CCC(Oc2cc3c(Nc4ccc(Cl)c(Cl)c4F)ncnc3cc2OC)CC1
CHEMBL5982094,26768629,8.44,O=C(/C=C/CN1C[C@@H]2OCCO[C@@H]2C1)Nc1cc2c(Nc3ccc(F)c(Cl)c3)ncnc2cc1O[C@H]1CCOC1
CHEMBL4757531,22844201,6.57,N#Cc1cccc(Oc2ccc(Nc3ncnc4cc(OCCCN5CCOCC5)c(NC(=O)c5cc([N+](=O)[O-])ccc5F)cc34)cc2Cl)c1
CHEMBL3671507,26587451,7.58,C=CC(=O)Nc1cc2c(Nc3ccc(Br)cc3F)ncnc2cc1OCCNC(=O)NCCC
CHEMBL3774578,16499789,6.79,Cc1ccc(Nc2ncnc3cc4c(cc23)N(CCCN2CCOCC2)C(=O)CO4)cc1Cl
CHEMBL5768440,26839120,8.08,Fc1ccc(Nc2ncnc3c(Cl)cc(N[C@@H](c4ccccc4)c4cn(C5CCNCC5)nn4)cc23)cc1Cl
CHEMBL6064652,28404107,8.4,CC(C)(C)N1CCC(N2C=C([C@@H](Nc3cc(Cl)c4ncc(C#N)c(Nc5ccc(F)c(Cl)c5)c4c3)c3cscn3)NN2)CC1
CHEMBL4082840,17989464,6.975,O=C(Nc1ccc2ncnc(Nc3cccc(Cl)c3)c2c1)C1CCC2(CC1)OCC1(OO2)C2CC3CC(C2)CC1C3
CHEMBL3912598,16894438,7.0,C#Cc1cccc(Nc2ncnc3ccc(OCCCCCC(=O)NO)cc23)c1
CHEMBL4565086,18994331,7.11,Cc1cc(=O)n2nc(SCc3cccc([N+](=O)[O-])c3)nc2[nH]1
CHEMBL4581316,19158986,8.1,C=CC(=O)Nc1cc(Nc2ncc(I)c(Nc3ccccc3P(C)(C)=O)n2)c(OC)cc1N(C)CCN(C)C
CHEMBL5813354,28404752,8.1,Cc1n[nH]c2cccc([C@H](Nc3cc(Cl)c4ncc(C#N)c(NCC(C)(C)C)c4c3)C3=CN(C4(C(F)F)CC4)NN3)c12
CHEMBL4530170,19168491,8.3,CCOc1cc2ncnc(Nc3ccc(F)c(Cl)c3)c2cc1OC(=O)CSc1nnnn1C
CHEMBL4127897,18299300,8.34,C=CC(=O)N1CC[C@@H](Nc2nc(Nc3ccccc3)nc3cnc(Nc4ccc(N5CCN(C)CC5)cn4)cc23)C1
CHEMBL514566,2567864,8.05,Nc1ncnc(Nc2ccc3c(cnn3Cc3cccc(F)c3)c2)c1/C=N/N1CCN(CCO)CC1
CHEMBL6054496,28405205,7.785,Cc1nc(F)ccc1[C@H](Nc1cc(Cl)c2ncc(C#N)c(NCC(C)(C)C)c2c1)C1=C(I)N(C2(C(F)F)CC2)NN1
CHEMBL3747055,16416935,5.07,COc1ccc(C2=NN(C(C)=O)C(c3ccc(C(=O)OCCn4c([N+](=O)[O-])cnc4C)cc3)C2)cc1
CHEMBL4443828,19114631,6.83,COc1cc2c(Oc3ccc(NS(=O)(=O)c4cc(F)ccc4F)cc3F)ccnc2cc1OCCCN1CCN(C)CC1
CHEMBL4847730,23299088,4.93,CC#CC(=O)N1CCCC[C@H]1c1nc(-c2ccc(C(=O)Nc3cc(C(F)(F)F)ccn3)cc2)c(C(N)=O)n1N
CHEMBL473747,2390167,8.44,C=CC(=O)Nc1cc2c(Cc3cccc(Br)c3)ncnc2cc1OCCCN1CCOCC1
CHEMBL5742774,28404359,8.15,CC(C)(C)CNc1c(C#N)cnc2c(Cl)cc(N[C@@](O)(C3=CN(CC(=O)N[SH](C)(=O)O)NN3)c3ccc(F)nc3)cc12
CHEMBL6012981,28403783,7.82,Cc1ncccc1[C@H](Nc1cc(Cl)c2ncc(C#N)c(Nc3ccc(Cl)c(Cl)c3F)c2c1)C1=CN(C(C)C)NN1
CHEMBL4454516,19168145,9.23,C=CC(=O)Nc1cc(Nc2nccc(NC(=O)c3ccccc3)n2)c(OC)cc1N1CCC(C(N)=O)CC1
CHEMBL3915508,16808787,8.39,N#Cc1ccc(Nc2nncc3ccccc23)cc1
CHEMBL6017545,27069653,5.26,CN1CCC(c2ccc(Nc3nc(N4CCC[C@@H](NC(=O)c5ccc(C(C)(C)C)cc5)C4)cnc3C(N)=O)cc2)CC1
CHEMBL5940343,28403981,7.75,CC(C)(C)N1CCC(N2C=C([C@@H](Nc3cc(Cl)c4ncc(C#N)c(Nc5ccc(F)c(Cl)c5)c4c3)c3cnco3)NN2)CC1
CHEMBL5888829,28721984,5.17,C=CC(=O)N1CCC(Oc2cc3c(Nc4cccc(CO)c4)ncnc3cc2OC)CC1
CHEMBL3622633,15743480,6.24,COCCOc1cc2ncnc(Nc3ccc(Cl)c(C(F)(F)F)c3)c2cc1NC(=O)/C=C/CN(C)C
CHEMBL3805775,16589199,7.05,COCC(C)Oc1cc2ncnc(Nc3ccc(F)c(Cl)c3)c2c2c1OCCO2
CHEMBL5966296,28405256,8.52,Cc1nc(F)ccc1[C@@H](Nc1cc(Cl)c2ncc(C#N)c(NCC(C)(C)C)c2c1)C1=CN(C2(C(F)F)CC2)NN1
CHEMBL5949878,27540854,5.92,NC(=O)c1c(-c2ccc(Oc3cccc(C(F)(F)F)n3)cc2)nn(C2CCCN(C(=O)/C=C/C(F)F)C2)c1N
CHEMBL5889296,27071465,6.26,CN1CCCN([C@@H]2CCCN(c3cnc(C(N)=O)c(Nc4ccc(C5CCN(C6CC6)CC5)cc4)n3)C2)C1=O
CHEMBL4076363,18060589,7.92,NCCCSc1nc(-c2ccc(F)cc2)c(-c2ccnc(Nc3ccccc3)c2)[nH]1
CHEMBL4078026,18172274,6.83,CCC(=O)N1CC[C@H](N2C(=O)N(c3cc(OC)ccc3F)Cc3cnc(Nc4ccc(N5CCN(C(C)=O)CC5)c(C)c4)nc32)C1
CHEMBL5797008,28405061,7.39,Cc1cncc2cccc([C@H](Nc3cc(Cl)c4ncc(C#N)c(NCC(C)(C)C)c4c3)C3=CN(C4(C(F)(F)F)CC4)NN3)c12
CHEMBL3920583,16811421,9.19,O=C(CCCCCn1cc(-c2ccc3ncnc(Nc4ccc(F)c(Cl)c4)c3c2)nn1)NO
CHEMBL382862,1691387,5.0,Brc1ccc2c(c1)CNc1c(Nc3ccccc3)ncnc1O2
CHEMBL5418087,25536088,7.52,Cc1cccc(CN(C)c2ncnc3[nH]c(-c4ccc(CCC(=O)O)cc4)cc23)c1
CHEMBL5745601,26839105,7.14,CC(C)(C)N1CCC(n2cc([C@@H](Nc3ccc4ncnc(Nc5ccc(F)c(Cl)c5)c4c3)c3ccc(Cl)cc3)nn2)CC1
CHEMBL5882302,28405961,8.4,COC1=C([C@@H](Nc2cc(Cl)c3ncc(C#N)c(NCC(C)(C)C)c3c2)c2ccc(F)nc2C)NNN1C1(C(F)F)CC1
CHEMBL472943,2390306,5.28,COc1cc2nccc(Nc3ccc(F)c(Cl)c3)c2cc1NC(=O)/C=C/C(C)N(C)C
CHEMBL5885364,26961277,6.86,Nc1ncnc2c1c(C(=O)Nc1nc3cc(Cl)ccc3o1)nn2[C@@H]1CCCN(C(=O)/C=C/CN2CCCCC2)C1
CHEMBL3087200,13826568,7.37,C=CC(=O)N1CC[C@H](N2C(=O)N(C3CCCCC3)Cc3cnc(Nc4ccc(N5CCN(C)CC5)cc4OC)nc32)C1
CHEMBL5274670,25059891,6.17,COc1cc2c(Nc3ccc(Cc4ccccc4)cc3)ncnc2cc1OCC1CCN(C)CC1
CHEMBL6007810,28883468,4.67,C=CC(=O)N1CC(Nc2cncc(-c3cnc(Oc4cccc(OC(F)(F)F)c4)nc3)c2)C1
CHEMBL3608434,15689337,8.22,C=CC(=O)N[C@@H]1CN(c2nc(Nc3cn(CC)nc3OC)c3ncn(C)c3n2)C[C@H]1F
CHEMBL248391,2045391,6.76,COc1cc2c(N[C@@H]3C[C@H]3c3ccccc3)c(C#N)cnc2cc1OCCCc1cccnc1
CHEMBL4434924,19293620,7.42,COc1cc(N(C)CCN(C)C)c(NC(=O)/C=C\C(C)C)cc1Nc1nc(C)cc(-c2cn(C)c3ccccc23)n1
CHEMBL4582933,19187575,8.24,COc1cc2ncnc(Nc3ccc(OCc4cccc(F)c4)c(Cl)c3)c2cc1NC(=O)CC1CCSS1
CHEMBL2031296,16612239,7.5,CC(=O)Nc1ccc2ncnc(Nc3cccc(Br)c3)c2c1
CHEMBL3805089,16588564,6.73,Cc1ccc(Nc2ncnc3cc(OC(C)C)c4c(c23)OCCO4)cc1[N+](=O)[O-]
CHEMBL5188960,24824727,7.3,CNc1ncc(C(C)C)c2cc(Nc3ccnc(N4CC[C@@H](O)[C@@H](F)C4)n3)ncc12
CHEMBL3360616,14974596,7.7,COc1cc2c(Nc3ccc(OCc4cccc(F)c4)c(Cl)c3)ncnc2cc1OCCOCCn1ccnc1[N+](=O)[O-]
CHEMBL5850505,28404401,7.89,CC(C)(C)CNc1c(C#N)cnc2c(Br)cc(N[C@H](C3=CN(C4(C(F)(F)F)CC4)NN3)c3cccc4ncsc34)cc12
CHEMBL3758939,16457538,8.3,C[C@@H](Nc1ncnc2sc(-c3cccc(C(N)=O)c3)cc12)c1ccccc1
CHEMBL3671499,26587427,8.3,C=CC(=O)NCCOc1cc2ncnc(Nc3ccc(Br)cc3F)c2cc1NC(=O)C=C
CHEMBL4445265,18994330,7.12,Cc1cc(=O)n2nc(SCc3ccc([N+](=O)[O-])cc3)nc2[nH]1
CHEMBL5998176,28405115,8.4,Cn1nccc1[C@H](Nc1cc(C#N)c2ncc(C#N)c(NCC(C)(C)C)c2c1)C1=CN(C2(C(F)F)CC2)NN1
CHEMBL5903174,28403798,9.0,C[C@@H](Nc1c(C#N)cnc2c(Cl)cc(N[C@H](C3=CN(C4CCN(C(C)(C)C)CC4)NN3)c3csc4c3CCN(C3COC3)C4)cc12)c1ccccc1
CHEMBL3671481,26587370,7.58,C=CC(=O)Nc1cc2c(Nc3ccc(F)c(F)c3F)ncnc2cc1OCC1CCN(C(C)=O)CC1
CHEMBL5844933,27653162,5.26,C=CC(=O)NCc1cccc(Nc2nc(Nc3cccc(OC)c3)ncc2C(F)(F)F)c1
CHEMBL3263372,14655702,5.28,Cc1ccc(C2=NN(C3=NC(c4ccccc4)CS3)C(c3ccc4ccccc4c3)C2)cc1
CHEMBL3954370,16752239,6.58,O=C(Nc1nc2ccccc2n1[C@H]1CC[C@H](O)CC1)c1cccc(C(F)(F)F)c1
CHEMBL5416812,25665195,8.66,CCN1CCN(c2ccc(Nc3nccc(-c4sc(NS(=O)(=O)CC)nc4-c4ccc(F)cc4)n3)cc2)CC1
CHEMBL4870265,23256356,6.93,CNC(=O)c1ccccc1Nc1nc(Nc2ccc(CN3CCC(C(=O)NO)CC3)cc2)ncc1Cl
CHEMBL4647073,20690045,6.85,CCC(=O)Nc1cc(Nc2nccc(-c3cn(CCCO)c4ccc(F)cc34)n2)c(OC)cc1F
CHEMBL5180830,24833333,7.28,O=C1c2cc(F)ccc2Nc2ccccc2N1Cc1ccccc1
CHEMBL3416620,15229698,6.38,C[C@@H](Nc1ncnc2sc(Br)cc12)c1cccs1
CHEMBL3671539,26587550,7.05,C=CC(=O)Nc1cc2c(Nc3ccc(Br)cc3F)ncnc2cc1OCCNC(=O)CCO
CHEMBL5842538,28405808,8.1,CC(C)(C)CNc1c(C#N)cnc2c(C#N)cc(N[C@H](C3=CN(C4(C(F)(F)F)CC4)NN3)c3cccc4cnc(C#N)cc34)cc12
CHEMBL2425084,13452950,7.6,COc1cc2ncnc(Nc3ccc(F)c(Cl)c3)c2cc1OCCCN1CC(O)C1
CHEMBL1958019,8048992,5.47,O=C1CSC(N2N=C(c3ccccc3)CC2c2ccccc2)=N1
CHEMBL5411267,25665204,7.15,CCS(=O)(=O)Nc1nc(-c2ccc(F)cc2)c(-c2ccnc(Nc3cc(-c4cnn(C)c4)c(N4CCOCC4)cc3OC)n2)s1
CHEMBL2437487,26745565,7.8,C=CC(=O)Nc1ccc(-n2c(=O)cnc3cnc(Nc4ccccc4)nc32)cc1
CHEMBL2029431,10883663,7.86,C=CC(=O)Nc1cccc(N2C(=O)N(C)Cc3cnc(Nc4ccc(N5CCN(C)CC5)cc4OC(C)C)nc32)c1
CHEMBL5895307,26750435,7.72,CN1C(C)(C)CC(Oc2ccc(C(=O)N[C@@H]3[C@H]4Oc5ccc(Oc6ccnc7c6CCC(=O)N7)cc5[C@@H]34)cc2C(F)(F)F)CC1(C)C
CHEMBL4520286,19029998,6.18,CNc1cncc(-c2c[nH]c3nc(Nc4ccc(N5CCN(C(C)=O)CC5)cc4)nc(OC4CCCCC4)c23)n1
CHEMBL4070053,17956907,8.48,NP(=O)(OCCCC(=O)Oc1ccc2ncnc(Nc3cccc(Br)c3)c2c1)N(CCCl)CCCl
CHEMBL6015337,28405883,7.75,Cn1cccc([C@H](Nc2cc(Cl)c3ncc(C#N)c(NCC(C)(C)C)c3c2)C2=CN(C3(C(F)(F)F)CC3)NN2)c1=O
CHEMBL5179495,24919437,6.94,CCS(=O)(=O)n1cc(-c2nc(Nc3cc(C(C)C)c(N4CCC(N5CCN(C)CC5)CC4)cc3OC)ncc2Cl)c2ccccc21
CHEMBL5188281,24919433,7.62,COc1cc(N2CCC(N3CCN(C)CC3)CC2)ccc1Nc1ncc(Cl)c(-c2cn(S(=O)(=O)C(C)C)c3ccccc23)n1
CHEMBL4283097,18765352,6.99,COc1ccc(OC)c(Nc2cc(NCCc3cccs3)ncn2)c1
CHEMBL3813728,16612256,6.57,Fc1cccc(COc2ccc(Nc3ncnc4ccc(NC(=S)NCCN5CCOCC5)cc34)cc2Cl)c1
CHEMBL4443062,24749185,8.0,O=C(Nc1nccs1)C(c1cc(F)ccc1O)N1Cc2ccc(-c3ccc(N4CCNCC4)cc3)cc2C1=O
CHEMBL3954587,16895209,8.4,C=CC(=O)N1CC(Oc2cc3c(Nc4cccc(Cl)c4F)ncnc3cc2OC)C1
CHEMBL5741005,27652886,7.26,C=CC(=O)Nc1cccc(Nc2nc(Nc3ccc(OC)c(OC)c3)ncc2F)c1
CHEMBL3086105,13826560,7.77,C=CC(=O)N1CC[C@H](N2C(=O)N(c3ccccc3)Cc3cnc(Nc4ccc(N5CCN(C)CC5)c(F)c4)nc32)C1
CHEMBL5937036,27750692,7.6,C=CC(=O)Nc1cc(Nc2ncc(F)c(-c3cnc4c(c3)c(Cl)cn4C)n2)c(OC)cc1N1CCC(N(C)C)CC1
CHEMBL1947045,8025239,4.44,COc1cccc(Nc2ccnc(Nc3cccc(OC)c3)n2)c1
CHEMBL1944925,8025249,4.39,O=C(NNC(=O)c1ncc(Cc2ccsc2)s1)Nc1ccccc1
CHEMBL5430401,25533387,7.42,CCS(=O)(=O)n1cc(-c2ccnc(Nc3ccc4c(cnn4CC(=O)N(C)C)c3)n2)c2ccccc21
CHEMBL4290750,18765363,7.68,CCOC(=O)c1ccc(Nc2cc(NC(=O)CCCC(=O)O)ncn2)cc1
CHEMBL3647417,26589068,7.32,CCOc1cc2ncc(C#N)c(Nc3ccc(OCc4ccccn4)c(Cl)c3)c2cc1NC(=O)/C=C/[C@@H]1CCCN1C
CHEMBL2334001,12712344,7.2,COc1cc2ncnc(Nc3ccc(F)c(Cl)c3)c2cc1OCCO
CHEMBL3425668,15257654,5.2,COc1cc(N2CCN(C)CC2)ccc1Nc1ncc(Cl)c(Oc2cccc(NC(=O)/C(=C/c3ccc(F)cc3)C(F)(F)F)c2)n1
CHEMBL5960312,28405886,7.64,CC(C)(C)CNc1c(C#N)cnc2c(Cl)cc(N[C@H](C3=CN(C4(C(F)(F)F)CC4)NN3)c3cccc4ncc(F)cc34)cc12
CHEMBL3234741,14571453,5.72,Cc1ccc(C(=O)Nc2ccc(CN3CCN(C)CC3)c(C(F)(F)F)c2)cc1NC(=O)c1cncnc1
CHEMBL4776056,22835801,8.85,C[C@@H](Nc1ncnc2[nH]c(-c3cccc(C(N)=O)c3)cc12)c1ccccc1
CHEMBL5069689,24408177,7.74,C=CC(=O)Nc1cccc(-n2c(=O)c(-c3ccccc3)nc3cnc(Nc4ccc(OC)cc4)nc32)c1
CHEMBL3671506,26587448,7.6,C=CC(=O)Nc1cc2c(Nc3ccc(Br)cc3F)ncnc2cc1OCCNS(C)(=O)=O
CHEMBL2437473,13483441,4.67,COc1ccc(Nc2ncc3ncc(=O)n(-c4cccc(N)c4)c3n2)cc1
CHEMBL399953,2047170,7.89,COc1cc2ncnc(C#CC(C)(C)Cc3ccccc3)c2cc1OC
CHEMBL3040455,26589137,7.25,CSCCNCc1ccc(-c2ccc3ncnc(Nc4ccc(OCc5cccc(F)c5)c(Cl)c4)c3c2)o1
CHEMBL5798764,26811046,7.6,COC[C@@H]1CCN1C/C=C/C(=O)Nc1cc2c(Nc3ccc(F)c(Cl)c3)ncnc2cc1OC[C@H]1COCCO1
CHEMBL6039889,28517084,5.8,C=CC(=O)N1CCCC(Nc2nc(Nc3cnn(C4CCS(=O)(=O)CC4)c3)c3c(c2F)CNC3=O)C1
CHEMBL5084983,24413788,6.67,C=CC(=O)Nc1cc(Nc2nccc(Nc3cn(C)c4ccccc34)n2)c(OC)cc1N(C)CCN(C)C(=O)OC
CHEMBL6050482,28517141,5.89,C=CC(=O)N1C[C@H](Nc2nc(Nc3cnn(C)c3)c3c(c2F)CNC3=O)CCC1C
CHEMBL2385985,13322646,6.1,CCOc1cc(N)c(C(=O)Nc2ccc(F)c(Cl)c2)cc1NC(=O)c1ccc(CN2CCN(C)CC2)cc1
CHEMBL296168,883299,8.25,C=CC(=O)Nc1ccc2ncnc(Nc3cccc(Br)c3)c2n1
CHEMBL3814846,16612190,8.4,CC(=O)Nc1ccc2ncnc(Nc3ccc(OCc4cccc(F)c4)c(Cl)c3)c2c1
CHEMBL3612599,15698280,5.82,CCOC(=O)CCCn1c(=O)oc2cc3ncnc(Nc4cc(C)cc(C)c4)c3cc21
CHEMBL3671497,26587421,8.4,C=CC(=O)Nc1cc2c(Nc3ccc(Br)cc3F)ncnc2cc1OCCNC(N)=O
CHEMBL6060270,28405217,8.7,Cn1ccc2c([C@H](Nc3cc(Cl)c4ncc(C#N)c(NCC(C)(C)C)c4c3)C3=CN(C45CC(C4)C5)NN3)cccc2c1=O
CHEMBL4216551,18456118,5.24,COc1cc(N2CCN(C)CC2)ccc1Nc1ncc(Cl)c(Oc2ccc(NC(=O)/C=C/CN(C)C)cc2)n1
CHEMBL3088220,13833373,6.68,Cc1ncc([N+](=O)[O-])n1C/C(=N/NC(=O)c1ccc(O)cc1)c1ccc(Br)cc1
CHEMBL4076854,18060523,8.25,C=CC(=O)Nc1ccc(OC)c(Nc2cc(-c3cnc(SC)[nH]3)ccn2)c1
CHEMBL2029428,10883999,9.25,C=CC(=O)Nc1cccc(N2C(=O)N(C)Cc3cnc(Nc4ccc(N5CCN(C)CC5)cc4)nc32)c1
CHEMBL5850886,28403399,8.26,CC(C)(C)CNc1c(C#N)cnc2c(Cl)cc(NC(C3=CN(C4CC4)NN3)c3ccc(F)nc3F)cc12
CHEMBL3671556,26587601,7.16,C=CC(=O)Nc1cc2c(Nc3ccc(Br)cc3F)ncnc2cc1OCC(CC)NC(C)=O
CHEMBL6035688,28404596,9.0,CC(C)(C)CNc1c(C#N)cnc2c(Cl)cc(N[C@H](C3=CN(C4CC4)NN3)c3cccc4ccncc34)cc12
CHEMBL51741,883302,8.0,C=CC(=O)Nc1ccc2ncnc(N3CCc4ccc(Br)cc43)c2c1
CHEMBL4100647,17989460,7.94,CC1(C)OOC2(CCC(C(=O)Nc3ccc4ncnc(Nc5cccc(Cl)c5)c4c3)CC2)OO1
CHEMBL5900414,26750339,6.93,CCCCCCCC(=O)N[C@@H]1[C@H]2Oc3ccc(Oc4ccnc5c4CCC(=O)N5)cc3[C@@H]12
CHEMBL3671534,26587535,6.59,C=CC(=O)Nc1cc2c(Nc3ccc(Br)cc3F)ncnc2cc1OCCNC(=O)CCN
CHEMBL3932338,25066930,5.58,CC#CC(=O)N1CCC([C@@H]2CCNc3c(C(N)=O)c(-c4ccc(Oc5ccccc5)cc4)nn32)CC1
CHEMBL391387,2038906,6.82,NC1CCN(Cc2ccn3ncnc(Nc4ccc(OCc5cccnc5)c(Cl)c4)c23)CC1
CHEMBL5924281,27069185,5.26,CN(C)C/C=C/C(=O)N1CCC[C@@H](N(C)c2cnc(C(N)=O)c(Nc3ccc(C(=O)N4CCOCC4)cc3)n2)C1
CHEMBL6006366,26750351,6.2,CCCCCCCCCC(=O)N[C@@H]1[C@H]2Oc3ccc(Oc4ccnc5c4CCC(=O)N5)cc3[C@@H]12
CHEMBL5901475,28620596,6.41,COc1cc(C2CCNCC2)ccc1Nc1ncc(Cl)c(Nc2ccccc2NS(N)(=O)=O)n1
CHEMBL1173718,3364626,6.21,Cc1ncc([N+](=O)[O-])n1CCOC(=O)/C=C/c1ccc(-c2ccccc2)cc1
CHEMBL3416605,15229713,7.08,OCC(Nc1ncnc2sc(Br)cc12)c1ccccc1
CHEMBL5397983,25482729,5.57,Cn1cc(-c2ccnc(Nc3ccc(Cl)c(OCCOCCn4ccnc4[N+](=O)[O-])c3)n2)c2ccccc21
CHEMBL5964556,27322358,7.67,C=CC(=O)N1CCOc2ccc(Nc3ncc(Cl)c(Nc4ccccc4C(=O)C(=O)N(C)C)n3)cc21
CHEMBL4435632,18994326,7.08,Cc1cc(=O)n2nc(SCc3cccc(C(F)(F)F)c3)nc2[nH]1
CHEMBL6049568,28405025,8.52,CC1=C([C@@H](Nc2cc(Cl)c3ncc(C#N)c(NCC(C)(C)C)c3c2)c2ccc(F)nc2C)NNN1C1CC1
CHEMBL1928944,7963942,5.92,O=[N+]([O-])c1cccc(Oc2cc(Nc3ccc(OCc4cccc(F)c4)c(Cl)c3)ncn2)c1
CHEMBL5284701,25078685,7.72,C=CC(=O)N1CCC(Oc2cc3c(Nc4ccc(Cl)c(Cl)c4F)ncnc3cc2OC[C@@H]2CCCN2C)CC1
CHEMBL4228018,18577534,6.58,C=CC(=O)Nc1cccc(NC(=O)Nc2ccnc(Nc3ccc(OCCOC)cc3)n2)c1
CHEMBL2437483,13483497,7.23,COc1ccc(Nc2ncc3ncc(=O)n(-c4ccc(NC(=O)/C=C/CN(C)C)cc4)c3n2)cc1
CHEMBL4859473,23203427,6.84,CCc1ccc(NCC(=O)Nn2c(-c3ccccc3)nc3ccccc3c2=O)cc1
CHEMBL5418665,25533349,6.62,CC(=O)Nc1cc(Nc2nccc(-c3cn(C)c4ccccc34)n2)cc2cnn(CCN(C)C)c12
CHEMBL3939300,16668214,6.15,CCC(=O)Nc1cc2c(Nc3ccc4c(ccn4Cc4cccnc4)c3)ncnc2cc1OC
CHEMBL3746711,16416930,5.9,CC(=O)N1N=C(c2ccc(I)cc2)CC1c1ccc(C(=O)OCCn2c([N+](=O)[O-])cnc2C)cc1
CHEMBL5779638,27653159,5.26,COc1cccc(Nc2ncc(C(F)(F)F)c(Nc3cccc(C(=O)C=C(C)C)c3)n2)c1
CHEMBL5985870,26587505,7.44,C=CC(=O)Nc1cc2c(Nc3ccc(Br)cc3F)ncnc2cc1OCCNC(=O)C=CCC
CHEMBL373025,1601139,6.31,CCc1c(CO)cn2ncnc(Nc3ccc4c(cnn4Cc4ccccc4)c3)c12
CHEMBL5748623,28403837,8.3,Cc1cncc([C@H](Nc2cc(Cl)c3ncc(C#N)c(Nc4ccc(F)c(Cl)c4)c3c2)C2=CN(C3CCN(C(C)(C)C)CC3)NN2)c1
CHEMBL3977504,16668439,7.85,CN(C)C/C=C/C(=O)Nc1cc2c(Nc3ccc(Oc4ccccc4)cc3)ncnc2cn1
CHEMBL6058591,28405487,8.4,COCC(C)N1C=C([C@@H](Nc2cc(Cl)c3ncc(C#N)c(NCC(C)(C)C)c3c2)c2cccc3c(=O)n(C)ccc23)NN1
CHEMBL6039337,26961271,6.92,CC(C)N(C)C/C=C/C(=O)N1CCC[C@@H](n2nc(C(=O)Nc3nc4cc(Cl)ccc4o3)c3c(N)ncnc32)C1
CHEMBL4091921,18048457,7.94,S=C(NCc1ccccc1)Nc1ccc2ncnc(Nc3cccc(Cl)c3)c2c1
CHEMBL5285192,25089032,5.5,COc1cc(/C=C2\CC(C)c3ccccc3\C2=N\O)c(Br)c(OC)c1OC
CHEMBL4091569,18060631,8.96,OCCSc1nc(-c2ccc(F)cc2)c(-c2ccnc(Nc3ccccc3)c2)[nH]1
CHEMBL380889,1715562,7.3,COc1cc2ncnc(Nc3cccc(Cl)c3F)c2cc1CN(C)[C@@H](CN(C)C)C(N)=O
CHEMBL3893822,16811412,8.0,Cc1ccc(Oc2ccc(Nc3ncnc4ccc(-c5cn(CCCCCCC(=O)NO)nn5)cc34)cc2C)cn1
CHEMBL5418539,25481295,10.05,COc1cc(N2CCC(N3C[C@H]4COC[C@H]4C3)CC2)c(C)cc1Nc1ncc(Br)c(Nc2ccc3nccnc3c2P(C)(C)=O)n1
CHEMBL6061819,28403714,7.64,N#Cc1cnc2c(Cl)cc(N[C@H](C3=CN(CC(F)(F)F)NN3)c3cccnc3)cc2c1Nc1cnc(F)c(F)c1
CHEMBL6004905,28403231,7.6,N#Cc1cnc2c(Cl)cc(N[C@H](C3=CNNN3)c3cccc4c3CN(C3COC3)C4)cc2c1Nc1ccc(F)c(Cl)c1
CHEMBL215786,1768061,8.52,COc1cc2ncnc(Nc3ccc(F)c(Cl)c3)c2cc1OCC1CCN(C)CC1
CHEMBL2064386,10967423,6.85,O=c1oc2cc3ncnc(Nc4ccc(OCc5ccccc5)cc4)c3cc2n1CCCN1CCOCC1
CHEMBL5863733,26750207,8.92,Cc1cc(C(=O)N[C@@H]2[C@H]3Oc4ccc(Oc5ccnc6c5CCC(=O)N6)cc4[C@@H]23)ccc1CN1CCN(C)CC1
CHEMBL3699593,16296917,7.7,C=CC(=O)Nc1cccc(Nc2nc(Nc3ccc(N4CCN(S(C)(=O)=O)CC4)cc3OC)ncc2C(F)(F)F)c1
CHEMBL4278886,18787523,7.67,Nc1ccc(-c2cc3c(Nc4ccc(Oc5cccc(C(F)(F)F)c5)c(Cl)c4)ncnc3s2)cc1
CHEMBL6022955,28404617,8.46,Cc1nc(F)ccc1[C@H](Nc1cc(Cl)c2ncc(C#N)c(NC3CCOC3(C)C)c2c1)C1=CN(C2(C(F)F)CC2)NN1
CHEMBL2031305,10888044,9.54,CCOc1cc2ncnc(Nc3ccc(F)c(Cl)c3)c2cc1NC(=O)CCN1CCOCC1
CHEMBL5903629,27071057,7.26,C[C@@H]1[C@H](N2CCN(C)C2=O)CCCN1c1cnc(C(N)=O)c(Nc2ccc(C3(C)CCN(C4CCCC4)CC3)cc2)n1
CHEMBL4212450,18456065,6.7,COc1cc(N2CCN(C)CC2)ccc1Nc1ncc(Cl)c(Oc2ccccc2NC(=O)CO)n1
CHEMBL5904573,28405976,7.47,COC1=C(C(Nc2cc(Cl)c3ncc(C#N)c(NCC(C)(C)C)c3c2)c2ccc(OC)nc2C)NNN1C
CHEMBL3671537,26587544,6.19,C=CC(=O)Nc1cc2c(Nc3ccc(Br)cc3F)ncnc2cc1OCC(=O)NCCN(CC)CC
CHEMBL3786523,16540079,8.1,C=CC(=O)N1C[C@H](COC)[C@@H](COc2nc(Nc3cnn(C)c3)nc3[nH]cc(Cl)c23)C1
CHEMBL2324870,12657573,6.28,NC(=S)N1N=C(c2ccc(Cl)cc2)CC1c1ccc2ccccc2c1
CHEMBL5085136,24343041,8.19,C=CC(=O)N1CCC2(CC1)CNC(=O)c1cc(-c3ccnc(-c4ccc5c(c4)OCO5)n3)[nH]c12
CHEMBL1093815,3240707,7.08,O=C(Nc1cccc(-c2nc3sccn3c2-c2ccnc(Nc3ccccc3)n2)c1)c1ccccc1Cl
CHEMBL251732,2271258,7.19,Nc1ncnc2c1c(-c1ccc3nc(Cc4ccccc4Cl)[nH]c3c1)nn2[C@H]1CC[C@H](N2CCOCC2)CC1
CHEMBL5821734,27070376,5.26,CN(C)C(=O)N[C@@H]1CCCN(c2cnc(C(N)=O)c(Nc3ccc(C(=O)N4CCCC4)cc3)n2)C1
CHEMBL5190132,24907646,8.99,Cc1cc(Nc2ncnc3cc(O)c(NC(=O)/C=C/[C@H]4CCCN4C)cc23)ccc1Oc1cnc2ccnn2c1
CHEMBL4756049,22844202,6.38,Cc1ccc(Oc2ccc(Nc3ncnc4cc(OCCCN5CCOCC5)c(NC(=O)c5cc([N+](=O)[O-])ccc5F)cc34)cc2Cl)cn1
CHEMBL489112,2390240,9.1,CN1Cc2cc3c(Nc4cccc(Br)c4)ncnc3cc21
CHEMBL5569952,25954993,5.34,C/C=C/C(=O)Nc1cc2c(Oc3ccc(NC(=O)CCCc4ccc(F)cc4)cc3F)ncnc2cc1OC
CHEMBL5290929,25018398,7.37,C=CC(=O)Nc1cc(Nc2ncc(C(=O)OC(C)C)c(-c3cn(C)c4ccccc34)n2)c(OC)cc1N(C)C[C@H]1CCCN1C
CHEMBL2032376,10883991,8.92,C=CC(=O)Nc1cccc(N2C(=O)N(C)Cc3cnc(Nc4ccc(N5CCN(C)CC5)cc4OC)nc32)c1
CHEMBL4209119,18456121,5.78,COc1cc(N2CCN(C)CC2)ccc1Nc1ncc(Cl)c(Oc2ccc(NC(=O)CCOCc3ccccc3)cc2)n1
CHEMBL3233793,14586734,8.15,O=C(/C=C/CN1CCS(=O)(=O)CC1)Nc1cc2c(Nc3ccc(F)c(Cl)c3)ncnc2s1
CHEMBL4745868,22894029,8.59,C=C(Cl)C(=O)Nc1cccc(Nc2nc(Nc3ccc(N4CCN(C(C)=O)CC4)c(C)c3)ncc2Cl)c1
CHEMBL5853228,28517117,5.17,C=CC(=O)N1CC(Nc2nc(-c3cnn(C)c3)c3c(c2F)CNC3=O)CCC1C
CHEMBL2325110,12657574,5.48,NC(=S)N1N=C(c2ccc(F)cc2)CC1c1ccc2ccccc2c1
CHEMBL5945047,28405670,8.7,Cc1nc(F)ccc1[C@H](Nc1cc(C#N)c2ncc(C#N)c(NCC(C)(C)C(F)(F)F)c2c1)C1=C(F)N(C2(C)CC2)NN1
CHEMBL3353411,15077759,5.7,C=CC(=O)Nc1cc(Nc2nccc(-c3c[nH]c4ccccc34)n2)c(OC)cc1N(C)CCN(C)C
CHEMBL3786220,16540077,6.68,C=CC(=O)N1C[C@H](COc2nc(Nc3cnn(C)c3)nc3[nH]cc(Cl)c23)[C@@H](O)C1
CHEMBL4075892,17967287,4.0,c1csc(-c2nnc(Cc3nc4ccccc4[nH]3)o2)c1
CHEMBL441518,582197,5.69,CN(C)C/C=C/C(=O)Nc1cnc2ncc(C#N)c(Nc3cccc(Br)c3)c2c1
CHEMBL5435463,25691184,8.7,C=CC(=O)Nc1cccc(-c2c(-c3ccc(N4CCOCC4)cc3)oc3ncnc(NCCO)c23)c1
CHEMBL5885084,28403222,8.05,CC(C)N1C=C([C@@H](Nc2cc(Cl)c3ncc(C#N)c(Nc4ccc(F)c(Cl)c4)c3c2)c2cccc3c2CN(C2COC2)C3)NN1
CHEMBL4756020,22814392,9.02,C=CC(=O)Nc1cc(Nc2nccc(-c3cn(C4COC4)c4ccccc34)n2)c(OC)cc1N(C)CCN(C)C
CHEMBL3753811,16435161,6.92,O=C(Nc1nccs1)Nc1cc(-c2cccnc2)ccc1OC(F)(F)F
CHEMBL5801676,28517081,5.41,C=CC(=O)N1CCCC(Nc2nc(Nc3ccc(N4CCN(C)CC4)cn3)c3c(c2F)CNC3=O)C1
CHEMBL3676348,26587727,7.19,C=CC(=O)Nc1cc2c(Nc3ccc(Cl)nc3)ncnc2cc1OCCNC(C)=O
CHEMBL3353412,15077783,4.58,C=CC(=O)Nc1cc(Nc2nccc(-c3cn(C)c4ccccc34)n2)c(OC)cc1N(C)CCNC
CHEMBL3935492,16895228,8.52,C=CC(=O)N1CC[C@H](Oc2cc3c(Nc4ccc(F)c(Cl)c4F)ncnc3cc2OC)C[C@H]1C(=O)NCCS(C)(=O)=O
CHEMBL57300,1180615,5.16,N#CC(C#N)=C1CCc2c1ccc(O)c2O
CHEMBL400413,1951294,6.68,CS(=O)(=O)N1CCCN(Cc2ccn3ncnc(Nc4ccc5c(cnn5Cc5cccc(F)c5)c4)c23)CC1
CHEMBL3950630,16808789,8.17,Cc1cc(C)nc(NS(=O)(=O)c2ccc(Nc3nncc4ccccc34)cc2)n1
CHEMBL4572443,19110264,6.49,COc1cc(Nc2ncnc3cc(-c4ccc(Br)cc4)sc23)cc(OC)c1OC
CHEMBL3676343,26587712,6.76,C=CC(=O)Nc1cc2c(Nc3c(F)cc(Br)cc3F)ncnc2cc1OCCNC(=O)CN(C)C
CHEMBL4744207,22896511,7.6,Fc1c(Nc2ncnc3cc4c(cc23)OCCO4)ccc(Cl)c1Cl
CHEMBL5989430,26941006,8.05,C=CC(=O)Nc1cc(Nc2ncc3ccc(C4=CCCCC4)n3n2)c(OC)cc1N(C)CCN(C)C
CHEMBL1988225,23203428,7.09,O=C(CNc1ccc(Cl)cc1)Nn1c(-c2ccccc2)nc2ccccc2c1=O
CHEMBL5414964,25536004,7.3,Cc1ccc(CN(C)c2ncnc3[nH]c(-c4ccc(CO)cc4)cc23)cc1
CHEMBL4250273,18676734,8.0,COc1ccc(N(c2ncnc3occ(C)c23)C(C)C)cc1
CHEMBL5866385,28405553,8.3,COc1nccc2c([C@H](Nc3cc(C#N)c4ncc(C#N)c(NCC(C)(C)C)c4c3)C3=CN([C@@H](C)CF)NN3)cccc12
CHEMBL6041084,26961406,7.4,C=CC(=O)N1CCC(n2nc(C(=O)Nc3nc4cc(F)ccc4o3)c3c(N)ncnc32)C1
CHEMBL2337364,12684835,4.41,Nc1nc(Nc2ccc(Cl)cc2F)c2c(n1)[nH]c1cccc(Cl)c12
CHEMBL4745521,22844234,8.42,CN(C)CCCOc1cc2ncnc(Nc3ccc(F)c(Cl)c3)c2cc1NC(=O)c1cc([N+](=O)[O-])ccc1F
CHEMBL2048796,10949879,8.52,O=C1Cc2c(cccc2Oc2ccc(Nc3ncnc4ccn(CCO)c34)cc2Cl)N1
CHEMBL6054187,28404350,8.7,CC(C)(C)CNc1c(C#N)cnc2c(Cl)cc(N[C@H](C3=CN(C4CC4)NN3)C3=CC=CN4NCC=C34)cc12
CHEMBL4103912,19293618,10.15,C=CC(=O)Nc1cc(Nc2nccc(-c3cn(C)c4ccc(F)cc34)n2)c(OC)cc1N(C)CCN(C)C
CHEMBL5967046,28405160,8.52,CC(C)(C)CNc1c(C#N)cnc2c(Cl)cc(N[C@H](C3=CN([C@@H]4C[C@@H]4F)NN3)c3cccc4ncccc34)cc12
CHEMBL4078023,18155521,7.7,Cc1nc(C)c(/C=C2\CN(C)C/C(=C\c3nc(C)c(C)nc3C)C2=NO)nc1C
CHEMBL5774120,27540848,7.05,C=CC(=O)N1CCCC(n2nc(-c3ccc(Oc4cccc(C(F)(F)F)n4)cc3)c(C(N)=O)c2N)C1
CHEMBL3759317,16457567,9.4,COc1cc(C(=O)NCCN(C)C)cc(OC)c1-c1cc2c(N[C@H](C)c3ccccc3)ncnc2s1
CHEMBL2316144,12615159,5.1,COc1cc(/C=C2\CCC/C(=C\c3ccccc3Br)C2=O)cc(OC)c1
CHEMBL3622677,15743434,8.1,C#Cc1cccc(Nc2ncnc3cc(OC)c(NC(=O)/C=C/CNC4CC4)cc23)c1
CHEMBL4439338,18945176,9.52,COc1cc2ncnc(Nc3ccc(OCc4cccc(F)c4)c(Cl)c3)c2cc1OCCCN1CCNCCNCC1
CHEMBL4465497,19236720,8.1,COc1cc2c(Nc3ccc(NC(=O)[C@H](c4ccccc4)N4Cc5ccccc5C4=O)cc3F)ncnc2cc1OCC1CCN(C)CC1
CHEMBL5281140,25078687,8.92,C=CC(=O)N1CCC(Oc2cc3c(Nc4ccc(Cl)c(Cl)c4F)ncnc3cc2O[C@@H](C)CC)CC1
CHEMBL5817539,28405568,8.4,Cc1ccc([C@H](Nc2cc(C#N)c3ncc(C#N)c(NCC(C)(C)C)c3c2)C2=CN(C3(C(F)F)CC3)NN2)c(C)n1
CHEMBL2426277,13446013,6.85,C=CC(=O)Nc1cc(Nc2ncc(Cl)c(-c3cnn4ccccc34)n2)c(OC)cc1N1CCN(C)CC1
CHEMBL3805238,16588579,8.01,CCOc1cc2ncnc(Nc3cccc([N+](=O)[O-])c3)c2c2c1OCCO2
CHEMBL5265881,25084778,8.92,C=CC(=O)N1CCC(n2cc(-c3cnc4ccccc4c3)c3c(N)ncnc32)C1
CHEMBL5282118,25073531,7.57,CC[C@H](C)n1nc(N2CC(C(C)(C)O)C2)c2cnc(Nc3ccnc(-c4cnn(S(=O)(=O)C5CC5)c4)n3)cc21
CHEMBL1944924,8025248,4.61,Cc1c(Cc2ccccc2)sc(NCC(=O)COc2ccc3ccccc3c2)c1C(N)=O
CHEMBL5076986,24381008,9.22,CN1CCN(C2CCN(c3ccc(Nc4ncc(Cl)c(Nc5ccccc5P(C)(C)=O)n4)cc3Cl)CC2)CC1
CHEMBL5744203,27737777,5.76,COc1ccccc1C(=O)NCc1ccc(-c2nn([C@H]3CC[C@@H](C(=O)N(C)C)CC3)c3ncnc(N)c23)cc1
CHEMBL3930965,16668425,7.54,COc1cc2ncnc(Nc3ccc(Cc4ccccn4)cc3)c2cc1NC(=O)/C=C/CN1CCCC1
CHEMBL4794223,22896508,7.68,Fc1c(Nc2ncnc3cc4c(cc23)OCCO4)ccc(Br)c1Br
CHEMBL5771960,28405550,8.4,COc1nccc2c([C@H](Nc3cc(C#N)c4ncc(C#N)c(NCC(C)(C)C)c4c3)C3=CN(C4(C5CC5)CC4)NN3)cccc12
CHEMBL3699608,16285332,7.19,C=CC(=O)Nc1cccc(Nc2nc(Nc3ccc(N4CCN(C(=O)C(C)(C)C)CC4)cc3OC)ncc2C(F)(F)F)c1
CHEMBL6018511,28403369,8.425,N#CCCC(Nc1c(C#N)cnc2c(Cl)cc(NC(c3ccc(F)nc3)c3cn(C4CC4)nn3)cc12)c1ccccc1
CHEMBL5953946,28403804,7.8,Cc1ncsc1[C@H](Nc1cc(Cl)c2ncc(C#N)c(N[C@H](C)c3ccccc3)c2c1)C1=CN(C(C)C)NN1
CHEMBL4521381,19310363,9.88,CN(C)C/C=C/C(=O)Nc1cccc(-c2c(-c3ccccc3)oc3ncnc(N[C@H](CO)c4ccccc4)c23)c1
CHEMBL3740102,16404691,5.63,C/C(=N\Nc1ncc(Cl)c(Nc2cccc(NC(=O)/C=C/CN(C)C)c2)n1)c1ccc(F)cc1
CHEMBL5179954,24907658,8.92,Cc1cc(Nc2ncnc3ccc(NC(=O)/C=C/[C@H]4CCCN4C)cc23)ccc1Oc1cc2nncn2cn1
CHEMBL4452957,19287512,7.63,CC(C)=CC[C@@H](OC(=O)/C=C\C(=O)c1cc(F)ccc1C)C1=CC(=O)c2c(O)ccc(O)c2C1=O
CHEMBL5903269,26750000,8.28,O=C1CCc2c(Oc3ccc4c(c3)[C@H]3[C@H](NC(=O)c5ccc(C(F)(F)F)c(F)c5)[C@H]3O4)ccnc2N1
CHEMBL6067939,28404944,6.99,Cc1scnc1[C@H](Nc1cc(Cl)c2ncc(C#N)c(NCC(C)(C)C)c2c1)C1=CN(C2(C(F)F)CC2)NN1
CHEMBL5558098,25866184,6.66,C=CC(=O)N1CC[C@H](n2cc(-c3ccncc3)c(-c3cccc(/C=C/c4ccc5c(c4)CN(C)C5=O)c3)n2)C1
CHEMBL247709,2038915,7.32,Fc1cccc(COc2ccc(Nc3ncnn4ccc(CN5CCCNCC5)c34)cc2Cl)c1
CHEMBL3633933,15774389,6.64,CCNC(=O)Nc1ccc2ncnc(Nc3ccc(OCc4ccccn4)c(Cl)c3)c2c1
CHEMBL4202413,18456074,5.59,COc1cc(N2CCN(C)CC2)ccc1Nc1ncc(Cl)c(Oc2cccc(NC(=O)COCc3ccccc3)c2)n1
CHEMBL5185772,24823395,6.38,COc1cc(N(C)CCN(C)C)c(NC(=O)c2nccn2C)cc1Nc1nc(-c2cn(C)c3ccccc23)c2cccnc2n1
CHEMBL3903063,16756454,6.93,C=CC(=O)Nc1cccc(Nc2nc(Nc3ccc(NC(=O)Cn4ccnc4)cc3)ncc2[N+](=O)[O-])c1
CHEMBL3674151,16268426,8.4,CC(C)n1c(Nc2ccc(F)c(Cl)c2)nc2cnc(Nc3ccc(C(=O)NN4CCN(C)CC4)cc3F)nc21
CHEMBL4567599,18994324,6.73,Cc1cc(=O)n2nc(SCc3ccc(C(C)(C)C)cc3)nc2[nH]1
CHEMBL5798780,27652667,7.26,C#CCOc1cccc(Nc2ncc(C)c(Nc3cccc(NC(=O)C=C)c3)n2)c1
CHEMBL6009400,27750368,7.779999999999999,C=CC(=O)Nc1cc(Nc2ncc(Cl)c(-c3cnc4c(ccn4C)c3)n2)c(OC)cc1N(C)CCN(C)C
CHEMBL2437467,13483448,7.93,C=CC(=O)Nc1cccc(-n2c(=O)cnc3cnc(Nc4ccc(C(N)=O)cc4)nc32)c1
CHEMBL5778795,27652880,7.26,C=CC(=O)N1Cc2ccc(Nc3nc(Nc4cccc(OC)c4)ncc3C(F)(F)F)cc2C1
CHEMBL6031721,28404569,8.52,Cc1nc(F)ccc1[C@H](Nc1cc(Cl)c2ncc(C#N)c(NCC(C)(C)C)c2c1)C1=CN(C2(CF)CC2)NN1
CHEMBL4281367,19408323,8.6,C=CC(=O)Nc1cccc(-n2c(=O)c(=O)[nH]c3cnc(Nc4ccc(N5CCN(C)CC5)cc4OC)nc32)c1
CHEMBL4763315,22835812,9.3,CS(=O)(=O)Nc1ccc(-c2cc3c(N[C@H](CO)c4ccccc4)ncnc3[nH]2)cc1
CHEMBL5177306,24848235,9.05,CN1CCN(c2ccc(-c3ccc4c(c3)C(=O)N(C(C(=O)Nc3nccs3)c3ccccc3)C4)cc2)CC1
CHEMBL3982710,16811410,7.94,COc1cc(Nc2ncnc3ccc(-c4cn(CCCCCCC(=O)NO)nn4)cc23)ccc1Oc1ccccc1
CHEMBL3233762,14586658,5.37,CN(C)CCN(C)CC(=O)Nc1cc2c(Nc3ccc(F)c(Cl)c3)ncnc2s1
CHEMBL2324872,12657571,5.98,COc1ccc(C2=NN(C(N)=S)C(c3ccc4ccccc4c3)C2)cc1
CHEMBL3234755,14571467,6.17,CN1CCN(Cc2ccc(NC(=O)c3cccc(NC(=O)c4cnc5[nH]ccc5c4)c3)cc2C(F)(F)F)CC1
CHEMBL6032856,26749577,8.8,CN(C)[C@@H]1CCN(Cc2ccc(C(=O)N[C@@H]3[C@H]4Oc5ccc(Oc6ccnc7c6CCC(=O)N7)cc5[C@@H]34)cc2C(F)(F)F)C1
CHEMBL3934539,16668221,6.87,CCC(=O)Nc1cc2c(NCc3ccccc3)ncnc2cc1OC
CHEMBL3765815,16478361,8.22,COCCOc1cc2ncnc(Nc3ccc(C(=O)NC45CC6CC(CC(C6)C4)C5)cc3)c2cc1OCCOC
CHEMBL3671476,26587355,7.33,C=CC(=O)Nc1cc2c(Nc3ccc(Br)cc3F)ncnc2cc1OCC1CCN(C(=O)C(F)(F)F)CC1
CHEMBL4288562,19408326,8.85,C=CC(=O)Nc1cccc(-n2c(=O)c(=O)n(C(C)C)c3cnc(Nc4ccc(N5CCN(C)CC5)c(C)c4)nc32)c1
CHEMBL4566193,18923694,8.92,Cn1ncc2c1OCCCCCN1/C(=N/C(=O)c3cc(F)nc-2c3)Nc2ccccc21
CHEMBL5429210,25691168,7.42,C=CC(=O)Nc1cccc(-c2c(-c3ccccc3)oc3ncnc(NCCO)c23)c1
CHEMBL5595805,26009449,8.24,C=CC(=O)Nc1cc(Nc2nccc(-c3cn(C)c4ccccc34)n2)c(OC)cc1N(C)CCN(C)CC(=O)OC
CHEMBL4759072,22921888,9.46,C=CC(=O)Nc1cc2c(Nc3ccc(F)c(Cl)c3)ncnc2cc1OCc1cn(CCCC(=O)NO)nn1
CHEMBL524117,2390179,9.12,C=CC(=O)Nc1ccc2ncnc(Cc3ccc(F)c(Cl)c3)c2n1
CHEMBL5173596,24871197,4.7,COc1cc2ncnc3c2cc1OCCOCCOc1ccc(Cl)c(c1)N3
CHEMBL4088971,18243209,6.05,OCCCc1nc(-c2ccc(F)cc2)c(-c2ccnc3[nH]ccc23)[nH]1
CHEMBL5881330,28403258,8.22,N#Cc1cnc2c(Cl)cc(N[C@H](C3=CNNN3)c3cccc4c3CNC4)cc2c1Nc1ccc(F)c(Cl)c1
CHEMBL1173789,3364631,4.6,Cc1ncc([N+](=O)[O-])n1CCOC(=O)/C=C/c1ccccc1[N+](=O)[O-]
CHEMBL5407309,25533361,7.96,CCS(=O)(=O)n1cc(-c2ccnc(Nc3cc(NC(C)=O)c4c(cnn4CCN(C)C)c3)n2)c2ccccc21
CHEMBL5908256,26768689,8.07,COc1cc2ncnc(Nc3ccc(OCc4ccccn4)c(Cl)c3)c2cc1NC(=O)/C=C/CN1C[C@@H]2OCCO[C@@H]2C1
CHEMBL5794503,28404791,8.15,CC(C)(C)CNc1c(C#N)cnc2c(C#N)cc(N[C@H](C3=CN(C4(CF)CC4)NN3)c3cccc4cnccc34)cc12
CHEMBL6030089,27737795,5.26,COc1ccccc1C(=O)NCc1ccc(-c2nn(C3CCCOC3)c3ncnc(N)c23)cc1
CHEMBL5203176,24670269,6.45,CCC(=O)N1CCC(Oc2nc(Nc3ccc(N4CCN(C)CC4)cc3)nc3ccsc23)CC1
CHEMBL5951869,28404983,7.55,Cc1nc(F)ccc1[C@H](Nc1cc(Cl)c2ncc(C#N)c(NCC(C)(C)C#N)c2c1)C1=CN(C2(C(F)(F)F)CC2)NN1
CHEMBL5809744,26749589,8.89,CN1CCN(Cc2ccc(C(=O)N[C@@H]3[C@H]4Oc5ccc(Oc6ccnc7c6CCC(=O)N7)cc5[C@@H]34)cc2)CC1
CHEMBL2047253,10944956,4.93,Nc1nc2c(c(Nc3ccc(Cl)cc3F)n1)-c1ccccc1C2
CHEMBL5179952,24670259,8.31,C=CC(=O)N1CCC(Oc2nc(Nc3ccc(N4CCN(C)CC4)cc3)nc3ccsc23)CC1
CHEMBL5558817,25870247,5.38,C=CC(=O)N1C[C@H]2C[C@@H](n3nc(-c4ccc(Oc5ccc6c(c5)ncn6C)c(C)c4)c4c(C)ncnc43)[C@@H]1C2
CHEMBL6036892,28403642,6.52,CC(C)N1C=C([C@@H](Nc2cc(Cl)c3ncc(C#N)c(N[C@H](CCO)c4ccccc4)c3c2)c2cccnc2)NN1
CHEMBL5413423,25691155,7.24,C=CC(=O)Nc1cc(-c2c(-c3ccccc3)oc3ncnc(NCC)c23)ccc1N(C)CCN(C)C
CHEMBL4276744,18783601,7.67,C=CC(=O)Nc1ccccc1Nc1nc(Nc2ccc(OCCCN3CCOCC3)cc2)ncc1Cl
CHEMBL6036819,28403585,8.22,N#Cc1cnc2c(Cl)cc(N[C@H](C3=CNNN3)c3ccc(F)nc3)cc2c1Nc1cnc(F)c(F)c1
CHEMBL2148048,12036077,7.75,CC(C(=O)NCCn1ccc2ncnc(Nc3ccc(Oc4cccc(C(F)(F)F)c4)c(Cl)c3)c21)S(C)(=O)=O
CHEMBL6039588,26750423,8.38,O=C1CCc2c(Oc3ccc4c(c3)[C@H]3[C@H](NC(=O)c5ccc(CO)c(C(F)(F)F)c5)[C@H]3O4)ccnc2N1
CHEMBL4856592,23310024,7.29,C#CC(=O)N1CCC(c2cnn3c(C(N)=O)c(-c4ccc(Oc5ccc(OC)cc5)cc4)[nH]c23)CC1
CHEMBL5193772,24749182,8.22,O=C(Nc1nccs1)C(c1ncn2c1CCC2)n1cc2c(F)cc(C#Cc3ccc(CN4CCC(O)CC4)cc3)cc2n1
CHEMBL3235204,14568929,5.06,Cc1ccc2nc(Oc3ccc(Cl)cc3)c(/C=N/NC(=O)Cn3c([N+](=O)[O-])cnc3C)cc2c1
CHEMBL3671555,26587598,7.54,C=CC(=O)Nc1cc2c(Nc3ccc(Br)cc3F)ncnc2cc1OCC(C)NC(=O)NCCC
CHEMBL4102224,18060590,8.49,CCC(=O)NCCSc1nc(-c2ccc(F)cc2)c(-c2ccnc(Nc3ccccc3)c2)[nH]1
CHEMBL214487,1766876,7.75,CC(C)S(=O)(=O)CCNCc1ccc(-c2ccc3ncnc(Nc4ccc(OCc5cccc(F)c5)c(Cl)c4)c3c2)o1
CHEMBL5977597,28722596,5.57,C=CC(=O)N1CC(Oc2cc3c(Nc4cccc(CO)c4)ncnc3cc2OC)C1
CHEMBL5413772,25599167,7.89,CCC(=O)c1cnc(Nc2ccnc(-c3cnn(S(=O)(=O)C4CC4)c3)n2)cc1N[C@@H](C)CC
CHEMBL2070193,10988324,6.1,Clc1cccc(Nc2ncnc3ccc(NCc4ccc5c(c4)OCCO5)cc23)c1
CHEMBL57251,1148095,5.77,COc1ccc(NC(=O)/C(C#N)=C/c2ccc(O)c(O)c2)c(OC)c1
CHEMBL379017,1696693,5.02,COc1cc(OC2CCN(S(C)(=O)=O)CC2)c2c(Nc3ccc(F)c(Cl)c3)ncnc2c1
CHEMBL3622641,15743472,6.29,CN(C)C/C=C/C(=O)Nc1cc2c(Nc3ccc(OCc4cccc(F)c4)c(Cl)c3)ncnc2cc1O[C@H]1CCOC1
CHEMBL3622645,15743468,8.92,C#Cc1cccc(Nc2ncnc3cc(O[C@H]4CCOC4)c(NC(=O)/C=C/CN(C)C)cc23)c1
CHEMBL5819277,27750704,7.89,C=CC(=O)Nc1cc(Nc2nccc(-c3cnc4c(ccn4C(C)C)c3)n2)c(OC)cc1N(C)CCN(C)C
CHEMBL206280,1697621,5.7,Fc1ccc(Nc2ncnc3c2NCc2cc(Br)ccc2O3)cc1Cl
CHEMBL4793944,22896510,6.11,Fc1c(Br)cc(Cl)cc1Nc1ncnc2cc3c(cc12)OCCO3
CHEMBL2347961,12722982,8.4,CN(C)CCCCC(=O)Nc1cccc(-c2c(-c3ccccc3)oc3ncnc(N[C@H](CO)c4ccccc4)c23)c1
CHEMBL5914847,26750363,8.57,CN(C)C1CCN(c2ccc(C(=O)N[C@@H]3[C@H]4Oc5ccc(Oc6ccnc7c6CCC(=O)N7)cc5[C@@H]34)cc2C(F)(F)F)CC1
CHEMBL4450824,18955874,8.81,CC(C)OCCOc1cc2ncnc(Nc3ccc(F)c(Cl)c3)c2cc1NC(=O)/C=C/CN(C)C
CHEMBL3263374,14655704,5.2,O=C1CSC(N2N=C(c3ccccc3)CC2c2ccc3ccccc3c2)=N1
CHEMBL2070201,10988328,6.04,Clc1cccc(Nc2ncnc3ccc(NCc4ccc5c(c4)OCCCCO5)cc23)c1
CHEMBL5287505,25023160,6.92,Brc1cccc(Nc2ncnc3ccc4c(c23)OCCN4)c1
CHEMBL3671505,26587445,7.6,C=CC(=O)Nc1cc2c(Nc3ccc(Br)cc3F)ncnc2cc1OCCOC
CHEMBL6015239,28405175,9.0,CC(C)(C)CNc1c(C#N)cnc2c(C#N)cc(N[C@H](C3=CN(C45CC(C4)C5)NN3)c3cccc4ncccc34)cc12
CHEMBL2064395,10967431,7.21,O=c1oc2cc3ncnc(Nc4ccc(OCc5ccc(Cl)cc5)c(Cl)c4)c3cc2n1CCCN1CCOCC1
CHEMBL5200160,26164366,4.34,c1ccc(COc2ccc(Nc3ncnc4[nH]ccc34)cc2)cc1
CHEMBL3357642,15112244,9.51,CN(C)C/C=C(/F)C(=O)Nc1cc2c(Nc3ccc(F)c(Cl)c3)ncnc2cc1O[C@H]1CCOC1
CHEMBL212965,1766863,7.92,[O-][S+]1CCN(Cc2ccc(-c3ccc4ncnc(Nc5ccc(OCc6ccccc6)c(Cl)c5)c4c3)o2)CC1
CHEMBL5806557,26749694,9.26,CCN1CCN(Cc2ccc(C(=O)N[C@@H]3[C@H]4Oc5ccc(Oc6ccnc7c6CCC(=O)N7)cc5[C@@H]34)cc2Br)CC1
CHEMBL4645726,20667651,5.75,N#CC1=C(N)N(c2nnc3c4ccccc4nc(Sc4ccc(Br)cc4)n23)C(=O)C1
CHEMBL2021575,3126322,7.96,O=C(O)[C@@H]1O[C@H]1C(=O)Nc1ccc2ncnc(Nc3cccc(Br)c3)c2c1
CHEMBL498133,2567867,7.8,Nc1ncnc(Nc2ccc3c(cnn3Cc3cccc(F)c3)c2)c1/C=N/N1CCOCC1
CHEMBL5840233,28722074,4.8,C=CC(=O)N1CCC(Oc2cc3c(Nc4cccc5cnn(C)c45)ncnc3cc2OC)CC1
CHEMBL5569412,25947804,5.82,CCCNc1nc2oc(C)c(C(=O)NNC(=O)c3cc4ccccc4oc3=O)c2c(=O)n1-c1ccccc1
CHEMBL3114689,13924677,6.11,C#Cc1cccc(Nc2ncnc3cc4c(cc23)N(C(=O)/C=C/CN2CCN(C)CC2)CCO4)c1
CHEMBL109476,6261324,5.56,COc1cc2ncc(C#N)c(Nc3ccc(C)cc3)c2cc1OC
CHEMBL5916404,28403279,8.095,CC(C)(C)N1CCC(N2C=C([C@@H](Nc3cc(Cl)c4ncc(C#N)c(Nc5ccc(F)c(Cl)c5)c4c3)c3ccc4ncsc4c3)NN2)CC1
CHEMBL5779142,28405688,8.7,Cc1nc(F)ccc1[C@H](Nc1cc(C#N)c2ncc(C#N)c(NCC(C)(C)C)c2c1)C1=CN(C(CF)CF)NN1
CHEMBL5824855,28404773,8.7,CC(C)(C)CNc1c(C#N)cnc2c(Cl)cc(N[C@H](C3=CN(C4(C#N)CC4)NN3)c3cccc4cnccc34)cc12
CHEMBL5205583,24824820,7.62,COC1CN(c2ncc(C(C)C)c3cc(Nc4ccnc(N5CC[C@@H](O)[C@@](C)(F)C5)n4)ncc23)C1
CHEMBL5792679,28403264,7.92,CCN1Cc2ccc([C@H](Nc3cc(Cl)c4ncc(C#N)c(Nc5ccc(F)c(Cl)c5)c4c3)C3=CN(C4CCN(C(C)(C)C)CC4)NN3)cc2C1
CHEMBL5760776,26811004,8.02,O=C(/C=C/CN1CCC1CO)Nc1cc2c(Nc3ccc(F)c(Cl)c3)ncnc2cc1OCC1CC1
CHEMBL4740063,22896503,8.19,Clc1cccc(Nc2ncnc3cc4c(cc23)OCCO4)c1
CHEMBL497863,2567850,7.28,Nc1ncnc(Nc2ccc3c(cnn3Cc3cccc(F)c3)c2)c1/C=N/NCC(F)(F)F
CHEMBL4440586,19218796,7.21,C#Cc1cccc(Nc2c(C#N)cnc3cc(OC)c(OC)cc23)c1
CHEMBL5980602,27558866,6.41,C=CC(=O)Nc1cc(Nc2nc(-c3cnn(C)c3)c3cc[nH]c3n2)c(OC)cc1N(C)CCN(C)C
CHEMBL4100075,18155514,5.96,Cc1nc(C)c(/C=C2\CC(C)C/C(=C\c3nc(C)c(C)nc3C)C2=O)nc1C
CHEMBL4464879,19146016,7.0,C=CC(=O)Nc1cc(Nc2nccc(-c3cn(C)c4ccccc34)n2)c(OC)cc1N(C)CCO
CHEMBL248045,2045397,5.59,COc1ccc2c(N[C@@H]3C[C@H]3c3ccccc3)c(C#N)cnc2c1
CHEMBL3960853,16739507,8.96,C[C@@H](Nc1ncnc2oc(-c3ccc(NCCN4CCOCC4)cc3)cc12)c1ccccc1
CHEMBL2420867,22814209,8.27,COc1ccc2c(c1)CCCN2c1nc(Cl)nc2ccccc12
CHEMBL4740573,22835816,9.52,COc1cc(NS(C)(=O)=O)ccc1-c1cc2c(N[C@H](CO)c3ccccc3)ncnc2[nH]1
CHEMBL6060469,28405577,8.7,Cc1nc(F)ccc1[C@H](Nc1cc(C#N)c2ncc(C#N)c(NCC(C)(C)C(F)(F)F)c2c1)C1=CN(C2(C(F)F)CC2)NN1
CHEMBL5972607,28403192,8.1,CC(C)N1C=C([C@@H](Nc2cc(Cl)c3ncc(C#N)c(Nc4ccc(F)c(Cl)c4)c3c2)c2cccc3c2CCN(C2COC2)C3)NN1
CHEMBL4643903,20708034,6.24,O=C(/C=C/CN1CCCC1)N1CCCOc2cc3ncnc(Nc4ccc(OCc5cccc(F)c5)c(Cl)c4)c3cc21
CHEMBL5779576,28403339,7.215,N#CCCC(Nc1c(C#N)cnc2c(Cl)cc(N[C@@H](C3=CN(C4CC4)NN3)c3csc4c3CCN(C3COC3)C4)cc12)c1ccccc1
CHEMBL5968820,28403618,8.7,CCC(Nc1c(C#N)cnc2c(Cl)cc(N[C@H](C3=CN(CCF)NN3)c3cccnc3)cc12)c1ccccc1
CHEMBL3676354,26587745,7.89,C=CC(=O)Nc1cc2c(Nc3cc(Cl)c(Br)cc3F)ncnc2cc1OCCNCC(C)=O
CHEMBL3753305,16444042,7.68,C=CC(=O)Nc1cccc(-n2c(=O)cc(-c3ccccc3)c3cnc(Nc4ccc(N5CCN(C)CC5)cc4OC)nc32)c1
CHEMBL6001372,28405211,7.77,CC(C)(C)CNc1c(C#N)cnc2c(Cl)cc(N[C@H](C3=CN(C4(C(F)(F)F)CC4)NN3)c3ccc(Cl)c4ncccc34)cc12
CHEMBL3425660,15257646,6.03,COc1cc(N2CCN(C)CC2)ccc1Nc1ncc(Cl)c(Oc2cccc(NC(=O)/C(C#N)=C/c3ccc(C#N)cc3)c2)n1
CHEMBL5946968,28405667,8.1,Cc1nc(F)ccc1[C@H](Nc1cc(C#N)c2ncc(C#N)c(NCC(C)(C)C(F)(F)F)c2c1)C1=C(F)N(C2(C3CC3)CC2)NN1
CHEMBL3355890,14983534,8.93,COc1cc2ncnc(Nc3cccc(Br)c3)c2cc1OCCCn1c([N+](=O)[O-])cnc1C
CHEMBL5991947,28404581,8.52,Cn1cnc2cccc([C@H](Nc3cc(Cl)c4ncc(C#N)c(NCC(C)(C)C)c4c3)C3=CN(C4(C(F)F)CC4)NN3)c21
CHEMBL3917105,16894741,7.0,O=C(CCCCCN1CCN(Cc2ccc(-c3cc4c(NCc5ccccc5)ncnc4[nH]3)cc2)CC1)NO
CHEMBL5565127,25955075,7.17,C=CC(=O)Nc1cc2c(Oc3ccc(NC(=O)n4c(=O)c(-c5ccccc5)c(C)n4C)cc3F)cccc2cc1OC
CHEMBL1271618,3521906,5.39,CN(C)C/C=C/C(=O)N1CCc2c(sc3ncnc(N[C@H](CO)Cc4ccccc4)c23)C1
CHEMBL5272747,24976280,7.88,C=CC(=O)N1CCCCCCCCCn2cc(c3ccccc32)-c2ccnc(n2)Nc2cccc1c2
CHEMBL4743998,22835797,9.52,C[C@@H](Nc1ncnc2[nH]c(-c3ccc(NS(C)(=O)=O)cc3)cc12)c1ccccc1
CHEMBL2110732,26581692,8.16,COc1cc2ncnc(Nc3ccc(F)c(Cl)c3)c2cc1NC(=O)/C=C/CN1CCCCC1
CHEMBL4749342,22892150,5.91,Cn1c(-c2csc(N/N=C\c3ccccc3)n2)nc2ccccc21
CHEMBL76589,2202716,7.0,N#CC(C#N)=C(N)/C(C#N)=C/c1ccc(O)cc1
CHEMBL4063890,18155518,7.22,COc1cc(Br)c(/C=C2\CN(C)C/C(=C\c3nc(C)c(C)nc3C)C2=O)cc1OC
CHEMBL4763967,22844232,7.5,O=C(Nc1cc2c(Nc3ccc(F)c(F)c3)ncnc2cc1OCCCN1CCOCC1)c1cc([N+](=O)[O-])ccc1F
CHEMBL3114688,13924678,7.38,C#Cc1cccc(Nc2ncnc3cc4c(cc23)N(C(=O)/C=C/CN2CCCCC2)CCO4)c1
CHEMBL3608429,15689335,8.15,C=CC(=O)N[C@@H]1CN(c2nc(Nc3cnn(C)c3)c3ncn(C(C)C)c3n2)C[C@H]1F
CHEMBL205149,1696697,8.0,COc1cc(OC2CCNCC2)c2c(Nc3ccc(F)c(Cl)c3)ncnc2c1
CHEMBL2064380,10967419,6.64,CCOC(=O)c1ccc(O)c(Nc2ncnc3cc4oc(=O)n(CCCN5CCOCC5)c4cc23)c1
CHEMBL5889117,27071237,6.26,CN1CCN([C@@H]2CCCN(c3cnc(C(N)=O)c(Nc4ccc(C5(C)CCN(C6CCCC6)CC5)cc4)n3)C2)C1=O
CHEMBL5407489,25665186,8.6,CN(C)CCn1ccc2cc(Nc3nccc(-c4sc(NS(C)(=O)=O)nc4-c4ccc(F)cc4)n3)ccc21
CHEMBL3758875,16461810,6.12,COc1cc2c(Nc3ccc(NC(=O)c4ccc(C)cc4)cc3)ncnc2cc1OCCCN1CCOCC1
CHEMBL5826359,28404986,8.7,Cc1nc(F)ccc1[C@H](Nc1cc(C#N)c2ncc(C#N)c(NCC(C)(C)C)c2c1)C1=CN(CC(F)F)NN1
CHEMBL2309507,16894461,7.0,COc1cc2ncnc(N[C@H](C)c3ccc(Cl)cc3)c2cc1OCCCCCCC(=O)NO
CHEMBL4460706,19122076,7.92,C=CC(=O)Nc1cc2c(Nc3ccc(F)c(Cl)c3)ncnc2cc1OCc1cn(Cc2ccc(Cl)cc2)nn1
CHEMBL1272061,3521892,7.0,C=CC(=O)N1CCc2c(sc3ncnc(N[C@H](CO)c4ccccc4)c23)C1
CHEMBL212954,1766865,7.55,[O-][S+]1CCN(Cc2ccc(-c3ccc4ncnc(Nc5ccc(OCc6cccc(F)c6)c(Cl)c5)c4c3)o2)CC1
CHEMBL4873984,23310027,6.98,C#CC(=O)N1CCC(c2cnn3c(C(N)=O)c(-c4ccc(Oc5ccccc5OC)cc4)[nH]c23)C1
CHEMBL5966725,28404494,8.7,CC(C)(C)CNc1c(C#N)cnc2c(C#N)cc(N[C@H](C3=CN(C4(C(F)(F)F)CC4)NN3)c3cccc4cnccc34)cc12
CHEMBL5929353,28404929,7.48,Cc1nc(F)ccc1[C@H](Nc1cc(C#N)c2ncc(C#N)c(NCC(C)(C)C#N)c2c1)C1=CN(C2(C(F)(F)F)CC2)NN1
CHEMBL3921710,16809234,7.64,CCCCN1C(=O)CS/C1=N/Nc1nncc2ccccc12
CHEMBL4282460,18765362,8.15,O=C(O)CCCC(=O)Nc1cc(Nc2cccc(Cl)c2)ncn1
CHEMBL3676388,26587853,7.06,C=CC(=O)Nc1cc2c(Nc3cc(OC)c(Cl)cc3OC)ncnc2cc1OCCNC(C)=O
CHEMBL5185207,24824819,7.72,CC(C)c1ccc(N2C[C@H](O)[C@H]2C)c2cnc(Nc3ccnc(N4CC[C@@H](O)[C@@](C)(F)C4)n3)cc12
CHEMBL5797595,28405082,7.89,Cn1nccc1[C@H](Nc1cc(Cl)c2ncc(C#N)c(NCC(C)(C)C)c2c1)C1=CN(C2(C(F)(F)F)CC2)NN1
CHEMBL5289304,24976282,9.19,C=CC(=O)N1CCCCCCCn2cc(c3ccccc32)-c2ccnc(n2)Nc2cc1ccc2OC
CHEMBL5885359,28404248,8.7,N#Cc1cnc2c(Cl)cc(N[C@H](C3=CN(CCO)NN3)c3cscn3)cc2c1Nc1ccc(F)c(Cl)c1
CHEMBL3040597,26589140,7.81,CS(=O)(=O)NCCNCc1ccc(-c2ccc3ncnc(Nc4ccc(OCc5cccc(F)c5)c(Cl)c4)c3c2)o1
CHEMBL3953221,16752367,8.4,C=CC(=O)N[C@H]1CCC[C@@H](n2c(NC(=O)c3cccc(C(F)(F)F)c3)nc3cc(C)ccc32)C1
CHEMBL3950023,16894734,7.0,C[C@@H](Nc1ncnc2[nH]c(-c3ccc(NC(=O)CCNCC(=O)NO)cc3)cc12)c1ccccc1
CHEMBL5808724,26961409,7.96,C=CC(=O)NCCCn1nc(C(=O)Nc2nc3ccccc3o2)c2c(N)ncnc21
CHEMBL5780873,26839045,8.62,CC(C)(C)CNc1ncnc2c(C#N)cc(NC(c3cn(C4CC4)nn3)c3ccccc3Cl)cc12
CHEMBL3699584,16292665,8.26,C=CC(=O)Nc1cccc(Nc2nc(Nc3ccc(N4CCN(C(=O)CO)CC4)cc3OC)ncc2C(F)(F)F)c1
CHEMBL5396086,25481279,9.92,COc1cc(N2CCC(N3CC(N(C)C)C3)CC2)c(C)cc1Nc1ncc(Cl)c(Nc2ccc3nccnc3c2P(C)(C)=O)n1
CHEMBL5835925,27653171,5.26,C=CC(=O)N1CCC(Nc2nc(Nc3ccccc3)ncc2F)CC1
CHEMBL5866125,28403792,7.77,Cc1ncsc1[C@H](Nc1cc(Cl)c2ncc(C#N)c(Nc3ccc(Cl)c(Cl)c3F)c2c1)C1=CN(C(C)C)NN1
CHEMBL5993258,28404527,8.22,CC(C)(C)CNc1c(C#N)cnc2c(F)cc(N[C@H](C3=CN(C4(C(N)=O)CCC4)NN3)c3cccc4ncsc34)cc12
CHEMBL5740592,28403807,7.8,Cc1ncsc1[C@H](Nc1cc(Cl)c2ncc(C#N)c(N[C@H](C)c3ccccc3)c2c1)C1=CN(C2CCN(C(C)(C)C)CC2)NN1
CHEMBL5946793,28517138,5.41,C=CC(=O)N1CC(Nc2nc(Nc3cccc(N4CCOCC4)c3)c3c(c2F)CNC3=O)CCC1C
CHEMBL5756489,27652676,6.26,C=CC(=O)Nc1cccc(Nc2nc(Nc3cccc(OCCCNC(=O)OC(C)(C)C)c3)ncc2C)c1
CHEMBL6057673,28403876,7.89,Cc1ocnc1[C@H](Nc1cc(Cl)c2ncc(C#N)c(Nc3ccc(F)c(Cl)c3)c2c1)C1=CN(C2CCN(C(C)(C)C)CC2)NN1
CHEMBL53711,1082448,7.68,CN(C)c1cc2c(Nc3cccc(Br)c3)ncnc2cn1
CHEMBL5919441,28405655,8.15,Cc1nc(F)ccc1[C@H](Nc1cc(C#N)c2ncc(C#N)c(NCC(C)(C)C(F)(F)F)c2c1)C1=C(F)N([C@@H](C)CF)NN1
CHEMBL4776057,22844316,7.62,CS(=O)(=O)c1cccc(C(=O)Nc2cc3c(Nc4ccc(F)c(Cl)c4)ncnc3cc2OCCCN2CCOCC2)c1F
CHEMBL6028869,28405703,8.52,CC(C)(C)CNc1c(C#N)cnc2c(C#N)cc(N[C@H](C3=CN(C4(C(F)(F)F)CC4)NN3)c3cccc4c(=O)n(CC(F)F)ccc34)cc12
CHEMBL4458344,19030005,6.86,C=CC(=O)N1CCC[C@@H](Oc2nc(Nc3ccc(N4CCOCC4)cc3)nc3[nH]cc(-c4cncc(NC)n4)c23)C1
CHEMBL3746980,16416941,4.59,CC(=O)N1N=C(c2ccc(C)cc2)CC1c1ccc(C(=O)OC(C)Cn2c([N+](=O)[O-])cnc2C)cc1
CHEMBL3671564,26587625,6.16,C=CC(=O)Nc1cc2c(Nc3ccc(Br)cc3F)ncnc2cc1OCCNC(=O)N1CCNCC1
CHEMBL3676347,26587724,6.25,C=CC(=O)Nc1cc2c(Nc3ccc(Br)c(F)c3F)ncnc2cc1OCCNC(=O)CCCN(C)C
CHEMBL474524,2503064,6.48,COc1cc2ncnc(-c3c[nH]c4cc(F)c(Cl)cc34)c2cc1OCCCN1CCOCC1
CHEMBL5087264,24349085,8.36,COc1cc(N2CCOCC2)c(-c2cnn(C)c2)cc1Nc1ncc(Cl)c(Nc2ccccc2P(C)(C)=O)n1
CHEMBL5814763,28404977,8.7,Cn1ccc2c([C@H](Nc3cc(C#N)c4ncc(C#N)c(NCC(C)(C)C)c4c3)C3=CN(C4(C(F)(F)F)CC4)NN3)cccc2c1=O
CHEMBL6021002,26961355,7.79,CC(C)N(C)C/C=C/C(=O)N1CC[C@@H](n2cc(C(=O)Nc3nc4cc(-c5ccccc5)ccc4o3)c3c(N)ncnc32)C1
CHEMBL4463005,19187641,6.38,CCOc1cc2ncc(C#N)c(Nc3ccc(F)c(Cl)c3)c2cc1NC(=O)CCCCC1CCSS1
CHEMBL5937992,27069962,5.26,CC#CC(=O)N1CCC[C@@H](N(C)c2cnc(C(N)=O)c(Nc3ccc(C(=O)N4CCOCC4)cc3)n2)C1
CHEMBL3963723,16668206,8.22,CCC(=O)Nc1cc2c(Nc3ccc4[nH]ccc4c3)ncnc2cc1OC
CHEMBL5832921,28404542,8.52,Cc1nc(F)ccc1[C@H](Nc1cc(F)c2ncc(C#N)c(NCC(C)(C)C)c2c1)C1=CN(C2(C(N)=O)CC2)NN1
CHEMBL5976416,28404674,8.52,Cc1nc(F)ccc1[C@H](Nc1cc(Cl)c2ncc(C#N)c(NCC(C)(C)C)c2c1)C1=CN(C(C)(C)C)NN1
CHEMBL111664,6261322,4.86,COc1cc2ncc(C#N)c(Nc3ccc(Cl)cc3F)c2cc1OC
CHEMBL5968479,28721696,6.35,C=CC(=O)N1CCC(Oc2cc3c(Nc4ccc(Cl)cc4Cl)ncnc3cc2OC)CC1
CHEMBL5811320,26961247,7.55,C=CC(=O)N1CCC[C@@H](n2nc(C(=O)Nc3nc4ncccc4o3)c3c(N)ncnc32)C1
CHEMBL5798951,28405634,8.52,Cc1nc(F)ccc1[C@H](Nc1cc(C#N)c2ncc(C#N)c(NCC(C)(C)C)c2c1)C1=CN(C2(C(C)C)CC2)NN1
CHEMBL3818289,16631006,8.34,O=C1N[C@H](C(=O)Nc2cc3c(Nc4ccc(F)c(Cl)c4)ncnc3cc2OCCCN2CCOCC2)CO1
CHEMBL5897419,26750411,8.89,CCN1CCC(=Cc2ccc(C(=O)N[C@@H]3[C@H]4Oc5ccc(Oc6ccnc7c6CCC(=O)N7)cc5[C@@H]34)cc2C(F)(F)F)CC1
CHEMBL54400,1082446,7.8,CNc1cc2ncnc(Nc3cccc(Br)c3)c2cn1
CHEMBL225928,1881013,8.36,CN(CCCl)CCN/N=N/c1ccc2ncnc(Nc3cccc(Cl)c3)c2c1
CHEMBL6058524,28883486,6.35,C=CC(=O)N1CC(Nc2cncc(-c3cnc(Oc4ccc(F)c(Cl)c4)nc3)c2)C1
CHEMBL598797,16894428,8.62,C#Cc1cccc(Nc2ncnc3cc(OC)c(OCCCCCCC(=O)NO)cc23)c1
CHEMBL455174,2390198,8.92,CC(=O)/C=C/C(=O)Cc1ccc2ncnc(Nc3cccc(Br)c3)c2c1
CHEMBL5266477,25066909,6.15,C=CC(=O)N1CCC(C2CCNc3c(C(N)=O)c(-c4cc(Cl)c(Cl)c(Cl)c4)nn32)CC1
CHEMBL1172877,3364628,4.57,Cc1ncc([N+](=O)[O-])n1CCOC(=O)/C=C/c1ccccc1F
CHEMBL490093,2390185,7.7,C=CC(=O)N(C)c1nc2c(Cc3ccc(F)c(Cl)c3)ncnc2cc1OCCCN1CCOCC1
CHEMBL4104658,18248417,8.28,C=CC(=O)Nc1cc(Nc2nccc(-c3cn4c5c(cccc35)CCC4)n2)c(OC)cc1N(C)CCN(C)C
CHEMBL3815115,16612235,6.61,S=C(NCCCN1CCOCC1)Nc1ccc2ncnc(Nc3cccc(Br)c3)c2c1
CHEMBL383499,1681976,7.36,CC(C)N(CC#CC(=O)Nc1cc2c(Nc3ccc(F)c(Cl)c3)ncnc2cn1)C(C)C
CHEMBL4463898,19073793,8.49,COc1cc2c(Nc3ccc(Br)cc3F)ncnc2cc1OCC1CCN(C(=O)Cn2cncc2[N+](=O)[O-])CC1
CHEMBL5286007,25078684,8.75,C=CC(=O)N1CCC(Oc2cc3c(Nc4ccc(Cl)c(Cl)c4F)ncnc3cc2OC2CCOCC2)CC1
CHEMBL1272223,3521898,5.66,C=CC(=O)N1CCc2c(sc3ncnc(N[C@H](CC)c4ccccc4)c23)C1
CHEMBL4592472,19146040,6.97,C=CC(=O)Nc1cc(Nc2nccc(-c3cn(C)c4ccccc34)n2)c(OC)cc1S(=O)(=O)CCN(C)C
CHEMBL5565435,25955028,5.38,CCCC(=O)Nc1cc2c(Oc3ccc(NC(=O)n4c(=O)c(-c5ccccc5)c(C)n4C)cc3F)cccc2cc1OC
CHEMBL3237949,14574938,5.99,CCOC(=O)C1=C(N)N(c2cccnc2)C2=C(C(=O)CC(C)(C)C2)C1c1c(C)nn(-c2ccc(Cl)cc2)c1Cl
CHEMBL5419101,25665216,7.15,CCS(=O)(=O)N1CCC(c2nc(-c3ccc(F)cc3)c(-c3ccnc(Nc4ccc(N5CCOCC5)cc4OC)n3)s2)CC1
CHEMBL3818970,16631015,7.28,CCOc1cc2ncnc(Nc3ccc(OCC4CC4)c(Cl)c3)c2cc1NC(=O)[C@@H]1COC(=O)N1
CHEMBL6006738,27072035,5.26,CC(=O)N1CCC(c2ccc(Nc3nc(N4CCC[C@@H](NC(=O)N5CCCCC5)C4)nnc3C(N)=O)cc2)CC1
CHEMBL3921347,16668205,7.1,CCC(=O)Nc1cc2c(Nc3ccc4[nH]ncc4c3)ncnc2cc1OC
CHEMBL3671572,26587652,7.5,C=CC(=O)Nc1cc2c(Nc3ccc(Br)cc3F)ncnc2cc1OCCNC(=O)CN1CCOCC1
CHEMBL4069229,18243201,6.53,C=CC(=O)Nc1cccc(-c2c[nH]c3nccc(-c4[nH]c(CCCO)nc4C(F)(F)F)c23)c1
CHEMBL5183286,24877540,8.92,CSc1nc(-c2cccc(NC(=O)c3c(F)ccc(O)c3CN3C(=O)c4ccccc4C3=O)c2)c(-c2ccnc(NC(C)=O)c2)[nH]1
CHEMBL53637,899027,8.64,C=CC(=O)Nc1ccc2ncnc(Nc3cccc(Cl)c3)c2c1
CHEMBL5882108,28404623,8.05,Cc1nc(F)ccc1[C@H](Nc1cc(F)c2ncc(C#N)c(NCC(C)(C)C)c2c1)C1=CN(C2(C(F)(F)F)CC2)NN1
CHEMBL5981483,28722020,6.92,C=CC(=O)N1CCC(Oc2cc3c(Nc4ccc(OC(F)(F)F)c(Cl)c4)ncnc3cc2OC)CC1
CHEMBL5777631,28403117,9.0,CC(C)(C)CNc1c(C#N)cnc2c(C#N)cc(N[C@H](C3=CN(C4CC4)NN3)c3cccc4ncsc34)cc12
CHEMBL5413341,25665213,7.44,CCS(=O)(=O)N1CCC(c2nc(-c3ccc(F)cc3)c(-c3ccnc(Nc4ccc(N5CCN(C)CC5)c(C)c4)n3)s2)CC1
CHEMBL3633930,15774392,7.54,CCNC(=O)Nc1ccc2ncnc(Nc3ccc(Oc4cccc(C(F)(F)F)c4)c(Cl)c3)c2c1
CHEMBL5613341,26110324,7.44,Cc1nc2cc(Br)c(Br)cc2c(=O)n1-c1ccc(Nc2nc(Nc3ccc(Br)cc3)nc(N3CCCCC3)n2)cc1
CHEMBL3647422,26589083,8.7,COCCOc1cc2ncnc(Nc3ccc(F)c(Cl)c3)c2cc1NC(=O)/C=C/[C@H]1CCCN1C
CHEMBL5180289,24749174,8.15,CCN1CCN(c2ccc(-c3cc(F)c4cn(C(C(=O)Nc5nccs5)c5ncn6c5CCC6)nc4c3)cc2)CC1
CHEMBL5075594,24408183,7.96,C=CC(=O)Nc1cccc(-n2c(=O)c(-c3ccccc3Cl)nc3cnc(Nc4ccc(OCCOC)cc4)nc32)c1
CHEMBL5834938,28404275,8.52,CCN1CCC(N2C=C([C@@H](Nc3cc(Cl)c4ncc(C#N)c(Nc5ccc(F)c(Cl)c5)c4c3)c3ccsc3)NN2)CC1
CHEMBL5808074,28517210,5.79,C=CC(=O)N1CCCC(N(C)c2nc3c(c(Nc4cnn(C)c4)n2)C(=O)NC3)C1
CHEMBL3787220,16540076,8.05,C=CC(=O)N1C[C@H](COc2nc(Nc3cnn(C)c3)nc3[nH]cc(Cl)c23)[C@@H](F)C1
CHEMBL5812367,28403342,8.3,N#CCC[C@@H](Nc1c(C#N)cnc2c(Cl)cc(N[C@H](C3=CN(C4CC4)NN3)c3csc4c3CCN(C3COC3)C4)cc12)c1ccccc1
CHEMBL250923,2047160,8.4,COc1cc2ncnc(/C=C/CCc3ccccc3)c2cc1OC
CHEMBL3357649,15112237,8.81,COc1cc2ncnc(Nc3ccc(OCc4cccc(F)c4)c(Cl)c3)c2cc1NC(=O)/C(F)=C/CN(C)C
CHEMBL5808792,27653090,6.26,C=CC(=O)N1CCC[C@@H](Nc2nc(Nc3ccc(OC)nc3)ncc2F)C1
CHEMBL401443,1951304,7.17,OC1CCN(Cc2ccn3ncnc(Nc4ccc5c(cnn5Cc5cccc(F)c5)c4)c23)CC1
CHEMBL4795296,22835794,9.4,C[C@@H](Nc1ncnc2[nH]c(-c3ccc(S(C)(=O)=O)cc3)cc12)c1ccccc1
CHEMBL3360606,14974586,9.49,COc1cc2c(Nc3ccc(F)c(Cl)c3)ncnc2cc1OCCOCCn1ccnc1[N+](=O)[O-]
CHEMBL5269317,24976281,9.33,C=CC(=O)N1CCCCCCn2cc(c3ccccc32)-c2ccnc(n2)Nc2cc1ccc2OC
