,EGFR,ErbB2,p110a,KDR,BRAF,CDK2,LCK,MET,p38a
EGFR,1.0,0.9409627169059601,0.42706171769783724,0.7160470375725968,0.655027520393267,0.6484467188545904,0.7113212876402232,0.7112579128365328,0.6446444454491631
ErbB2,0.9409627169059601,1.0,0.413637652698922,0.702117768841358,0.6546002163226076,0.6303084000865659,0.6850754670946971,0.6979674361705003,0.6351728675142413
p110a,0.42706171769783724,0.413637652698922,1.0,0.4227049329473982,0.43645909185236703,0.4239941365369449,0.4513364690054293,0.3936988596505412,0.43119443382552214
KDR,0.7160470375725968,0.702117768841358,0.4227049329473982,1.0,0.6712677375187778,0.6533787848163376,0.6876475629780096,0.7138059229454637,0.6534441759538014
BRAF,0.655027520393267,0.6546002163226076,0.43645909185236703,0.6712677375187778,1.0,0.6467545393607423,0.6729325193535356,0.6381580952374444,0.6379119495707349
CDK2,0.6484467188545904,0.6303084000865659,0.4239941365369449,0.6533787848163376,0.6467545393607423,1.0,0.6812531830137047,0.6560249367058824,0.7230930354903575
LCK,0.7113212876402232,0.6850754670946971,0.4513364690054293,0.6876475629780096,0.6729325193535356,0.6812531830137047,1.0,0.6908787889664688,0.6625812025555892
MET,0.7112579128365328,0.6979674361705003,0.3936988596505412,0.7138059229454637,0.6381580952374444,0.6560249367058824,0.6908787889664688,1.0,0.6293549286935719
p38a,0.6446444454491631,0.6351728675142413,0.43119443382552214,0.6534441759538014,0.6379119495707349,0.7230930354903575,0.6625812025555892,0.6293549286935719,1.0
