,EGFR,ErbB2,BRAF,CDK2,LCK,MET,p38a,KDR,p110a
EGFR,1.0,0.8941176470588236,0.3764705882352941,0.3176470588235294,0.4470588235294118,0.4588235294117647,0.38823529411764707,0.47058823529411764,0.11764705882352941
ErbB2,0.8941176470588236,1.0,0.4,0.32941176470588235,0.4235294117647059,0.47058823529411764,0.4,0.43529411764705883,0.11764705882352941
BRAF,0.3764705882352941,0.4,1.0,0.32941176470588235,0.38823529411764707,0.3764705882352941,0.3764705882352941,0.4,0.15294117647058825
CDK2,0.3176470588235294,0.32941176470588235,0.32941176470588235,1.0,0.3764705882352941,0.36470588235294116,0.47058823529411764,0.3411764705882353,0.10588235294117647
LCK,0.4470588235294118,0.4235294117647059,0.38823529411764707,0.3764705882352941,1.0,0.4,0.38823529411764707,0.43529411764705883,0.1411764705882353
MET,0.4588235294117647,0.47058823529411764,0.3764705882352941,0.36470588235294116,0.4,1.0,0.36470588235294116,0.47058823529411764,0.10588235294117647
p38a,0.38823529411764707,0.4,0.3764705882352941,0.47058823529411764,0.38823529411764707,0.36470588235294116,1.0,0.38823529411764707,0.1411764705882353
KDR,0.47058823529411764,0.43529411764705883,0.4,0.3411764705882353,0.43529411764705883,0.47058823529411764,0.38823529411764707,1.0,0.15294117647058825
p110a,0.11764705882352941,0.11764705882352941,0.15294117647058825,0.10588235294117647,0.1411764705882353,0.10588235294117647,0.1411764705882353,0.15294117647058825,1.0
