,EGFR,ErbB2,BRAF,CDK2,LCK,MET,p38a,KDR,p110a
EGFR,0.6089623445220651,0.5569176882661997,0.41935483870967744,0.11627906976744186,0.23846153846153847,0.22580645161290322,0.3157894736842105,0.3482142857142857,0.07142857142857142
ErbB2,0.5569176882661997,0.6050767414403778,0.25,0.15384615384615385,0.17647058823529413,0.03571428571428571,0.125,0.39779005524861877,0.0
BRAF,0.41935483870967744,0.25,0.8115154807170016,0.06666666666666667,0.5116279069767442,0.1111111111111111,0.6444444444444445,0.7481203007518797,0.16666666666666666
CDK2,0.11627906976744186,0.15384615384615385,0.06666666666666667,0.5441860465116279,0.16666666666666666,0.08695652173913043,0.08333333333333333,0.6016949152542372,0.26666666666666666
LCK,0.23846153846153847,0.17647058823529413,0.5116279069767442,0.16666666666666666,0.605074821080026,0.2878787878787879,0.48936170212765956,0.4326923076923077,0.0
MET,0.22580645161290322,0.03571428571428571,0.1111111111111111,0.08695652173913043,0.2878787878787879,0.7922722438851472,0.047619047619047616,0.5393586005830904,0.0
p38a,0.3157894736842105,0.125,0.6444444444444445,0.08333333333333333,0.48936170212765956,0.047619047619047616,0.7647547797173733,0.5,0.0
KDR,0.3482142857142857,0.39779005524861877,0.7481203007518797,0.6016949152542372,0.4326923076923077,0.5393586005830904,0.5,0.6967471143756558,0.1807909604519774
p110a,0.07142857142857142,0.0,0.16666666666666666,0.26666666666666666,0.0,0.0,0.0,0.1807909604519774,0.6395215090867264
